# IVAN text log: every string drawn, in draw order
# T <frame> <db|buf> <x> <y> <text>
T 2 buf 349 156 1. Start Game
T 2 buf 336 205 2. Continue Game
T 2 buf 336 255 3. Configuration
T 2 buf 348 305 4. Highscores
T 2 buf 372 355 5. Quit
T 2 buf 3 570 Released under the GNU
T 2 buf 3 580 General Public License
T 2 buf 3 590 More info: see COPYING
T 2 buf 718 590 IVAN v0.59
T 3 buf 30 46 What is your name? (1-20 letters)
T 3 buf 30 56 Belyer Asu
T 10 db  30 46 What is your name? (1-20 letters)
T 10 db  30 56 Belyer Asu
T 10 db  30 57           _
T 11 buf 112 150 You couldn't possibly have guessed this day would differ from any other.
T 11 buf 100 165 It began just as always. You woke up at dawn and drove off the giant spider
T 11 buf 104 180 resting on your face. On your way to work you had serious trouble avoiding
T 11 buf 100 195 the lions and pythons roaming wild around the village. After getting kicked
T 11 buf 104 210 by colony masters for being late you performed your twelve-hour routine of
T 11 buf 92 225 climbing trees, gathering bananas, climbing trees, gathering bananas, chasing
T 11 buf 88 240 monkeys that stole the first gathered bananas, carrying bananas to the village
T 11 buf 176 255 and trying to look happy when real food was distributed.
T 11 buf 100 285 Finally you were about to enjoy your free time by taking a quick dip in the
T 11 buf 112 300 nearby crocodile bay. However, at this point something unusual happened.
T 11 buf 128 315 You were summoned to the mansion of Richel Decos, the viceroy of the
T 11 buf 252 330 colony, and were led directly to him.
T 18 buf 124 105 "I have a task for you, citizen", said the viceroy picking his golden
T 18 buf 124 120 teeth, "The market price of bananas has taken a deep dive and yet the
T 18 buf 116 135 central government is about to raise taxes. I have sent appeals to high
T 18 buf 116 150 priest Petrus but received no response. I fear my enemies in Attnam are
T 18 buf 112 165 plotting against me and intercepting my messages before they reach him!"
T 18 buf 120 195 "That is why you must travel to Attnam with a letter I'll give you and
T 18 buf 120 210 deliver it to Petrus directly. Alas, you somehow have to cross the sea
T 18 buf 112 225 between. Because it's winter, all Attnamese ships are trapped by ice and
T 18 buf 100 240 I have none. Therefore you must venture through the small underwater tunnel
T 18 buf 112 255 connecting our islands. It is infested with monsters, but since you have
T 18 buf 120 270 stayed alive here so long, the trip will surely cause you no trouble."
T 18 buf 136 300 You have never been so happy! According to the mansion's traveling
T 18 buf 120 315 brochures, Attnam is a peaceful but bustling world city on a beautiful
T 18 buf 116 330 snowy fell surrounded by frozen lakes glittering in the arctic sun just
T 18 buf 112 345 like the diamonds of the imperial treasury. Not that you would believe a
T 18 buf 124 360 word. The point is that tomorrow you can finally forget your home and
T 18 buf 268 375 face the untold adventures ahead.
T 25 buf 328 225 Generating game...
T 25 buf 252 255 This may take some time, please wait.
T 169 db  704 150 AStr 9  
T 169 db  704 160 LStr 10 
T 169 db  704 170 Dex  11 
T 169 db  704 180 Agi  10 
T 169 db  704 190 End  10 
T 169 db  704 200 Per  10 
T 169 db  704 210 Int  10 
T 169 db  704 220 Wis  10 
T 169 db  704 230 Will 11 
T 169 db  704 240 Cha  10 
T 169 db  704 250 Mana 9  
T 169 db  704 260 Ht   175 cm
T 169 db  704 270 Wt   95 kg
T 169 db  704 290 HP: 37/37
T 169 db  704 310 Gold: 45
T 169 db  704 330 Wilderness
T 169 db  704 340 Day  1
T 169 db  704 350 Time 12:00
T 169 db  704 360 Turn 0
T 169 buf 13 83       enter an area and '?' to view other commands.
T 169 buf 13 73 12:00 You commence your journey to Attnam. Use direction keys to move, '>' to
T 170 db  704 150 AStr 9  
T 170 db  704 160 LStr 10 
T 170 db  704 170 Dex  11 
T 170 db  704 180 Agi  10 
T 170 db  704 190 End  10 
T 170 db  704 200 Per  10 
T 170 db  704 210 Int  10 
T 170 db  704 220 Wis  10 
T 170 db  704 230 Will 11 
T 170 db  704 240 Cha  10 
T 170 db  704 250 Mana 9  
T 170 db  704 260 Ht   175 cm
T 170 db  704 270 Wt   95 kg
T 170 db  704 290 HP: 37/37
T 170 db  704 310 Gold: 45
T 170 db  704 330 Wilderness
T 170 db  704 340 Day  1
T 170 db  704 350 Time 12:00
T 170 db  704 360 Turn 0
T 170 buf 13 83       enter an area and '?' to view other commands.
T 170 buf 13 73 12:00 You commence your journey to Attnam. Use direction keys to move, '>' to
T 170 db  704 150 AStr 9  
T 170 db  704 160 LStr 10 
T 170 db  704 170 Dex  11 
T 170 db  704 180 Agi  10 
T 170 db  704 190 End  10 
T 170 db  704 200 Per  10 
T 170 db  704 210 Int  10 
T 170 db  704 220 Wis  10 
T 170 db  704 230 Will 11 
T 170 db  704 240 Cha  10 
T 170 db  704 250 Mana 9  
T 170 db  704 260 Ht   175 cm
T 170 db  704 270 Wt   95 kg
T 170 db  704 290 HP: 37/37
T 170 db  704 310 Gold: 45
T 170 db  704 330 Wilderness
T 170 db  704 340 Day  1
T 170 db  704 350 Time 12:03
T 170 db  704 360 Turn 1
T 171 db  704 150 AStr 9  
T 171 db  704 160 LStr 10 
T 171 db  704 170 Dex  11 
T 171 db  704 180 Agi  10 
T 171 db  704 190 End  10 
T 171 db  704 200 Per  10 
T 171 db  704 210 Int  10 
T 171 db  704 220 Wis  10 
T 171 db  704 230 Will 11 
T 171 db  704 240 Cha  10 
T 171 db  704 250 Mana 9  
T 171 db  704 260 Ht   175 cm
T 171 db  704 270 Wt   95 kg
T 171 db  704 290 HP: 37/37
T 171 db  704 310 Gold: 45
T 171 db  704 330 Wilderness
T 171 db  704 340 Day  1
T 171 db  704 350 Time 12:03
T 171 db  704 360 Turn 1
T 171 db  704 150 AStr 9  
T 171 db  704 160 LStr 10 
T 171 db  704 170 Dex  11 
T 171 db  704 180 Agi  10 
T 171 db  704 190 End  10 
T 171 db  704 200 Per  10 
T 171 db  704 210 Int  10 
T 171 db  704 220 Wis  10 
T 171 db  704 230 Will 11 
T 171 db  704 240 Cha  10 
T 171 db  704 250 Mana 9  
T 171 db  704 260 Ht   175 cm
T 171 db  704 270 Wt   95 kg
T 171 db  704 290 HP: 37/37
T 171 db  704 310 Gold: 45
T 171 db  704 330 Wilderness
T 171 db  704 340 Day  1
T 171 db  704 350 Time 12:06
T 171 db  704 360 Turn 2
T 172 buf 252 225 Entering Underwater Tunnel level 1...
T 172 buf 252 255 This may take some time, please wait.
T 485 db  16 461 Belyer Asu the neutral human
T 485 db  704 150 AStr 9  
T 485 db  704 160 LStr 10 
T 485 db  704 170 Dex  11 
T 485 db  704 180 Agi  10 
T 485 db  704 190 End  10 
T 485 db  704 200 Per  10 
T 485 db  704 210 Int  10 
T 485 db  704 220 Wis  10 
T 485 db  704 230 Will 11 
T 485 db  704 240 Cha  10 
T 485 db  704 250 Mana 9  
T 485 db  704 260 Ht   175 cm
T 485 db  704 270 Wt   95 kg
T 485 db  704 290 HP: 37/37
T 485 db  704 310 Gold: 45
T 485 db  704 330 UT lvl 1
T 485 db  704 340 Day  1
T 485 db  704 350 Time 12:06
T 485 db  704 360 Turn 3
T 485 buf 13 83 12:06 Kenny the puppy opens the door.
T 485 buf 13 73 12:06 There is a granite stairway upwards here.
T 485 buf 13 63       enter an area and '?' to view other commands.
T 485 buf 13 53 12:00 You commence your journey to Attnam. Use direction keys to move, '>' to
T 486 db  16 461 Belyer Asu the neutral human
T 486 db  704 150 AStr 9  
T 486 db  704 160 LStr 10 
T 486 db  704 170 Dex  11 
T 486 db  704 180 Agi  10 
T 486 db  704 190 End  10 
T 486 db  704 200 Per  10 
T 486 db  704 210 Int  10 
T 486 db  704 220 Wis  10 
T 486 db  704 230 Will 11 
T 486 db  704 240 Cha  10 
T 486 db  704 250 Mana 9  
T 486 db  704 260 Ht   175 cm
T 486 db  704 270 Wt   95 kg
T 486 db  704 290 HP: 37/37
T 486 db  704 310 Gold: 45
T 486 db  704 330 UT lvl 1
T 486 db  704 340 Day  1
T 486 db  704 350 Time 12:06
T 486 db  704 360 Turn 3
T 486 buf 13 83 12:06 Kenny the puppy opens the door.
T 486 buf 13 73 12:06 There is a granite stairway upwards here.
T 486 buf 13 63       enter an area and '?' to view other commands.
T 486 buf 13 53 12:00 You commence your journey to Attnam. Use direction keys to move, '>' to
T 486 db  16 8 Do you want to cheat, cheater? This action cannot be undone. [y/N]
T 487 db  16 461 Belyer Asu the neutral human
T 487 db  704 150 AStr 9  
T 487 db  704 160 LStr 10 
T 487 db  704 170 Dex  11 
T 487 db  704 180 Agi  10 
T 487 db  704 190 End  10 
T 487 db  704 200 Per  10 
T 487 db  704 210 Int  10 
T 487 db  704 220 Wis  10 
T 487 db  704 230 Will 11 
T 487 db  704 240 Cha  10 
T 487 db  704 250 Mana 9  
T 487 db  704 260 Ht   175 cm
T 487 db  704 270 Wt   95 kg
T 487 db  704 290 HP: 37/37
T 487 db  704 310 Gold: 45
T 487 db  704 330 UT lvl 1
T 487 db  704 340 Day  1
T 487 db  704 350 Time 12:06
T 487 db  704 360 Turn 3
T 487 buf 13 83 12:06 Wizard mode activated.
T 487 buf 13 73 12:06 Kenny the puppy opens the door.
T 487 buf 13 63 12:06 There is a granite stairway upwards here.
T 487 buf 13 53       enter an area and '?' to view other commands.
T 487 buf 13 43 12:00 You commence your journey to Attnam. Use direction keys to move, '>' to
T 488 db  16 461 Belyer Asu the neutral human
T 488 db  704 150 AStr 9  
T 488 db  704 160 LStr 10 
T 488 db  704 170 Dex  11 
T 488 db  704 180 Agi  10 
T 488 db  704 190 End  10 
T 488 db  704 200 Per  10 
T 488 db  704 210 Int  10 
T 488 db  704 220 Wis  10 
T 488 db  704 230 Will 11 
T 488 db  704 240 Cha  10 
T 488 db  704 250 Mana 9  
T 488 db  704 260 Ht   175 cm
T 488 db  704 270 Wt   95 kg
T 488 db  704 290 HP: 37/37
T 488 db  704 310 Gold: 45
T 488 db  704 330 UT lvl 1
T 488 db  704 340 Day  1
T 488 db  704 350 Time 12:06
T 488 db  704 360 Turn 3
T 488 buf 13 83 12:06 Belyer Asu the human says "I won't rest!"
T 488 buf 13 73 12:06 Wizard mode activated.
T 488 buf 13 63 12:06 Kenny the puppy opens the door.
T 488 buf 13 53 12:06 There is a granite stairway upwards here.
T 488 buf 13 43       enter an area and '?' to view other commands.
T 488 buf 13 33 12:00 You commence your journey to Attnam. Use direction keys to move, '>' to
T 489 db  16 461 Belyer Asu the neutral human
T 489 db  704 150 AStr 9  
T 489 db  704 160 LStr 10 
T 489 db  704 170 Dex  11 
T 489 db  704 180 Agi  10 
T 489 db  704 190 End  10 
T 489 db  704 200 Per  10 
T 489 db  704 210 Int  10 
T 489 db  704 220 Wis  10 
T 489 db  704 230 Will 11 
T 489 db  704 240 Cha  10 
T 489 db  704 250 Mana 9  
T 489 db  704 260 Ht   175 cm
T 489 db  704 270 Wt   95 kg
T 489 db  704 290 HP: 37/37
T 489 db  704 310 Gold: 45
T 489 db  704 330 UT lvl 1
T 489 db  704 340 Day  1
T 489 db  704 350 Time 12:06
T 489 db  704 360 Turn 3
T 489 buf 13 83 12:06 Belyer Asu the human says "I won't rest!"
T 489 buf 13 73 12:06 Wizard mode activated.
T 489 buf 13 63 12:06 Kenny the puppy opens the door.
T 489 buf 13 53 12:06 There is a granite stairway upwards here.
T 489 buf 13 43       enter an area and '?' to view other commands.
T 489 buf 13 33 12:00 You commence your journey to Attnam. Use direction keys to move, '>' to
T 489 db  113 293 0
T 489 db  16 461 Belyer Asu the neutral human
T 489 db  704 150 AStr 9  
T 489 db  704 160 LStr 10 
T 489 db  704 170 Dex  11 
T 489 db  704 180 Agi  10 
T 489 db  704 190 End  10 
T 489 db  704 200 Per  10 
T 489 db  704 210 Int  10 
T 489 db  704 220 Wis  10 
T 489 db  704 230 Will 11 
T 489 db  704 240 Cha  10 
T 489 db  704 250 Mana 9  
T 489 db  704 260 Ht   175 cm
T 489 db  704 270 Wt   95 kg
T 489 db  704 290 HP: 37/37
T 489 db  704 310 Gold: 45
T 489 db  704 330 UT lvl 1
T 489 db  704 340 Day  1
T 489 db  704 350 Time 12:10
T 489 db  704 360 Turn 4
T 489 buf 13 83 12:06 A lantern is lying here. There is a lantern on the wall.
T 489 buf 13 73 12:06 Belyer Asu the human says "I won't rest!"
T 489 buf 13 63 12:06 Wizard mode activated.
T 489 buf 13 53 12:06 Kenny the puppy opens the door.
T 489 buf 13 43 12:06 There is a granite stairway upwards here.
T 489 buf 13 33       enter an area and '?' to view other commands.
T 489 buf 13 23 12:00 You commence your journey to Attnam. Use direction keys to move, '>' to
T 489 db  113 293 0
T 490 db  16 461 Belyer Asu the neutral human
T 490 db  704 150 AStr 9  
T 490 db  704 160 LStr 10 
T 490 db  704 170 Dex  11 
T 490 db  704 180 Agi  10 
T 490 db  704 190 End  10 
T 490 db  704 200 Per  10 
T 490 db  704 210 Int  10 
T 490 db  704 220 Wis  10 
T 490 db  704 230 Will 11 
T 490 db  704 240 Cha  10 
T 490 db  704 250 Mana 9  
T 490 db  704 260 Ht   175 cm
T 490 db  704 270 Wt   95 kg
T 490 db  704 290 HP: 37/37
T 490 db  704 310 Gold: 45
T 490 db  704 330 UT lvl 1
T 490 db  704 340 Day  1
T 490 db  704 350 Time 12:10
T 490 db  704 360 Turn 5
T 490 buf 13 83 12:06 A lantern is lying here. There is a lantern on the wall.
T 490 buf 13 73 12:06 Belyer Asu the human says "I won't rest!"
T 490 buf 13 63 12:06 Wizard mode activated.
T 490 buf 13 53 12:06 Kenny the puppy opens the door.
T 490 buf 13 43 12:06 There is a granite stairway upwards here.
T 490 buf 13 33       enter an area and '?' to view other commands.
T 490 buf 13 23 12:00 You commence your journey to Attnam. Use direction keys to move, '>' to
T 491 db  16 461 Belyer Asu the neutral human
T 491 db  704 150 AStr 9  
T 491 db  704 160 LStr 10 
T 491 db  704 170 Dex  11 
T 491 db  704 180 Agi  10 
T 491 db  704 190 End  10 
T 491 db  704 200 Per  10 
T 491 db  704 210 Int  10 
T 491 db  704 220 Wis  10 
T 491 db  704 230 Will 11 
T 491 db  704 240 Cha  10 
T 491 db  704 250 Mana 9  
T 491 db  704 260 Ht   175 cm
T 491 db  704 270 Wt   95 kg
T 491 db  704 290 HP: 37/37
T 491 db  704 310 Gold: 45
T 491 db  704 330 UT lvl 1
T 491 db  704 340 Day  1
T 491 db  704 350 Time 12:10
T 491 db  704 360 Turn 5
T 491 db  65 309 2
T 491 db  16 461 Belyer Asu the neutral human
T 491 db  704 150 AStr 9  
T 491 db  704 160 LStr 10 
T 491 db  704 170 Dex  11 
T 491 db  704 180 Agi  10 
T 491 db  704 190 End  10 
T 491 db  704 200 Per  10 
T 491 db  704 210 Int  10 
T 491 db  704 220 Wis  10 
T 491 db  704 230 Will 11 
T 491 db  704 240 Cha  10 
T 491 db  704 250 Mana 9  
T 491 db  704 260 Ht   175 cm
T 491 db  704 270 Wt   95 kg
T 491 db  704 290 HP: 37/37
T 491 db  704 310 Gold: 45
T 491 db  704 330 UT lvl 1
T 491 db  704 340 Day  1
T 491 db  704 350 Time 12:14
T 491 db  704 360 Turn 6
T 491 db  65 309 2
T 492 db  16 461 Belyer Asu the neutral human
T 492 db  704 150 AStr 9  
T 492 db  704 160 LStr 10 
T 492 db  704 170 Dex  11 
T 492 db  704 180 Agi  10 
T 492 db  704 190 End  10 
T 492 db  704 200 Per  10 
T 492 db  704 210 Int  10 
T 492 db  704 220 Wis  10 
T 492 db  704 230 Will 11 
T 492 db  704 240 Cha  10 
T 492 db  704 250 Mana 9  
T 492 db  704 260 Ht   175 cm
T 492 db  704 270 Wt   95 kg
T 492 db  704 290 HP: 37/37
T 492 db  704 310 Gold: 45
T 492 db  704 330 UT lvl 1
T 492 db  704 340 Day  1
T 492 db  704 350 Time 12:14
T 492 db  704 360 Turn 6
T 492 db  65 309 1
T 492 db  16 461 Belyer Asu the neutral human
T 492 db  704 150 AStr 9  
T 492 db  704 160 LStr 10 
T 492 db  704 170 Dex  11 
T 492 db  704 180 Agi  10 
T 492 db  704 190 End  10 
T 492 db  704 200 Per  10 
T 492 db  704 210 Int  10 
T 492 db  704 220 Wis  10 
T 492 db  704 230 Will 11 
T 492 db  704 240 Cha  10 
T 492 db  704 250 Mana 9  
T 492 db  704 260 Ht   175 cm
T 492 db  704 270 Wt   95 kg
T 492 db  704 290 HP: 37/37
T 492 db  704 310 Gold: 45
T 492 db  704 330 UT lvl 1
T 492 db  704 340 Day  1
T 492 db  704 350 Time 12:14
T 492 db  704 360 Turn 7
T 492 db  65 309 1
T 493 db  16 461 Belyer Asu the neutral human
T 493 db  704 150 AStr 9  
T 493 db  704 160 LStr 10 
T 493 db  704 170 Dex  11 
T 493 db  704 180 Agi  10 
T 493 db  704 190 End  10 
T 493 db  704 200 Per  10 
T 493 db  704 210 Int  10 
T 493 db  704 220 Wis  10 
T 493 db  704 230 Will 11 
T 493 db  704 240 Cha  10 
T 493 db  704 250 Mana 9  
T 493 db  704 260 Ht   175 cm
T 493 db  704 270 Wt   95 kg
T 493 db  704 290 HP: 37/37
T 493 db  704 310 Gold: 45
T 493 db  704 330 UT lvl 1
T 493 db  704 340 Day  1
T 493 db  704 350 Time 12:14
T 493 db  704 360 Turn 7
T 493 db  65 309 0
T 493 db  16 461 Belyer Asu the neutral human
T 493 db  704 150 AStr 9  
T 493 db  704 160 LStr 10 
T 493 db  704 170 Dex  11 
T 493 db  704 180 Agi  10 
T 493 db  704 190 End  10 
T 493 db  704 200 Per  10 
T 493 db  704 210 Int  10 
T 493 db  704 220 Wis  10 
T 493 db  704 230 Will 11 
T 493 db  704 240 Cha  10 
T 493 db  704 250 Mana 9  
T 493 db  704 260 Ht   175 cm
T 493 db  704 270 Wt   95 kg
T 493 db  704 290 HP: 37/37
T 493 db  704 310 Gold: 45
T 493 db  704 330 UT lvl 1
T 493 db  704 340 Day  1
T 493 db  704 350 Time 12:15
T 493 db  704 360 Turn 8
T 493 db  65 309 0
T 494 db  16 461 Belyer Asu the neutral human
T 494 db  704 150 AStr 9  
T 494 db  704 160 LStr 10 
T 494 db  704 170 Dex  11 
T 494 db  704 180 Agi  10 
T 494 db  704 190 End  10 
T 494 db  704 200 Per  10 
T 494 db  704 210 Int  10 
T 494 db  704 220 Wis  10 
T 494 db  704 230 Will 11 
T 494 db  704 240 Cha  10 
T 494 db  704 250 Mana 9  
T 494 db  704 260 Ht   175 cm
T 494 db  704 270 Wt   95 kg
T 494 db  704 290 HP: 37/37
T 494 db  704 310 Gold: 45
T 494 db  704 330 UT lvl 1
T 494 db  704 340 Day  1
T 494 db  704 350 Time 12:15
T 494 db  704 360 Turn 9
T 495 db  16 461 Belyer Asu the neutral human
T 495 db  704 150 AStr 9  
T 495 db  704 160 LStr 10 
T 495 db  704 170 Dex  11 
T 495 db  704 180 Agi  10 
T 495 db  704 190 End  10 
T 495 db  704 200 Per  10 
T 495 db  704 210 Int  11 
T 495 db  704 220 Wis  10 
T 495 db  704 230 Will 11 
T 495 db  704 240 Cha  10 
T 495 db  704 250 Mana 9  
T 495 db  704 260 Ht   175 cm
T 495 db  704 270 Wt   95 kg
T 495 db  704 290 HP: 37/37
T 495 db  704 310 Gold: 45
T 495 db  704 330 UT lvl 1
T 495 db  704 340 Day  1
T 495 db  704 350 Time 12:15
T 495 db  704 360 Turn 9
T 495 buf 13 83       simple.
T 495 buf 13 73 12:15 Suddenly the inner structure of the Multiverse around you looks quite
T 495 buf 13 63 12:06 A lantern is lying here. There is a lantern on the wall.
T 495 buf 13 53 12:06 Belyer Asu the human says "I won't rest!"
T 495 buf 13 43 12:06 Wizard mode activated.
T 495 buf 13 33 12:06 Kenny the puppy opens the door.
T 495 buf 13 23 12:06 There is a granite stairway upwards here.
T 495 buf 13 13       enter an area and '?' to view other commands.
T 495 db  81 341 1
T 495 db  16 461 Belyer Asu the neutral human
T 495 db  704 150 AStr 9  
T 495 db  704 160 LStr 10 
T 495 db  704 170 Dex  11 
T 495 db  704 180 Agi  10 
T 495 db  704 190 End  10 
T 495 db  704 200 Per  10 
T 495 db  704 210 Int  11 
T 495 db  704 220 Wis  10 
T 495 db  704 230 Will 11 
T 495 db  704 240 Cha  10 
T 495 db  704 250 Mana 9  
T 495 db  704 260 Ht   175 cm
T 495 db  704 270 Wt   95 kg
T 495 db  704 290 HP: 37/37
T 495 db  704 310 Gold: 45
T 495 db  704 330 UT lvl 1
T 495 db  704 340 Day  1
T 495 db  704 350 Time 12:18
T 495 db  704 360 Turn 10
T 495 buf 13 83 12:16 Kenny the puppy growls.
T 495 buf 13 73       simple.
T 495 buf 13 63 12:15 Suddenly the inner structure of the Multiverse around you looks quite
T 495 buf 13 53 12:06 A lantern is lying here. There is a lantern on the wall.
T 495 buf 13 43 12:06 Belyer Asu the human says "I won't rest!"
T 495 buf 13 33 12:06 Wizard mode activated.
T 495 buf 13 23 12:06 Kenny the puppy opens the door.
T 495 buf 13 13 12:06 There is a granite stairway upwards here.
T 495 db  81 341 1
T 496 db  16 461 Belyer Asu the neutral human
T 496 db  704 150 AStr 9  
T 496 db  704 160 LStr 10 
T 496 db  704 170 Dex  11 
T 496 db  704 180 Agi  10 
T 496 db  704 190 End  10 
T 496 db  704 200 Per  10 
T 496 db  704 210 Int  11 
T 496 db  704 220 Wis  10 
T 496 db  704 230 Will 11 
T 496 db  704 240 Cha  10 
T 496 db  704 250 Mana 9  
T 496 db  704 260 Ht   175 cm
T 496 db  704 270 Wt   95 kg
T 496 db  704 290 HP: 37/37
T 496 db  704 310 Gold: 45
T 496 db  704 330 UT lvl 1
T 496 db  704 340 Day  1
T 496 db  704 350 Time 12:18
T 496 db  704 360 Turn 10
T 496 buf 13 83 12:16 Kenny the puppy growls.
T 496 buf 13 73       simple.
T 496 buf 13 63 12:15 Suddenly the inner structure of the Multiverse around you looks quite
T 496 buf 13 53 12:06 A lantern is lying here. There is a lantern on the wall.
T 496 buf 13 43 12:06 Belyer Asu the human says "I won't rest!"
T 496 buf 13 33 12:06 Wizard mode activated.
T 496 buf 13 23 12:06 Kenny the puppy opens the door.
T 496 buf 13 13 12:06 There is a granite stairway upwards here.
T 496 db  81 341 0
T 496 db  16 461 Belyer Asu the neutral human
T 496 db  704 150 AStr 9  
T 496 db  704 160 LStr 10 
T 496 db  704 170 Dex  11 
T 496 db  704 180 Agi  10 
T 496 db  704 190 End  10 
T 496 db  704 200 Per  10 
T 496 db  704 210 Int  11 
T 496 db  704 220 Wis  10 
T 496 db  704 230 Will 11 
T 496 db  704 240 Cha  10 
T 496 db  704 250 Mana 9  
T 496 db  704 260 Ht   175 cm
T 496 db  704 270 Wt   95 kg
T 496 db  704 290 HP: 37/37
T 496 db  704 310 Gold: 45
T 496 db  704 330 UT lvl 1
T 496 db  704 340 Day  1
T 496 db  704 350 Time 12:19
T 496 db  704 360 Turn 11
T 496 db  81 341 0
T 497 db  16 461 Belyer Asu the neutral human
T 497 db  704 150 AStr 9  
T 497 db  704 160 LStr 10 
T 497 db  704 170 Dex  11 
T 497 db  704 180 Agi  10 
T 497 db  704 190 End  10 
T 497 db  704 200 Per  10 
T 497 db  704 210 Int  11 
T 497 db  704 220 Wis  10 
T 497 db  704 230 Will 11 
T 497 db  704 240 Cha  10 
T 497 db  704 250 Mana 9  
T 497 db  704 260 Ht   175 cm
T 497 db  704 270 Wt   95 kg
T 497 db  704 290 HP: 37/37
T 497 db  704 310 Gold: 45
T 497 db  704 330 UT lvl 1
T 497 db  704 340 Day  1
T 497 db  704 350 Time 12:19
T 497 db  704 360 Turn 12
T 498 db  16 461 Belyer Asu the neutral human
T 498 db  704 150 AStr 9  
T 498 db  704 160 LStr 10 
T 498 db  704 170 Dex  11 
T 498 db  704 180 Agi  10 
T 498 db  704 190 End  10 
T 498 db  704 200 Per  10 
T 498 db  704 210 Int  11 
T 498 db  704 220 Wis  10 
T 498 db  704 230 Will 11 
T 498 db  704 240 Cha  10 
T 498 db  704 250 Mana 9  
T 498 db  704 260 Ht   175 cm
T 498 db  704 270 Wt   95 kg
T 498 db  704 290 HP: 37/37
T 498 db  704 310 Gold: 45
T 498 db  704 330 UT lvl 1
T 498 db  704 340 Day  1
T 498 db  704 350 Time 12:19
T 498 db  704 360 Turn 12
T 498 db  129 357 2
T 498 db  16 461 Belyer Asu the neutral human
T 498 db  704 150 AStr 9  
T 498 db  704 160 LStr 10 
T 498 db  704 170 Dex  11 
T 498 db  704 180 Agi  10 
T 498 db  704 190 End  10 
T 498 db  704 200 Per  10 
T 498 db  704 210 Int  11 
T 498 db  704 220 Wis  10 
T 498 db  704 230 Will 11 
T 498 db  704 240 Cha  10 
T 498 db  704 250 Mana 9  
T 498 db  704 260 Ht   175 cm
T 498 db  704 270 Wt   95 kg
T 498 db  704 290 HP: 37/37
T 498 db  704 310 Gold: 45
T 498 db  704 330 UT lvl 1
T 498 db  704 340 Day  1
T 498 db  704 350 Time 12:23
T 498 db  704 360 Turn 13
T 498 db  129 357 2
T 499 db  16 461 Belyer Asu the neutral human
T 499 db  704 150 AStr 9  
T 499 db  704 160 LStr 10 
T 499 db  704 170 Dex  11 
T 499 db  704 180 Agi  10 
T 499 db  704 190 End  10 
T 499 db  704 200 Per  10 
T 499 db  704 210 Int  11 
T 499 db  704 220 Wis  10 
T 499 db  704 230 Will 11 
T 499 db  704 240 Cha  10 
T 499 db  704 250 Mana 9  
T 499 db  704 260 Ht   175 cm
T 499 db  704 270 Wt   95 kg
T 499 db  704 290 HP: 37/37
T 499 db  704 310 Gold: 45
T 499 db  704 330 UT lvl 1
T 499 db  704 340 Day  1
T 499 db  704 350 Time 12:23
T 499 db  704 360 Turn 13
T 499 db  129 357 1
T 499 db  16 461 Belyer Asu the neutral human
T 499 db  704 150 AStr 9  
T 499 db  704 160 LStr 10 
T 499 db  704 170 Dex  11 
T 499 db  704 180 Agi  10 
T 499 db  704 190 End  10 
T 499 db  704 200 Per  10 
T 499 db  704 210 Int  11 
T 499 db  704 220 Wis  10 
T 499 db  704 230 Will 11 
T 499 db  704 240 Cha  10 
T 499 db  704 250 Mana 9  
T 499 db  704 260 Ht   175 cm
T 499 db  704 270 Wt   95 kg
T 499 db  704 290 HP: 37/37
T 499 db  704 310 Gold: 45
T 499 db  704 330 UT lvl 1
T 499 db  704 340 Day  1
T 499 db  704 350 Time 12:23
T 499 db  704 360 Turn 14
T 499 db  129 357 1
T 500 db  16 461 Belyer Asu the neutral human
T 500 db  704 150 AStr 9  
T 500 db  704 160 LStr 10 
T 500 db  704 170 Dex  11 
T 500 db  704 180 Agi  10 
T 500 db  704 190 End  10 
T 500 db  704 200 Per  10 
T 500 db  704 210 Int  11 
T 500 db  704 220 Wis  10 
T 500 db  704 230 Will 11 
T 500 db  704 240 Cha  10 
T 500 db  704 250 Mana 9  
T 500 db  704 260 Ht   175 cm
T 500 db  704 270 Wt   95 kg
T 500 db  704 290 HP: 37/37
T 500 db  704 310 Gold: 45
T 500 db  704 330 UT lvl 1
T 500 db  704 340 Day  1
T 500 db  704 350 Time 12:23
T 500 db  704 360 Turn 14
T 500 db  129 357 0
T 500 db  16 461 Belyer Asu the neutral human
T 500 db  704 150 AStr 9  
T 500 db  704 160 LStr 10 
T 500 db  704 170 Dex  11 
T 500 db  704 180 Agi  10 
T 500 db  704 190 End  10 
T 500 db  704 200 Per  10 
T 500 db  704 210 Int  11 
T 500 db  704 220 Wis  10 
T 500 db  704 230 Will 11 
T 500 db  704 240 Cha  10 
T 500 db  704 250 Mana 9  
T 500 db  704 260 Ht   175 cm
T 500 db  704 270 Wt   95 kg
T 500 db  704 290 HP: 37/37
T 500 db  704 310 Gold: 45
T 500 db  704 330 UT lvl 1
T 500 db  704 340 Day  1
T 500 db  704 350 Time 12:23
T 500 db  704 360 Turn 15
T 500 db  129 357 0
T 501 db  16 461 Belyer Asu the neutral human
T 501 db  704 150 AStr 9  
T 501 db  704 160 LStr 10 
T 501 db  704 170 Dex  11 
T 501 db  704 180 Agi  10 
T 501 db  704 190 End  10 
T 501 db  704 200 Per  10 
T 501 db  704 210 Int  11 
T 501 db  704 220 Wis  10 
T 501 db  704 230 Will 11 
T 501 db  704 240 Cha  10 
T 501 db  704 250 Mana 9  
T 501 db  704 260 Ht   175 cm
T 501 db  704 270 Wt   95 kg
T 501 db  704 290 HP: 37/37
T 501 db  704 310 Gold: 45
T 501 db  704 330 UT lvl 1
T 501 db  704 340 Day  1
T 501 db  704 350 Time 12:23
T 501 db  704 360 Turn 16
T 502 db  16 461 Belyer Asu the neutral human
T 502 db  704 150 AStr 9  
T 502 db  704 160 LStr 10 
T 502 db  704 170 Dex  11 
T 502 db  704 180 Agi  10 
T 502 db  704 190 End  10 
T 502 db  704 200 Per  10 
T 502 db  704 210 Int  12 
T 502 db  704 220 Wis  10 
T 502 db  704 230 Will 11 
T 502 db  704 240 Cha  10 
T 502 db  704 250 Mana 9  
T 502 db  704 260 Ht   175 cm
T 502 db  704 270 Wt   95 kg
T 502 db  704 290 HP: 37/37
T 502 db  704 310 Gold: 45
T 502 db  704 330 UT lvl 1
T 502 db  704 340 Day  1
T 502 db  704 350 Time 12:23
T 502 db  704 360 Turn 16
T 502 buf 13 83       simple.
T 502 buf 13 73 12:23 Suddenly the inner structure of the Multiverse around you looks quite
T 502 buf 13 63 12:16 Kenny the puppy growls.
T 502 buf 13 53       simple.
T 502 buf 13 43 12:15 Suddenly the inner structure of the Multiverse around you looks quite
T 502 buf 13 33 12:06 A lantern is lying here. There is a lantern on the wall.
T 502 buf 13 23 12:06 Belyer Asu the human says "I won't rest!"
T 502 buf 13 13 12:06 Wizard mode activated.
T 502 db  145 341 0
T 502 db  16 461 Belyer Asu the neutral human
T 502 db  704 150 AStr 9  
T 502 db  704 160 LStr 10 
T 502 db  704 170 Dex  11 
T 502 db  704 180 Agi  10 
T 502 db  704 190 End  10 
T 502 db  704 200 Per  10 
T 502 db  704 210 Int  12 
T 502 db  704 220 Wis  10 
T 502 db  704 230 Will 11 
T 502 db  704 240 Cha  10 
T 502 db  704 250 Mana 9  
T 502 db  704 260 Ht   175 cm
T 502 db  704 270 Wt   95 kg
T 502 db  704 290 HP: 37/37
T 502 db  704 310 Gold: 45
T 502 db  704 330 UT lvl 1
T 502 db  704 340 Day  1
T 502 db  704 350 Time 12:27
T 502 db  704 360 Turn 17
T 502 buf 13 83 12:23 An iron axe is lying here.
T 502 buf 13 73       simple.
T 502 buf 13 63 12:23 Suddenly the inner structure of the Multiverse around you looks quite
T 502 buf 13 53 12:16 Kenny the puppy growls.
T 502 buf 13 43       simple.
T 502 buf 13 33 12:15 Suddenly the inner structure of the Multiverse around you looks quite
T 502 buf 13 23 12:06 A lantern is lying here. There is a lantern on the wall.
T 502 buf 13 13 12:06 Belyer Asu the human says "I won't rest!"
T 502 db  145 341 0
T 503 db  16 461 Belyer Asu the neutral human
T 503 db  704 150 AStr 9  
T 503 db  704 160 LStr 10 
T 503 db  704 170 Dex  11 
T 503 db  704 180 Agi  10 
T 503 db  704 190 End  10 
T 503 db  704 200 Per  10 
T 503 db  704 210 Int  12 
T 503 db  704 220 Wis  10 
T 503 db  704 230 Will 11 
T 503 db  704 240 Cha  10 
T 503 db  704 250 Mana 9  
T 503 db  704 260 Ht   175 cm
T 503 db  704 270 Wt   95 kg
T 503 db  704 290 HP: 37/37
T 503 db  704 310 Gold: 45
T 503 db  704 330 UT lvl 1
T 503 db  704 340 Day  1
T 503 db  704 350 Time 12:27
T 503 db  704 360 Turn 18
T 503 buf 13 83 12:23 An iron axe is lying here.
T 503 buf 13 73       simple.
T 503 buf 13 63 12:23 Suddenly the inner structure of the Multiverse around you looks quite
T 503 buf 13 53 12:16 Kenny the puppy growls.
T 503 buf 13 43       simple.
T 503 buf 13 33 12:15 Suddenly the inner structure of the Multiverse around you looks quite
T 503 buf 13 23 12:06 A lantern is lying here. There is a lantern on the wall.
T 503 buf 13 13 12:06 Belyer Asu the human says "I won't rest!"
T 504 db  16 461 Belyer Asu the neutral human
T 504 db  704 150 AStr 9  
T 504 db  704 160 LStr 10 
T 504 db  704 170 Dex  11 
T 504 db  704 180 Agi  10 
T 504 db  704 190 End  10 
T 504 db  704 200 Per  10 
T 504 db  704 210 Int  12 
T 504 db  704 220 Wis  10 
T 504 db  704 230 Will 11 
T 504 db  704 240 Cha  10 
T 504 db  704 250 Mana 9  
T 504 db  704 260 Ht   175 cm
T 504 db  704 270 Wt   95 kg
T 504 db  704 290 HP: 37/37
T 504 db  704 310 Gold: 45
T 504 db  704 330 UT lvl 1
T 504 db  704 340 Day  1
T 504 db  704 350 Time 12:27
T 504 db  704 360 Turn 18
T 504 db  193 309 2
T 504 db  16 461 Belyer Asu the neutral human
T 504 db  704 150 AStr 9  
T 504 db  704 160 LStr 10 
T 504 db  704 170 Dex  11 
T 504 db  704 180 Agi  10 
T 504 db  704 190 End  10 
T 504 db  704 200 Per  10 
T 504 db  704 210 Int  12 
T 504 db  704 220 Wis  10 
T 504 db  704 230 Will 11 
T 504 db  704 240 Cha  10 
T 504 db  704 250 Mana 9  
T 504 db  704 260 Ht   175 cm
T 504 db  704 270 Wt   95 kg
T 504 db  704 290 HP: 37/37
T 504 db  704 310 Gold: 45
T 504 db  704 330 UT lvl 1
T 504 db  704 340 Day  1
T 504 db  704 350 Time 12:31
T 504 db  704 360 Turn 19
T 504 db  193 309 2
T 505 db  16 461 Belyer Asu the neutral human
T 505 db  704 150 AStr 9  
T 505 db  704 160 LStr 10 
T 505 db  704 170 Dex  11 
T 505 db  704 180 Agi  10 
T 505 db  704 190 End  10 
T 505 db  704 200 Per  10 
T 505 db  704 210 Int  12 
T 505 db  704 220 Wis  10 
T 505 db  704 230 Will 11 
T 505 db  704 240 Cha  10 
T 505 db  704 250 Mana 9  
T 505 db  704 260 Ht   175 cm
T 505 db  704 270 Wt   95 kg
T 505 db  704 290 HP: 37/37
T 505 db  704 310 Gold: 45
T 505 db  704 330 UT lvl 1
T 505 db  704 340 Day  1
T 505 db  704 350 Time 12:31
T 505 db  704 360 Turn 19
T 505 db  193 309 1
T 505 db  16 461 Belyer Asu the neutral human
T 505 db  704 150 AStr 9  
T 505 db  704 160 LStr 10 
T 505 db  704 170 Dex  11 
T 505 db  704 180 Agi  10 
T 505 db  704 190 End  10 
T 505 db  704 200 Per  10 
T 505 db  704 210 Int  12 
T 505 db  704 220 Wis  10 
T 505 db  704 230 Will 11 
T 505 db  704 240 Cha  10 
T 505 db  704 250 Mana 9  
T 505 db  704 260 Ht   175 cm
T 505 db  704 270 Wt   95 kg
T 505 db  704 290 HP: 37/37
T 505 db  704 310 Gold: 45
T 505 db  704 330 UT lvl 1
T 505 db  704 340 Day  1
T 505 db  704 350 Time 12:31
T 505 db  704 360 Turn 20
T 505 db  193 309 1
T 506 db  16 461 Belyer Asu the neutral human
T 506 db  704 150 AStr 9  
T 506 db  704 160 LStr 10 
T 506 db  704 170 Dex  11 
T 506 db  704 180 Agi  10 
T 506 db  704 190 End  10 
T 506 db  704 200 Per  10 
T 506 db  704 210 Int  12 
T 506 db  704 220 Wis  10 
T 506 db  704 230 Will 11 
T 506 db  704 240 Cha  10 
T 506 db  704 250 Mana 9  
T 506 db  704 260 Ht   175 cm
T 506 db  704 270 Wt   95 kg
T 506 db  704 290 HP: 37/37
T 506 db  704 310 Gold: 45
T 506 db  704 330 UT lvl 1
T 506 db  704 340 Day  1
T 506 db  704 350 Time 12:31
T 506 db  704 360 Turn 20
T 506 db  193 309 0
T 506 db  16 461 Belyer Asu the neutral human
T 506 db  704 150 AStr 9  
T 506 db  704 160 LStr 10 
T 506 db  704 170 Dex  11 
T 506 db  704 180 Agi  10 
T 506 db  704 190 End  10 
T 506 db  704 200 Per  10 
T 506 db  704 210 Int  12 
T 506 db  704 220 Wis  10 
T 506 db  704 230 Will 11 
T 506 db  704 240 Cha  10 
T 506 db  704 250 Mana 9  
T 506 db  704 260 Ht   175 cm
T 506 db  704 270 Wt   95 kg
T 506 db  704 290 HP: 37/37
T 506 db  704 310 Gold: 45
T 506 db  704 330 UT lvl 1
T 506 db  704 340 Day  1
T 506 db  704 350 Time 12:32
T 506 db  704 360 Turn 21
T 506 buf 13 83 12:31 A vial full of light frog blood is lying here.
T 506 buf 13 73 12:23 An iron axe is lying here.
T 506 buf 13 63       simple.
T 506 buf 13 53 12:23 Suddenly the inner structure of the Multiverse around you looks quite
T 506 buf 13 43 12:16 Kenny the puppy growls.
T 506 buf 13 33       simple.
T 506 buf 13 23 12:15 Suddenly the inner structure of the Multiverse around you looks quite
T 506 buf 13 13 12:06 A lantern is lying here. There is a lantern on the wall.
T 506 db  193 309 0
T 507 db  16 461 Belyer Asu the neutral human
T 507 db  704 150 AStr 9  
T 507 db  704 160 LStr 10 
T 507 db  704 170 Dex  11 
T 507 db  704 180 Agi  10 
T 507 db  704 190 End  10 
T 507 db  704 200 Per  10 
T 507 db  704 210 Int  12 
T 507 db  704 220 Wis  10 
T 507 db  704 230 Will 11 
T 507 db  704 240 Cha  10 
T 507 db  704 250 Mana 9  
T 507 db  704 260 Ht   175 cm
T 507 db  704 270 Wt   97 kg
T 507 db  704 290 HP: 37/37
T 507 db  704 310 Gold: 45
T 507 db  704 330 UT lvl 1
T 507 db  704 340 Day  1
T 507 db  704 350 Time 12:32
T 507 db  704 360 Turn 22
T 507 buf 13 83 12:31 A vial full of light frog blood is lying here.
T 507 buf 13 73 12:23 An iron axe is lying here.
T 507 buf 13 63       simple.
T 507 buf 13 53 12:23 Suddenly the inner structure of the Multiverse around you looks quite
T 507 buf 13 43 12:16 Kenny the puppy growls.
T 507 buf 13 33       simple.
T 507 buf 13 23 12:15 Suddenly the inner structure of the Multiverse around you looks quite
T 507 buf 13 13 12:06 A lantern is lying here. There is a lantern on the wall.
T 508 db  16 461 Belyer Asu the neutral human
T 508 db  704 150 AStr 9  
T 508 db  704 160 LStr 10 
T 508 db  704 170 Dex  11 
T 508 db  704 180 Agi  10 
T 508 db  704 190 End  10 
T 508 db  704 200 Per  10 
T 508 db  704 210 Int  13 
T 508 db  704 220 Wis  10 
T 508 db  704 230 Will 11 
T 508 db  704 240 Cha  10 
T 508 db  704 250 Mana 9  
T 508 db  704 260 Ht   175 cm
T 508 db  704 270 Wt   97 kg
T 508 db  704 290 HP: 37/37
T 508 db  704 310 Gold: 45
T 508 db  704 330 UT lvl 1
T 508 db  704 340 Day  1
T 508 db  704 350 Time 12:32
T 508 db  704 360 Turn 22
T 508 buf 13 83       simple.
T 508 buf 13 73 12:32 Suddenly the inner structure of the Multiverse around you looks quite
T 508 buf 13 63 12:31 A vial full of light frog blood is lying here.
T 508 buf 13 53 12:23 An iron axe is lying here.
T 508 buf 13 43       simple.
T 508 buf 13 33 12:23 Suddenly the inner structure of the Multiverse around you looks quite
T 508 buf 13 23 12:16 Kenny the puppy growls.
T 508 buf 13 13       simple.
T 508 db  305 309 6
T 508 db  16 461 Belyer Asu the neutral human
T 508 db  704 150 AStr 9  
T 508 db  704 160 LStr 10 
T 508 db  704 170 Dex  11 
T 508 db  704 180 Agi  10 
T 508 db  704 190 End  10 
T 508 db  704 200 Per  10 
T 508 db  704 210 Int  13 
T 508 db  704 220 Wis  10 
T 508 db  704 230 Will 11 
T 508 db  704 240 Cha  10 
T 508 db  704 250 Mana 9  
T 508 db  704 260 Ht   175 cm
T 508 db  704 270 Wt   97 kg
T 508 db  704 290 HP: 37/37
T 508 db  704 310 Gold: 45
T 508 db  704 330 UT lvl 1
T 508 db  704 340 Day  1
T 508 db  704 350 Time 12:36
T 508 db  704 360 Turn 23
T 508 buf 13 83 12:36 Kenny the puppy misses the kobold!
T 508 buf 13 73 12:35 Kenny the puppy stops eating.
T 508 buf 13 63       simple.
T 508 buf 13 53 12:32 Suddenly the inner structure of the Multiverse around you looks quite
T 508 buf 13 43 12:31 A vial full of light frog blood is lying here.
T 508 buf 13 33 12:23 An iron axe is lying here.
T 508 buf 13 23       simple.
T 508 buf 13 13 12:23 Suddenly the inner structure of the Multiverse around you looks quite
T 508 db  305 309 6
T 509 db  16 461 Belyer Asu the neutral human
T 509 db  704 150 AStr 9  
T 509 db  704 160 LStr 10 
T 509 db  704 170 Dex  11 
T 509 db  704 180 Agi  10 
T 509 db  704 190 End  10 
T 509 db  704 200 Per  10 
T 509 db  704 210 Int  13 
T 509 db  704 220 Wis  10 
T 509 db  704 230 Will 11 
T 509 db  704 240 Cha  10 
T 509 db  704 250 Mana 9  
T 509 db  704 260 Ht   175 cm
T 509 db  704 270 Wt   97 kg
T 509 db  704 290 HP: 37/37
T 509 db  704 310 Gold: 45
T 509 db  704 330 UT lvl 1
T 509 db  704 340 Day  1
T 509 db  704 350 Time 12:36
T 509 db  704 360 Turn 24
T 509 db  704 380 Drinking
T 509 buf 13 83 12:36 The kobold seems to be hostile.
T 509 buf 13 73 12:36 Kenny the puppy bites the kobold! The kobold panics.
T 509 buf 13 63 12:36 The kobold critically strikes Kenny the puppy with its copper mace +1!
T 509 buf 13 53 12:36 You begin drinking the vial full of light frog blood.
T 509 buf 13 43 12:36 Kenny the puppy misses the kobold!
T 509 buf 13 33 12:35 Kenny the puppy stops eating.
T 509 buf 13 23       simple.
T 509 buf 13 13 12:32 Suddenly the inner structure of the Multiverse around you looks quite
T 509 db  305 309 6
T 509 db  16 8 Continue drinking? [y/N]
T 510 db  16 461 Belyer Asu the neutral human
T 510 db  704 150 AStr 9  
T 510 db  704 160 LStr 10 
T 510 db  704 170 Dex  11 
T 510 db  704 180 Agi  10 
T 510 db  704 190 End  10 
T 510 db  704 200 Per  10 
T 510 db  704 210 Int  13 
T 510 db  704 220 Wis  10 
T 510 db  704 230 Will 11 
T 510 db  704 240 Cha  10 
T 510 db  704 250 Mana 9  
T 510 db  704 260 Ht   175 cm
T 510 db  704 270 Wt   97 kg
T 510 db  704 290 HP: 37/37
T 510 db  704 310 Gold: 45
T 510 db  704 330 UT lvl 1
T 510 db  704 340 Day  1
T 510 db  704 350 Time 12:36
T 510 db  704 360 Turn 24
T 510 buf 13 83 12:36 You stop drinking.
T 510 buf 13 73 12:36 The kobold seems to be hostile.
T 510 buf 13 63 12:36 Kenny the puppy bites the kobold! The kobold panics.
T 510 buf 13 53 12:36 The kobold critically strikes Kenny the puppy with its copper mace +1!
T 510 buf 13 43 12:36 You begin drinking the vial full of light frog blood.
T 510 buf 13 33 12:36 Kenny the puppy misses the kobold!
T 510 buf 13 23 12:35 Kenny the puppy stops eating.
T 510 buf 13 13       simple.
T 510 db  305 309 6
T 511 db  16 461 Belyer Asu the neutral human
T 511 db  704 150 AStr 9  
T 511 db  704 160 LStr 10 
T 511 db  704 170 Dex  11 
T 511 db  704 180 Agi  10 
T 511 db  704 190 End  10 
T 511 db  704 200 Per  10 
T 511 db  704 210 Int  13 
T 511 db  704 220 Wis  10 
T 511 db  704 230 Will 11 
T 511 db  704 240 Cha  10 
T 511 db  704 250 Mana 9  
T 511 db  704 260 Ht   175 cm
T 511 db  704 270 Wt   97 kg
T 511 db  704 290 HP: 37/37
T 511 db  704 310 Gold: 45
T 511 db  704 330 UT lvl 1
T 511 db  704 340 Day  1
T 511 db  704 350 Time 12:36
T 511 db  704 360 Turn 24
T 511 buf 13 83 12:36 You stop drinking.
T 511 buf 13 73 12:36 The kobold seems to be hostile.
T 511 buf 13 63 12:36 Kenny the puppy bites the kobold! The kobold panics.
T 511 buf 13 53 12:36 The kobold critically strikes Kenny the puppy with its copper mace +1!
T 511 buf 13 43 12:36 You begin drinking the vial full of light frog blood.
T 511 buf 13 33 12:36 Kenny the puppy misses the kobold!
T 511 buf 13 23 12:35 Kenny the puppy stops eating.
T 511 buf 13 13       simple.
T 511 db  305 309 5
T 511 db  16 461 Belyer Asu the neutral human
T 511 db  704 150 AStr 9  
T 511 db  704 160 LStr 10 
T 511 db  704 170 Dex  11 
T 511 db  704 180 Agi  10 
T 511 db  704 190 End  10 
T 511 db  704 200 Per  10 
T 511 db  704 210 Int  13 
T 511 db  704 220 Wis  10 
T 511 db  704 230 Will 11 
T 511 db  704 240 Cha  10 
T 511 db  704 250 Mana 9  
T 511 db  704 260 Ht   175 cm
T 511 db  704 270 Wt   97 kg
T 511 db  704 290 HP: 37/37
T 511 db  704 310 Gold: 45
T 511 db  704 330 UT lvl 1
T 511 db  704 340 Day  1
T 511 db  704 350 Time 12:36
T 511 db  704 360 Turn 25
T 511 buf 13 83 12:36 Corpse of a zombie is lying here.
T 511 buf 13 73 12:36 You stop drinking.
T 511 buf 13 63 12:36 The kobold seems to be hostile.
T 511 buf 13 53 12:36 Kenny the puppy bites the kobold! The kobold panics.
T 511 buf 13 43 12:36 The kobold critically strikes Kenny the puppy with its copper mace +1!
T 511 buf 13 33 12:36 You begin drinking the vial full of light frog blood.
T 511 buf 13 23 12:36 Kenny the puppy misses the kobold!
T 511 buf 13 13 12:35 Kenny the puppy stops eating.
T 511 db  305 309 5
T 512 db  16 461 Belyer Asu the neutral human
T 512 db  704 150 AStr 9  
T 512 db  704 160 LStr 10 
T 512 db  704 170 Dex  11 
T 512 db  704 180 Agi  10 
T 512 db  704 190 End  10 
T 512 db  704 200 Per  10 
T 512 db  704 210 Int  13 
T 512 db  704 220 Wis  10 
T 512 db  704 230 Will 11 
T 512 db  704 240 Cha  10 
T 512 db  704 250 Mana 9  
T 512 db  704 260 Ht   175 cm
T 512 db  704 270 Wt   97 kg
T 512 db  704 290 HP: 37/37
T 512 db  704 310 Gold: 45
T 512 db  704 330 UT lvl 1
T 512 db  704 340 Day  1
T 512 db  704 350 Time 12:36
T 512 db  704 360 Turn 25
T 512 db  704 380 Burdened
T 512 buf 13 83 12:36 Corpse of a zombie is lying here.
T 512 buf 13 73 12:36 You stop drinking.
T 512 buf 13 63 12:36 The kobold seems to be hostile.
T 512 buf 13 53 12:36 Kenny the puppy bites the kobold! The kobold panics.
T 512 buf 13 43 12:36 The kobold critically strikes Kenny the puppy with its copper mace +1!
T 512 buf 13 33 12:36 You begin drinking the vial full of light frog blood.
T 512 buf 13 23 12:36 Kenny the puppy misses the kobold!
T 512 buf 13 13 12:35 Kenny the puppy stops eating.
T 512 db  305 309 4
T 512 db  16 461 Belyer Asu the neutral human
T 512 db  704 150 AStr 9  
T 512 db  704 160 LStr 10 
T 512 db  704 170 Dex  11 
T 512 db  704 180 Agi  10 
T 512 db  704 190 End  10 
T 512 db  704 200 Per  10 
T 512 db  704 210 Int  13 
T 512 db  704 220 Wis  10 
T 512 db  704 230 Will 11 
T 512 db  704 240 Cha  10 
T 512 db  704 250 Mana 9  
T 512 db  704 260 Ht   175 cm
T 512 db  704 270 Wt   97 kg
T 512 db  704 290 HP: 37/37
T 512 db  704 310 Gold: 45
T 512 db  704 330 UT lvl 1
T 512 db  704 340 Day  1
T 512 db  704 350 Time 12:37
T 512 db  704 360 Turn 26
T 512 db  704 380 Burdened
T 512 db  305 309 4
T 513 db  16 461 Belyer Asu the neutral human
T 513 db  704 150 AStr 9  
T 513 db  704 160 LStr 10 
T 513 db  704 170 Dex  11 
T 513 db  704 180 Agi  10 
T 513 db  704 190 End  10 
T 513 db  704 200 Per  10 
T 513 db  704 210 Int  13 
T 513 db  704 220 Wis  10 
T 513 db  704 230 Will 11 
T 513 db  704 240 Cha  10 
T 513 db  704 250 Mana 9  
T 513 db  704 260 Ht   175 cm
T 513 db  704 270 Wt   97 kg
T 513 db  704 290 HP: 37/37
T 513 db  704 310 Gold: 45
T 513 db  704 330 UT lvl 1
T 513 db  704 340 Day  1
T 513 db  704 350 Time 12:37
T 513 db  704 360 Turn 26
T 513 db  704 380 Burdened
T 513 db  305 309 3
T 513 db  16 461 Belyer Asu the neutral human
T 513 db  704 150 AStr 9  
T 513 db  704 160 LStr 10 
T 513 db  704 170 Dex  11 
T 513 db  704 180 Agi  10 
T 513 db  704 190 End  10 
T 513 db  704 200 Per  10 
T 513 db  704 210 Int  13 
T 513 db  704 220 Wis  10 
T 513 db  704 230 Will 11 
T 513 db  704 240 Cha  10 
T 513 db  704 250 Mana 9  
T 513 db  704 260 Ht   175 cm
T 513 db  704 270 Wt   97 kg
T 513 db  704 290 HP: 37/37
T 513 db  704 310 Gold: 45
T 513 db  704 330 UT lvl 1
T 513 db  704 340 Day  1
T 513 db  704 350 Time 12:37
T 513 db  704 360 Turn 27
T 513 db  704 380 Burdened
T 513 db  305 309 3
T 514 db  16 461 Belyer Asu the neutral human
T 514 db  704 150 AStr 9  
T 514 db  704 160 LStr 10 
T 514 db  704 170 Dex  11 
T 514 db  704 180 Agi  10 
T 514 db  704 190 End  10 
T 514 db  704 200 Per  10 
T 514 db  704 210 Int  13 
T 514 db  704 220 Wis  10 
T 514 db  704 230 Will 11 
T 514 db  704 240 Cha  10 
T 514 db  704 250 Mana 9  
T 514 db  704 260 Ht   175 cm
T 514 db  704 270 Wt   97 kg
T 514 db  704 290 HP: 37/37
T 514 db  704 310 Gold: 45
T 514 db  704 330 UT lvl 1
T 514 db  704 340 Day  1
T 514 db  704 350 Time 12:37
T 514 db  704 360 Turn 27
T 514 db  704 380 Burdened
T 514 db  305 309 2
T 514 db  16 461 Belyer Asu the neutral human
T 514 db  704 150 AStr 9  
T 514 db  704 160 LStr 10 
T 514 db  704 170 Dex  11 
T 514 db  704 180 Agi  10 
T 514 db  704 190 End  10 
T 514 db  704 200 Per  10 
T 514 db  704 210 Int  13 
T 514 db  704 220 Wis  10 
T 514 db  704 230 Will 11 
T 514 db  704 240 Cha  10 
T 514 db  704 250 Mana 9  
T 514 db  704 260 Ht   175 cm
T 514 db  704 270 Wt   97 kg
T 514 db  704 290 HP: 37/37
T 514 db  704 310 Gold: 45
T 514 db  704 330 UT lvl 1
T 514 db  704 340 Day  1
T 514 db  704 350 Time 12:37
T 514 db  704 360 Turn 28
T 514 db  704 380 Burdened
T 514 db  305 309 2
T 515 db  16 461 Belyer Asu the neutral human
T 515 db  704 150 AStr 9  
T 515 db  704 160 LStr 10 
T 515 db  704 170 Dex  11 
T 515 db  704 180 Agi  10 
T 515 db  704 190 End  10 
T 515 db  704 200 Per  10 
T 515 db  704 210 Int  13 
T 515 db  704 220 Wis  10 
T 515 db  704 230 Will 11 
T 515 db  704 240 Cha  10 
T 515 db  704 250 Mana 9  
T 515 db  704 260 Ht   175 cm
T 515 db  704 270 Wt   97 kg
T 515 db  704 290 HP: 37/37
T 515 db  704 310 Gold: 45
T 515 db  704 330 UT lvl 1
T 515 db  704 340 Day  1
T 515 db  704 350 Time 12:37
T 515 db  704 360 Turn 28
T 515 db  704 380 Burdened
T 515 db  305 309 1
T 515 db  16 461 Belyer Asu the neutral human
T 515 db  704 150 AStr 9  
T 515 db  704 160 LStr 10 
T 515 db  704 170 Dex  11 
T 515 db  704 180 Agi  10 
T 515 db  704 190 End  10 
T 515 db  704 200 Per  10 
T 515 db  704 210 Int  13 
T 515 db  704 220 Wis  10 
T 515 db  704 230 Will 11 
T 515 db  704 240 Cha  10 
T 515 db  704 250 Mana 9  
T 515 db  704 260 Ht   175 cm
T 515 db  704 270 Wt   97 kg
T 515 db  704 290 HP: 37/37
T 515 db  704 310 Gold: 45
T 515 db  704 330 UT lvl 1
T 515 db  704 340 Day  1
T 515 db  704 350 Time 12:38
T 515 db  704 360 Turn 29
T 515 db  704 380 Burdened
T 515 db  305 309 1
T 516 db  16 461 Belyer Asu the neutral human
T 516 db  704 150 AStr 9  
T 516 db  704 160 LStr 10 
T 516 db  704 170 Dex  11 
T 516 db  704 180 Agi  10 
T 516 db  704 190 End  10 
T 516 db  704 200 Per  10 
T 516 db  704 210 Int  13 
T 516 db  704 220 Wis  10 
T 516 db  704 230 Will 11 
T 516 db  704 240 Cha  10 
T 516 db  704 250 Mana 9  
T 516 db  704 260 Ht   175 cm
T 516 db  704 270 Wt   97 kg
T 516 db  704 290 HP: 37/37
T 516 db  704 310 Gold: 45
T 516 db  704 330 UT lvl 1
T 516 db  704 340 Day  1
T 516 db  704 350 Time 12:38
T 516 db  704 360 Turn 30
T 516 db  704 380 Burdened
T 516 buf 13 83 12:38 You finish drinking.
T 516 buf 13 73 12:38 You begin drinking the vial full of light frog blood.
T 516 buf 13 63 12:36 Corpse of a zombie is lying here.
T 516 buf 13 53 12:36 You stop drinking.
T 516 buf 13 43 12:36 The kobold seems to be hostile.
T 516 buf 13 33 12:36 Kenny the puppy bites the kobold! The kobold panics.
T 516 buf 13 23 12:36 The kobold critically strikes Kenny the puppy with its copper mace +1!
T 516 buf 13 13 12:36 You begin drinking the vial full of light frog blood.
T 516 db  305 309 1
T 517 db  16 461 Belyer Asu the neutral human
T 517 db  704 150 AStr 9  
T 517 db  704 160 LStr 10 
T 517 db  704 170 Dex  11 
T 517 db  704 180 Agi  10 
T 517 db  704 190 End  10 
T 517 db  704 200 Per  10 
T 517 db  704 210 Int  13 
T 517 db  704 220 Wis  10 
T 517 db  704 230 Will 11 
T 517 db  704 240 Cha  10 
T 517 db  704 250 Mana 9  
T 517 db  704 260 Ht   175 cm
T 517 db  704 270 Wt   97 kg
T 517 db  704 290 HP: 37/37
T 517 db  704 310 Gold: 45
T 517 db  704 330 UT lvl 1
T 517 db  704 340 Day  1
T 517 db  704 350 Time 12:38
T 517 db  704 360 Turn 30
T 517 db  704 380 Burdened
T 517 buf 13 83 12:38 You finish drinking.
T 517 buf 13 73 12:38 You begin drinking the vial full of light frog blood.
T 517 buf 13 63 12:36 Corpse of a zombie is lying here.
T 517 buf 13 53 12:36 You stop drinking.
T 517 buf 13 43 12:36 The kobold seems to be hostile.
T 517 buf 13 33 12:36 Kenny the puppy bites the kobold! The kobold panics.
T 517 buf 13 23 12:36 The kobold critically strikes Kenny the puppy with its copper mace +1!
T 517 buf 13 13 12:36 You begin drinking the vial full of light frog blood.
T 517 db  305 309 0
T 517 db  16 461 Belyer Asu the neutral human
T 517 db  704 150 AStr 9  
T 517 db  704 160 LStr 10 
T 517 db  704 170 Dex  11 
T 517 db  704 180 Agi  10 
T 517 db  704 190 End  10 
T 517 db  704 200 Per  10 
T 517 db  704 210 Int  13 
T 517 db  704 220 Wis  10 
T 517 db  704 230 Will 11 
T 517 db  704 240 Cha  10 
T 517 db  704 250 Mana 9  
T 517 db  704 260 Ht   175 cm
T 517 db  704 270 Wt   97 kg
T 517 db  704 290 HP: 37/37
T 517 db  704 310 Gold: 45
T 517 db  704 330 UT lvl 1
T 517 db  704 340 Day  1
T 517 db  704 350 Time 12:39
T 517 db  704 360 Turn 31
T 517 db  704 380 Burdened
T 517 db  305 309 0
T 518 db  16 461 Belyer Asu the neutral human
T 518 db  704 150 AStr 9  
T 518 db  704 160 LStr 10 
T 518 db  704 170 Dex  11 
T 518 db  704 180 Agi  10 
T 518 db  704 190 End  10 
T 518 db  704 200 Per  10 
T 518 db  704 210 Int  13 
T 518 db  704 220 Wis  10 
T 518 db  704 230 Will 11 
T 518 db  704 240 Cha  10 
T 518 db  704 250 Mana 9  
T 518 db  704 260 Ht   175 cm
T 518 db  704 270 Wt   97 kg
T 518 db  704 290 HP: 37/37
T 518 db  704 310 Gold: 45
T 518 db  704 330 UT lvl 1
T 518 db  704 340 Day  1
T 518 db  704 350 Time 12:39
T 518 db  704 360 Turn 32
T 518 db  704 380 Burdened
T 519 db  16 461 Belyer Asu the neutral human
T 519 db  704 150 AStr 9  
T 519 db  704 160 LStr 10 
T 519 db  704 170 Dex  11 
T 519 db  704 180 Agi  10 
T 519 db  704 190 End  10 
T 519 db  704 200 Per  10 
T 519 db  704 210 Int  13 
T 519 db  704 220 Wis  10 
T 519 db  704 230 Will 11 
T 519 db  704 240 Cha  10 
T 519 db  704 250 Mana 9  
T 519 db  704 260 Ht   175 cm
T 519 db  704 270 Wt   97 kg
T 519 db  704 290 HP: 37/37
T 519 db  704 310 Gold: 45
T 519 db  704 330 UT lvl 1
T 519 db  704 340 Day  1
T 519 db  704 350 Time 12:39
T 519 db  704 360 Turn 32
T 519 db  704 380 Burdened
T 519 db  401 309 5
T 519 db  16 461 Belyer Asu the neutral human
T 519 db  704 150 AStr 9  
T 519 db  704 160 LStr 10 
T 519 db  704 170 Dex  11 
T 519 db  704 180 Agi  10 
T 519 db  704 190 End  10 
T 519 db  704 200 Per  10 
T 519 db  704 210 Int  13 
T 519 db  704 220 Wis  10 
T 519 db  704 230 Will 11 
T 519 db  704 240 Cha  10 
T 519 db  704 250 Mana 9  
T 519 db  704 260 Ht   175 cm
T 519 db  704 270 Wt   97 kg
T 519 db  704 290 HP: 37/37
T 519 db  704 310 Gold: 45
T 519 db  704 330 UT lvl 1
T 519 db  704 340 Day  1
T 519 db  704 350 Time 12:43
T 519 db  704 360 Turn 33
T 519 db  704 380 Burdened
T 519 db  401 309 5
T 520 db  16 461 Belyer Asu the neutral human
T 520 db  704 150 AStr 9  
T 520 db  704 160 LStr 10 
T 520 db  704 170 Dex  11 
T 520 db  704 180 Agi  10 
T 520 db  704 190 End  10 
T 520 db  704 200 Per  10 
T 520 db  704 210 Int  13 
T 520 db  704 220 Wis  10 
T 520 db  704 230 Will 11 
T 520 db  704 240 Cha  10 
T 520 db  704 250 Mana 9  
T 520 db  704 260 Ht   175 cm
T 520 db  704 270 Wt   97 kg
T 520 db  704 290 HP: 37/37
T 520 db  704 310 Gold: 45
T 520 db  704 330 UT lvl 1
T 520 db  704 340 Day  1
T 520 db  704 350 Time 12:43
T 520 db  704 360 Turn 33
T 520 db  704 380 Burdened
T 520 buf 13 83 12:43 You displace Kenny the puppy!
T 520 buf 13 73 12:38 You finish drinking.
T 520 buf 13 63 12:38 You begin drinking the vial full of light frog blood.
T 520 buf 13 53 12:36 Corpse of a zombie is lying here.
T 520 buf 13 43 12:36 You stop drinking.
T 520 buf 13 33 12:36 The kobold seems to be hostile.
T 520 buf 13 23 12:36 Kenny the puppy bites the kobold! The kobold panics.
T 520 buf 13 13 12:36 The kobold critically strikes Kenny the puppy with its copper mace +1!
T 520 db  401 309 4
T 520 db  16 461 Belyer Asu the neutral human
T 520 db  704 150 AStr 9  
T 520 db  704 160 LStr 10 
T 520 db  704 170 Dex  11 
T 520 db  704 180 Agi  10 
T 520 db  704 190 End  10 
T 520 db  704 200 Per  10 
T 520 db  704 210 Int  13 
T 520 db  704 220 Wis  10 
T 520 db  704 230 Will 11 
T 520 db  704 240 Cha  10 
T 520 db  704 250 Mana 9  
T 520 db  704 260 Ht   175 cm
T 520 db  704 270 Wt   97 kg
T 520 db  704 290 HP: 37/37
T 520 db  704 310 Gold: 45
T 520 db  704 330 UT lvl 1
T 520 db  704 340 Day  1
T 520 db  704 350 Time 12:43
T 520 db  704 360 Turn 34
T 520 db  704 380 Burdened
T 520 db  401 309 4
T 521 db  16 461 Belyer Asu the neutral human
T 521 db  704 150 AStr 9  
T 521 db  704 160 LStr 10 
T 521 db  704 170 Dex  11 
T 521 db  704 180 Agi  10 
T 521 db  704 190 End  10 
T 521 db  704 200 Per  10 
T 521 db  704 210 Int  13 
T 521 db  704 220 Wis  10 
T 521 db  704 230 Will 11 
T 521 db  704 240 Cha  10 
T 521 db  704 250 Mana 9  
T 521 db  704 260 Ht   175 cm
T 521 db  704 270 Wt   97 kg
T 521 db  704 290 HP: 37/37
T 521 db  704 310 Gold: 45
T 521 db  704 330 UT lvl 1
T 521 db  704 340 Day  1
T 521 db  704 350 Time 12:43
T 521 db  704 360 Turn 34
T 521 db  704 380 Burdened
T 521 buf 13 83 12:43 You displace Kenny the puppy!
T 521 buf 13 73 12:38 You finish drinking.
T 521 buf 13 63 12:38 You begin drinking the vial full of light frog blood.
T 521 buf 13 53 12:36 Corpse of a zombie is lying here.
T 521 buf 13 43 12:36 You stop drinking.
T 521 buf 13 33 12:36 The kobold seems to be hostile.
T 521 buf 13 23 12:36 Kenny the puppy bites the kobold! The kobold panics.
T 521 buf 13 13 12:36 The kobold critically strikes Kenny the puppy with its copper mace +1!
T 521 db  401 309 3
T 521 db  16 461 Belyer Asu the neutral human
T 521 db  704 150 AStr 9  
T 521 db  704 160 LStr 10 
T 521 db  704 170 Dex  11 
T 521 db  704 180 Agi  10 
T 521 db  704 190 End  10 
T 521 db  704 200 Per  10 
T 521 db  704 210 Int  13 
T 521 db  704 220 Wis  10 
T 521 db  704 230 Will 11 
T 521 db  704 240 Cha  10 
T 521 db  704 250 Mana 9  
T 521 db  704 260 Ht   175 cm
T 521 db  704 270 Wt   97 kg
T 521 db  704 290 HP: 37/37
T 521 db  704 310 Gold: 45
T 521 db  704 330 UT lvl 1
T 521 db  704 340 Day  1
T 521 db  704 350 Time 12:44
T 521 db  704 360 Turn 35
T 521 db  704 380 Burdened
T 521 db  401 309 3
T 522 db  16 461 Belyer Asu the neutral human
T 522 db  704 150 AStr 9  
T 522 db  704 160 LStr 10 
T 522 db  704 170 Dex  11 
T 522 db  704 180 Agi  10 
T 522 db  704 190 End  10 
T 522 db  704 200 Per  10 
T 522 db  704 210 Int  13 
T 522 db  704 220 Wis  10 
T 522 db  704 230 Will 11 
T 522 db  704 240 Cha  10 
T 522 db  704 250 Mana 9  
T 522 db  704 260 Ht   175 cm
T 522 db  704 270 Wt   97 kg
T 522 db  704 290 HP: 37/37
T 522 db  704 310 Gold: 45
T 522 db  704 330 UT lvl 1
T 522 db  704 340 Day  1
T 522 db  704 350 Time 12:44
T 522 db  704 360 Turn 36
T 522 db  704 380 Eating
T 522 db  704 390 Burdened
T 522 buf 13 83 12:44 You feel that this was an evil deed.
T 522 buf 13 73 12:44 You begin eating the corpse of a zombie.
T 522 buf 13 63 12:43 You displace Kenny the puppy!
T 522 buf 13 53 12:38 You finish drinking.
T 522 buf 13 43 12:38 You begin drinking the vial full of light frog blood.
T 522 buf 13 33 12:36 Corpse of a zombie is lying here.
T 522 buf 13 23 12:36 You stop drinking.
T 522 buf 13 13 12:36 The kobold seems to be hostile.
T 522 db  401 309 3
T 523 db  16 461 Belyer Asu the neutral human
T 523 db  704 150 AStr 9  
T 523 db  704 160 LStr 10 
T 523 db  704 170 Dex  11 
T 523 db  704 180 Agi  10 
T 523 db  704 190 End  10 
T 523 db  704 200 Per  10 
T 523 db  704 210 Int  13 
T 523 db  704 220 Wis  10 
T 523 db  704 230 Will 11 
T 523 db  704 240 Cha  10 
T 523 db  704 250 Mana 9  
T 523 db  704 260 Ht   175 cm
T 523 db  704 270 Wt   97 kg
T 523 db  704 290 HP: 37/37
T 523 db  704 310 Gold: 45
T 523 db  704 330 UT lvl 1
T 523 db  704 340 Day  1
T 523 db  704 350 Time 12:44
T 523 db  704 360 Turn 36
T 523 db  704 380 Eating
T 523 db  704 390 Burdened
T 523 db  401 309 3
T 524 db  16 461 Belyer Asu the neutral human
T 524 db  704 150 AStr 9  
T 524 db  704 160 LStr 10 
T 524 db  704 170 Dex  11 
T 524 db  704 180 Agi  10 
T 524 db  704 190 End  10 
T 524 db  704 200 Per  10 
T 524 db  704 210 Int  13 
T 524 db  704 220 Wis  10 
T 524 db  704 230 Will 11 
T 524 db  704 240 Cha  10 
T 524 db  704 250 Mana 9  
T 524 db  704 260 Ht   175 cm
T 524 db  704 270 Wt   97 kg
T 524 db  704 290 HP: 37/37
T 524 db  704 310 Gold: 45
T 524 db  704 330 UT lvl 1
T 524 db  704 340 Day  1
T 524 db  704 350 Time 12:45
T 524 db  704 360 Turn 36
T 524 db  704 380 Eating
T 524 db  704 390 Burdened
T 524 db  401 309 3
T 525 db  16 461 Belyer Asu the neutral human
T 525 db  704 150 AStr 9  
T 525 db  704 160 LStr 10 
T 525 db  704 170 Dex  11 
T 525 db  704 180 Agi  10 
T 525 db  704 190 End  10 
T 525 db  704 200 Per  10 
T 525 db  704 210 Int  13 
T 525 db  704 220 Wis  10 
T 525 db  704 230 Will 11 
T 525 db  704 240 Cha  10 
T 525 db  704 250 Mana 9  
T 525 db  704 260 Ht   175 cm
T 525 db  704 270 Wt   97 kg
T 525 db  704 290 HP: 37/37
T 525 db  704 310 Gold: 45
T 525 db  704 330 UT lvl 1
T 525 db  704 340 Day  1
T 525 db  704 350 Time 12:45
T 525 db  704 360 Turn 36
T 525 db  704 380 Eating
T 525 db  704 390 Satiated
T 525 db  704 400 Burdened
T 525 db  401 309 3
T 526 db  16 461 Belyer Asu the neutral human
T 526 db  704 150 AStr 9  
T 526 db  704 160 LStr 10 
T 526 db  704 170 Dex  11 
T 526 db  704 180 Agi  10 
T 526 db  704 190 End  10 
T 526 db  704 200 Per  10 
T 526 db  704 210 Int  13 
T 526 db  704 220 Wis  10 
T 526 db  704 230 Will 11 
T 526 db  704 240 Cha  10 
T 526 db  704 250 Mana 9  
T 526 db  704 260 Ht   175 cm
T 526 db  704 270 Wt   97 kg
T 526 db  704 290 HP: 37/37
T 526 db  704 310 Gold: 45
T 526 db  704 330 UT lvl 1
T 526 db  704 340 Day  1
T 526 db  704 350 Time 12:45
T 526 db  704 360 Turn 36
T 526 db  704 380 Eating
T 526 db  704 390 Satiated
T 526 db  704 400 Burdened
T 526 db  401 309 3
T 527 db  16 461 Belyer Asu the neutral human
T 527 db  704 150 AStr 9  
T 527 db  704 160 LStr 10 
T 527 db  704 170 Dex  11 
T 527 db  704 180 Agi  10 
T 527 db  704 190 End  10 
T 527 db  704 200 Per  10 
T 527 db  704 210 Int  13 
T 527 db  704 220 Wis  10 
T 527 db  704 230 Will 11 
T 527 db  704 240 Cha  10 
T 527 db  704 250 Mana 9  
T 527 db  704 260 Ht   175 cm
T 527 db  704 270 Wt   97 kg
T 527 db  704 290 HP: 37/37
T 527 db  704 310 Gold: 45
T 527 db  704 330 UT lvl 1
T 527 db  704 340 Day  1
T 527 db  704 350 Time 12:46
T 527 db  704 360 Turn 36
T 527 db  704 380 Eating
T 527 db  704 390 Satiated
T 527 db  704 400 Burdened
T 527 db  401 309 3
T 528 db  16 461 Belyer Asu the neutral human
T 528 db  704 150 AStr 9  
T 528 db  704 160 LStr 10 
T 528 db  704 170 Dex  11 
T 528 db  704 180 Agi  10 
T 528 db  704 190 End  10 
T 528 db  704 200 Per  10 
T 528 db  704 210 Int  13 
T 528 db  704 220 Wis  10 
T 528 db  704 230 Will 11 
T 528 db  704 240 Cha  10 
T 528 db  704 250 Mana 9  
T 528 db  704 260 Ht   175 cm
T 528 db  704 270 Wt   97 kg
T 528 db  704 290 HP: 37/37
T 528 db  704 310 Gold: 45
T 528 db  704 330 UT lvl 1
T 528 db  704 340 Day  1
T 528 db  704 350 Time 12:46
T 528 db  704 360 Turn 36
T 528 db  704 380 Eating
T 528 db  704 390 Satiated
T 528 db  704 400 Burdened
T 528 db  401 309 3
T 529 db  16 461 Belyer Asu the neutral human
T 529 db  704 150 AStr 9  
T 529 db  704 160 LStr 10 
T 529 db  704 170 Dex  11 
T 529 db  704 180 Agi  10 
T 529 db  704 190 End  10 
T 529 db  704 200 Per  10 
T 529 db  704 210 Int  13 
T 529 db  704 220 Wis  10 
T 529 db  704 230 Will 11 
T 529 db  704 240 Cha  10 
T 529 db  704 250 Mana 9  
T 529 db  704 260 Ht   175 cm
T 529 db  704 270 Wt   97 kg
T 529 db  704 290 HP: 37/37
T 529 db  704 310 Gold: 45
T 529 db  704 330 UT lvl 1
T 529 db  704 340 Day  1
T 529 db  704 350 Time 12:46
T 529 db  704 360 Turn 36
T 529 db  704 380 Eating
T 529 db  704 390 Satiated
T 529 db  704 400 Burdened
T 529 db  401 309 3
T 530 db  16 461 Belyer Asu the neutral human
T 530 db  704 150 AStr 9  
T 530 db  704 160 LStr 10 
T 530 db  704 170 Dex  11 
T 530 db  704 180 Agi  10 
T 530 db  704 190 End  10 
T 530 db  704 200 Per  10 
T 530 db  704 210 Int  13 
T 530 db  704 220 Wis  10 
T 530 db  704 230 Will 11 
T 530 db  704 240 Cha  10 
T 530 db  704 250 Mana 9  
T 530 db  704 260 Ht   175 cm
T 530 db  704 270 Wt   97 kg
T 530 db  704 290 HP: 37/37
T 530 db  704 310 Gold: 45
T 530 db  704 330 UT lvl 1
T 530 db  704 340 Day  1
T 530 db  704 350 Time 12:47
T 530 db  704 360 Turn 36
T 530 db  704 380 Eating
T 530 db  704 390 Satiated
T 530 db  401 309 3
T 531 db  16 461 Belyer Asu the neutral human
T 531 db  704 150 AStr 9  
T 531 db  704 160 LStr 10 
T 531 db  704 170 Dex  11 
T 531 db  704 180 Agi  10 
T 531 db  704 190 End  10 
T 531 db  704 200 Per  10 
T 531 db  704 210 Int  13 
T 531 db  704 220 Wis  10 
T 531 db  704 230 Will 11 
T 531 db  704 240 Cha  10 
T 531 db  704 250 Mana 9  
T 531 db  704 260 Ht   175 cm
T 531 db  704 270 Wt   97 kg
T 531 db  704 290 HP: 37/37
T 531 db  704 310 Gold: 45
T 531 db  704 330 UT lvl 1
T 531 db  704 340 Day  1
T 531 db  704 350 Time 12:47
T 531 db  704 360 Turn 36
T 531 db  704 380 Eating
T 531 db  704 390 Satiated
T 531 db  401 309 3
T 532 db  16 461 Belyer Asu the neutral human
T 532 db  704 150 AStr 9  
T 532 db  704 160 LStr 10 
T 532 db  704 170 Dex  11 
T 532 db  704 180 Agi  10 
T 532 db  704 190 End  10 
T 532 db  704 200 Per  10 
T 532 db  704 210 Int  13 
T 532 db  704 220 Wis  10 
T 532 db  704 230 Will 11 
T 532 db  704 240 Cha  10 
T 532 db  704 250 Mana 9  
T 532 db  704 260 Ht   175 cm
T 532 db  704 270 Wt   97 kg
T 532 db  704 290 HP: 37/37
T 532 db  704 310 Gold: 45
T 532 db  704 330 UT lvl 1
T 532 db  704 340 Day  1
T 532 db  704 350 Time 12:47
T 532 db  704 360 Turn 36
T 532 db  704 380 Eating
T 532 db  704 390 Satiated
T 532 db  401 309 3
T 533 db  16 461 Belyer Asu the neutral human
T 533 db  704 150 AStr 9  
T 533 db  704 160 LStr 10 
T 533 db  704 170 Dex  11 
T 533 db  704 180 Agi  10 
T 533 db  704 190 End  10 
T 533 db  704 200 Per  10 
T 533 db  704 210 Int  13 
T 533 db  704 220 Wis  10 
T 533 db  704 230 Will 11 
T 533 db  704 240 Cha  10 
T 533 db  704 250 Mana 9  
T 533 db  704 260 Ht   175 cm
T 533 db  704 270 Wt   97 kg
T 533 db  704 290 HP: 37/37
T 533 db  704 310 Gold: 45
T 533 db  704 330 UT lvl 1
T 533 db  704 340 Day  1
T 533 db  704 350 Time 12:47
T 533 db  704 360 Turn 36
T 533 db  704 380 Eating
T 533 db  704 390 Satiated
T 533 db  401 309 3
T 534 db  16 461 Belyer Asu the neutral human
T 534 db  704 150 AStr 9  
T 534 db  704 160 LStr 10 
T 534 db  704 170 Dex  11 
T 534 db  704 180 Agi  10 
T 534 db  704 190 End  10 
T 534 db  704 200 Per  10 
T 534 db  704 210 Int  13 
T 534 db  704 220 Wis  10 
T 534 db  704 230 Will 11 
T 534 db  704 240 Cha  10 
T 534 db  704 250 Mana 9  
T 534 db  704 260 Ht   175 cm
T 534 db  704 270 Wt   97 kg
T 534 db  704 290 HP: 37/37
T 534 db  704 310 Gold: 45
T 534 db  704 330 UT lvl 1
T 534 db  704 340 Day  1
T 534 db  704 350 Time 12:48
T 534 db  704 360 Turn 36
T 534 db  704 380 Eating
T 534 db  704 390 Satiated
T 534 db  401 309 3
T 535 db  16 461 Belyer Asu the neutral human
T 535 db  704 150 AStr 9  
T 535 db  704 160 LStr 10 
T 535 db  704 170 Dex  11 
T 535 db  704 180 Agi  10 
T 535 db  704 190 End  10 
T 535 db  704 200 Per  10 
T 535 db  704 210 Int  13 
T 535 db  704 220 Wis  10 
T 535 db  704 230 Will 11 
T 535 db  704 240 Cha  10 
T 535 db  704 250 Mana 9  
T 535 db  704 260 Ht   175 cm
T 535 db  704 270 Wt   97 kg
T 535 db  704 290 HP: 37/37
T 535 db  704 310 Gold: 45
T 535 db  704 330 UT lvl 1
T 535 db  704 340 Day  1
T 535 db  704 350 Time 12:48
T 535 db  704 360 Turn 36
T 535 db  704 380 Eating
T 535 db  704 390 Satiated
T 535 db  401 309 3
T 536 db  16 461 Belyer Asu the neutral human
T 536 db  704 150 AStr 9  
T 536 db  704 160 LStr 10 
T 536 db  704 170 Dex  11 
T 536 db  704 180 Agi  10 
T 536 db  704 190 End  10 
T 536 db  704 200 Per  10 
T 536 db  704 210 Int  13 
T 536 db  704 220 Wis  10 
T 536 db  704 230 Will 11 
T 536 db  704 240 Cha  10 
T 536 db  704 250 Mana 9  
T 536 db  704 260 Ht   175 cm
T 536 db  704 270 Wt   97 kg
T 536 db  704 290 HP: 37/37
T 536 db  704 310 Gold: 45
T 536 db  704 330 UT lvl 1
T 536 db  704 340 Day  1
T 536 db  704 350 Time 12:48
T 536 db  704 360 Turn 36
T 536 db  704 380 Eating
T 536 db  704 390 Satiated
T 536 db  401 309 3
T 537 db  16 461 Belyer Asu the neutral human
T 537 db  704 150 AStr 9  
T 537 db  704 160 LStr 10 
T 537 db  704 170 Dex  11 
T 537 db  704 180 Agi  10 
T 537 db  704 190 End  10 
T 537 db  704 200 Per  10 
T 537 db  704 210 Int  13 
T 537 db  704 220 Wis  10 
T 537 db  704 230 Will 11 
T 537 db  704 240 Cha  10 
T 537 db  704 250 Mana 9  
T 537 db  704 260 Ht   175 cm
T 537 db  704 270 Wt   97 kg
T 537 db  704 290 HP: 37/37
T 537 db  704 310 Gold: 45
T 537 db  704 330 UT lvl 1
T 537 db  704 340 Day  1
T 537 db  704 350 Time 12:49
T 537 db  704 360 Turn 36
T 537 db  704 380 Eating
T 537 db  704 390 Satiated
T 537 db  401 309 3
T 538 db  16 461 Belyer Asu the neutral human
T 538 db  704 150 AStr 9  
T 538 db  704 160 LStr 10 
T 538 db  704 170 Dex  11 
T 538 db  704 180 Agi  10 
T 538 db  704 190 End  10 
T 538 db  704 200 Per  10 
T 538 db  704 210 Int  13 
T 538 db  704 220 Wis  10 
T 538 db  704 230 Will 11 
T 538 db  704 240 Cha  10 
T 538 db  704 250 Mana 9  
T 538 db  704 260 Ht   175 cm
T 538 db  704 270 Wt   97 kg
T 538 db  704 290 HP: 37/37
T 538 db  704 310 Gold: 45
T 538 db  704 330 UT lvl 1
T 538 db  704 340 Day  1
T 538 db  704 350 Time 12:49
T 538 db  704 360 Turn 36
T 538 db  704 380 Eating
T 538 db  704 390 Satiated
T 538 db  401 309 3
T 539 db  16 461 Belyer Asu the neutral human
T 539 db  704 150 AStr 9  
T 539 db  704 160 LStr 10 
T 539 db  704 170 Dex  11 
T 539 db  704 180 Agi  10 
T 539 db  704 190 End  10 
T 539 db  704 200 Per  10 
T 539 db  704 210 Int  13 
T 539 db  704 220 Wis  10 
T 539 db  704 230 Will 11 
T 539 db  704 240 Cha  10 
T 539 db  704 250 Mana 9  
T 539 db  704 260 Ht   175 cm
T 539 db  704 270 Wt   97 kg
T 539 db  704 290 HP: 37/37
T 539 db  704 310 Gold: 45
T 539 db  704 330 UT lvl 1
T 539 db  704 340 Day  1
T 539 db  704 350 Time 12:49
T 539 db  704 360 Turn 36
T 539 db  704 380 Eating
T 539 db  704 390 Satiated
T 539 db  401 309 3
T 540 db  16 461 Belyer Asu the neutral human
T 540 db  704 150 AStr 9  
T 540 db  704 160 LStr 10 
T 540 db  704 170 Dex  11 
T 540 db  704 180 Agi  10 
T 540 db  704 190 End  10 
T 540 db  704 200 Per  10 
T 540 db  704 210 Int  13 
T 540 db  704 220 Wis  10 
T 540 db  704 230 Will 11 
T 540 db  704 240 Cha  10 
T 540 db  704 250 Mana 9  
T 540 db  704 260 Ht   175 cm
T 540 db  704 270 Wt   97 kg
T 540 db  704 290 HP: 37/37
T 540 db  704 310 Gold: 45
T 540 db  704 330 UT lvl 1
T 540 db  704 340 Day  1
T 540 db  704 350 Time 12:50
T 540 db  704 360 Turn 36
T 540 db  704 380 Eating
T 540 db  704 390 Satiated
T 540 db  401 309 3
T 541 db  16 461 Belyer Asu the neutral human
T 541 db  704 150 AStr 9  
T 541 db  704 160 LStr 10 
T 541 db  704 170 Dex  11 
T 541 db  704 180 Agi  10 
T 541 db  704 190 End  10 
T 541 db  704 200 Per  10 
T 541 db  704 210 Int  13 
T 541 db  704 220 Wis  10 
T 541 db  704 230 Will 11 
T 541 db  704 240 Cha  10 
T 541 db  704 250 Mana 9  
T 541 db  704 260 Ht   175 cm
T 541 db  704 270 Wt   97 kg
T 541 db  704 290 HP: 37/37
T 541 db  704 310 Gold: 45
T 541 db  704 330 UT lvl 1
T 541 db  704 340 Day  1
T 541 db  704 350 Time 12:50
T 541 db  704 360 Turn 36
T 541 db  704 380 Eating
T 541 db  704 390 Satiated
T 541 db  401 309 3
T 542 db  16 461 Belyer Asu the neutral human
T 542 db  704 150 AStr 9  
T 542 db  704 160 LStr 10 
T 542 db  704 170 Dex  11 
T 542 db  704 180 Agi  10 
T 542 db  704 190 End  10 
T 542 db  704 200 Per  10 
T 542 db  704 210 Int  13 
T 542 db  704 220 Wis  10 
T 542 db  704 230 Will 11 
T 542 db  704 240 Cha  10 
T 542 db  704 250 Mana 9  
T 542 db  704 260 Ht   175 cm
T 542 db  704 270 Wt   97 kg
T 542 db  704 290 HP: 37/37
T 542 db  704 310 Gold: 45
T 542 db  704 330 UT lvl 1
T 542 db  704 340 Day  1
T 542 db  704 350 Time 12:50
T 542 db  704 360 Turn 36
T 542 db  704 380 Eating
T 542 db  704 390 Satiated
T 542 db  401 309 3
T 543 db  16 461 Belyer Asu the neutral human
T 543 db  704 150 AStr 9  
T 543 db  704 160 LStr 10 
T 543 db  704 170 Dex  11 
T 543 db  704 180 Agi  10 
T 543 db  704 190 End  10 
T 543 db  704 200 Per  10 
T 543 db  704 210 Int  13 
T 543 db  704 220 Wis  10 
T 543 db  704 230 Will 11 
T 543 db  704 240 Cha  10 
T 543 db  704 250 Mana 9  
T 543 db  704 260 Ht   175 cm
T 543 db  704 270 Wt   97 kg
T 543 db  704 290 HP: 37/37
T 543 db  704 310 Gold: 45
T 543 db  704 330 UT lvl 1
T 543 db  704 340 Day  1
T 543 db  704 350 Time 12:50
T 543 db  704 360 Turn 36
T 543 db  704 380 Eating
T 543 db  704 390 Satiated
T 543 db  401 309 3
T 544 db  16 461 Belyer Asu the neutral human
T 544 db  704 150 AStr 9  
T 544 db  704 160 LStr 10 
T 544 db  704 170 Dex  11 
T 544 db  704 180 Agi  10 
T 544 db  704 190 End  10 
T 544 db  704 200 Per  10 
T 544 db  704 210 Int  13 
T 544 db  704 220 Wis  10 
T 544 db  704 230 Will 11 
T 544 db  704 240 Cha  10 
T 544 db  704 250 Mana 9  
T 544 db  704 260 Ht   175 cm
T 544 db  704 270 Wt   97 kg
T 544 db  704 290 HP: 37/37
T 544 db  704 310 Gold: 45
T 544 db  704 330 UT lvl 1
T 544 db  704 340 Day  1
T 544 db  704 350 Time 12:51
T 544 db  704 360 Turn 36
T 544 db  704 380 Eating
T 544 db  704 390 Satiated
T 544 db  401 309 3
T 545 db  16 461 Belyer Asu the neutral human
T 545 db  704 150 AStr 9  
T 545 db  704 160 LStr 10 
T 545 db  704 170 Dex  11 
T 545 db  704 180 Agi  10 
T 545 db  704 190 End  10 
T 545 db  704 200 Per  10 
T 545 db  704 210 Int  13 
T 545 db  704 220 Wis  10 
T 545 db  704 230 Will 11 
T 545 db  704 240 Cha  10 
T 545 db  704 250 Mana 9  
T 545 db  704 260 Ht   175 cm
T 545 db  704 270 Wt   97 kg
T 545 db  704 290 HP: 37/37
T 545 db  704 310 Gold: 45
T 545 db  704 330 UT lvl 1
T 545 db  704 340 Day  1
T 545 db  704 350 Time 12:51
T 545 db  704 360 Turn 36
T 545 db  704 380 Eating
T 545 db  704 390 Satiated
T 545 db  401 309 3
T 546 db  16 461 Belyer Asu the neutral human
T 546 db  704 150 AStr 9  
T 546 db  704 160 LStr 10 
T 546 db  704 170 Dex  11 
T 546 db  704 180 Agi  10 
T 546 db  704 190 End  10 
T 546 db  704 200 Per  10 
T 546 db  704 210 Int  13 
T 546 db  704 220 Wis  10 
T 546 db  704 230 Will 11 
T 546 db  704 240 Cha  10 
T 546 db  704 250 Mana 9  
T 546 db  704 260 Ht   175 cm
T 546 db  704 270 Wt   97 kg
T 546 db  704 290 HP: 37/37
T 546 db  704 310 Gold: 45
T 546 db  704 330 UT lvl 1
T 546 db  704 340 Day  1
T 546 db  704 350 Time 12:51
T 546 db  704 360 Turn 36
T 546 db  704 380 Eating
T 546 db  704 390 Satiated
T 546 db  401 309 3
T 547 db  16 461 Belyer Asu the neutral human
T 547 db  704 150 AStr 9  
T 547 db  704 160 LStr 10 
T 547 db  704 170 Dex  11 
T 547 db  704 180 Agi  10 
T 547 db  704 190 End  10 
T 547 db  704 200 Per  10 
T 547 db  704 210 Int  13 
T 547 db  704 220 Wis  10 
T 547 db  704 230 Will 11 
T 547 db  704 240 Cha  10 
T 547 db  704 250 Mana 9  
T 547 db  704 260 Ht   175 cm
T 547 db  704 270 Wt   97 kg
T 547 db  704 290 HP: 37/37
T 547 db  704 310 Gold: 45
T 547 db  704 330 UT lvl 1
T 547 db  704 340 Day  1
T 547 db  704 350 Time 12:52
T 547 db  704 360 Turn 36
T 547 db  704 380 Satiated
T 547 buf 13 83 12:52 You finish eating.
T 547 buf 13 73 12:44 You feel that this was an evil deed.
T 547 buf 13 63 12:44 You begin eating the corpse of a zombie.
T 547 buf 13 53 12:43 You displace Kenny the puppy!
T 547 buf 13 43 12:38 You finish drinking.
T 547 buf 13 33 12:38 You begin drinking the vial full of light frog blood.
T 547 buf 13 23 12:36 Corpse of a zombie is lying here.
T 547 buf 13 13 12:36 You stop drinking.
T 547 db  401 309 3
T 548 db  16 461 Belyer Asu the neutral human
T 548 db  704 150 AStr 9  
T 548 db  704 160 LStr 10 
T 548 db  704 170 Dex  11 
T 548 db  704 180 Agi  10 
T 548 db  704 190 End  10 
T 548 db  704 200 Per  10 
T 548 db  704 210 Int  13 
T 548 db  704 220 Wis  10 
T 548 db  704 230 Will 11 
T 548 db  704 240 Cha  10 
T 548 db  704 250 Mana 9  
T 548 db  704 260 Ht   175 cm
T 548 db  704 270 Wt   97 kg
T 548 db  704 290 HP: 37/37
T 548 db  704 310 Gold: 45
T 548 db  704 330 UT lvl 1
T 548 db  704 340 Day  1
T 548 db  704 350 Time 12:52
T 548 db  704 360 Turn 36
T 548 db  704 380 Satiated
T 548 buf 13 83 12:52 You finish eating.
T 548 buf 13 73 12:44 You feel that this was an evil deed.
T 548 buf 13 63 12:44 You begin eating the corpse of a zombie.
T 548 buf 13 53 12:43 You displace Kenny the puppy!
T 548 buf 13 43 12:38 You finish drinking.
T 548 buf 13 33 12:38 You begin drinking the vial full of light frog blood.
T 548 buf 13 23 12:36 Corpse of a zombie is lying here.
T 548 buf 13 13 12:36 You stop drinking.
T 548 db  401 309 2
T 548 db  16 461 Belyer Asu the neutral human
T 548 db  704 150 AStr 9  
T 548 db  704 160 LStr 10 
T 548 db  704 170 Dex  11 
T 548 db  704 180 Agi  10 
T 548 db  704 190 End  10 
T 548 db  704 200 Per  10 
T 548 db  704 210 Int  13 
T 548 db  704 220 Wis  10 
T 548 db  704 230 Will 11 
T 548 db  704 240 Cha  10 
T 548 db  704 250 Mana 9  
T 548 db  704 260 Ht   175 cm
T 548 db  704 270 Wt   97 kg
T 548 db  704 290 HP: 37/37
T 548 db  704 310 Gold: 45
T 548 db  704 330 UT lvl 1
T 548 db  704 340 Day  1
T 548 db  704 350 Time 12:52
T 548 db  704 360 Turn 37
T 548 db  704 380 Satiated
T 548 db  401 309 2
T 549 db  16 461 Belyer Asu the neutral human
T 549 db  704 150 AStr 9  
T 549 db  704 160 LStr 10 
T 549 db  704 170 Dex  11 
T 549 db  704 180 Agi  10 
T 549 db  704 190 End  10 
T 549 db  704 200 Per  10 
T 549 db  704 210 Int  13 
T 549 db  704 220 Wis  10 
T 549 db  704 230 Will 11 
T 549 db  704 240 Cha  10 
T 549 db  704 250 Mana 9  
T 549 db  704 260 Ht   175 cm
T 549 db  704 270 Wt   97 kg
T 549 db  704 290 HP: 37/37
T 549 db  704 310 Gold: 45
T 549 db  704 330 UT lvl 1
T 549 db  704 340 Day  1
T 549 db  704 350 Time 12:52
T 549 db  704 360 Turn 37
T 549 db  704 380 Satiated
T 549 db  401 309 1
T 549 db  16 461 Belyer Asu the neutral human
T 549 db  704 150 AStr 9  
T 549 db  704 160 LStr 10 
T 549 db  704 170 Dex  11 
T 549 db  704 180 Agi  10 
T 549 db  704 190 End  10 
T 549 db  704 200 Per  10 
T 549 db  704 210 Int  13 
T 549 db  704 220 Wis  10 
T 549 db  704 230 Will 11 
T 549 db  704 240 Cha  10 
T 549 db  704 250 Mana 9  
T 549 db  704 260 Ht   175 cm
T 549 db  704 270 Wt   97 kg
T 549 db  704 290 HP: 37/37
T 549 db  704 310 Gold: 45
T 549 db  704 330 UT lvl 1
T 549 db  704 340 Day  1
T 549 db  704 350 Time 12:52
T 549 db  704 360 Turn 38
T 549 db  704 380 Satiated
T 549 db  401 309 1
T 550 db  16 461 Belyer Asu the neutral human
T 550 db  704 150 AStr 9  
T 550 db  704 160 LStr 10 
T 550 db  704 170 Dex  11 
T 550 db  704 180 Agi  10 
T 550 db  704 190 End  10 
T 550 db  704 200 Per  10 
T 550 db  704 210 Int  13 
T 550 db  704 220 Wis  10 
T 550 db  704 230 Will 11 
T 550 db  704 240 Cha  10 
T 550 db  704 250 Mana 9  
T 550 db  704 260 Ht   175 cm
T 550 db  704 270 Wt   97 kg
T 550 db  704 290 HP: 37/37
T 550 db  704 310 Gold: 45
T 550 db  704 330 UT lvl 1
T 550 db  704 340 Day  1
T 550 db  704 350 Time 12:52
T 550 db  704 360 Turn 38
T 550 db  704 380 Satiated
T 550 db  401 309 0
T 550 db  16 461 Belyer Asu the neutral human
T 550 db  704 150 AStr 9  
T 550 db  704 160 LStr 10 
T 550 db  704 170 Dex  11 
T 550 db  704 180 Agi  10 
T 550 db  704 190 End  10 
T 550 db  704 200 Per  10 
T 550 db  704 210 Int  13 
T 550 db  704 220 Wis  10 
T 550 db  704 230 Will 11 
T 550 db  704 240 Cha  10 
T 550 db  704 250 Mana 9  
T 550 db  704 260 Ht   175 cm
T 550 db  704 270 Wt   97 kg
T 550 db  704 290 HP: 37/37
T 550 db  704 310 Gold: 45
T 550 db  704 330 UT lvl 1
T 550 db  704 340 Day  1
T 550 db  704 350 Time 12:52
T 550 db  704 360 Turn 39
T 550 db  704 380 Satiated
T 550 db  401 309 0
T 551 db  16 461 Belyer Asu the neutral human
T 551 db  704 150 AStr 9  
T 551 db  704 160 LStr 10 
T 551 db  704 170 Dex  11 
T 551 db  704 180 Agi  10 
T 551 db  704 190 End  10 
T 551 db  704 200 Per  10 
T 551 db  704 210 Int  13 
T 551 db  704 220 Wis  10 
T 551 db  704 230 Will 11 
T 551 db  704 240 Cha  10 
T 551 db  704 250 Mana 9  
T 551 db  704 260 Ht   175 cm
T 551 db  704 270 Wt   97 kg
T 551 db  704 290 HP: 37/37
T 551 db  704 310 Gold: 45
T 551 db  704 330 UT lvl 1
T 551 db  704 340 Day  1
T 551 db  704 350 Time 12:52
T 551 db  704 360 Turn 40
T 551 db  704 380 Satiated
T 552 db  16 461 Belyer Asu the neutral human
T 552 db  704 150 AStr 9  
T 552 db  704 160 LStr 10 
T 552 db  704 170 Dex  11 
T 552 db  704 180 Agi  10 
T 552 db  704 190 End  10 
T 552 db  704 200 Per  10 
T 552 db  704 210 Int  13 
T 552 db  704 220 Wis  10 
T 552 db  704 230 Will 11 
T 552 db  704 240 Cha  10 
T 552 db  704 250 Mana 9  
T 552 db  704 260 Ht   175 cm
T 552 db  704 270 Wt   97 kg
T 552 db  704 290 HP: 37/37
T 552 db  704 310 Gold: 45
T 552 db  704 330 UT lvl 1
T 552 db  704 340 Day  1
T 552 db  704 350 Time 12:52
T 552 db  704 360 Turn 40
T 552 db  704 380 Satiated
T 552 db  449 293 2
T 552 db  16 461 Belyer Asu the neutral human
T 552 db  704 150 AStr 9  
T 552 db  704 160 LStr 10 
T 552 db  704 170 Dex  11 
T 552 db  704 180 Agi  10 
T 552 db  704 190 End  10 
T 552 db  704 200 Per  10 
T 552 db  704 210 Int  13 
T 552 db  704 220 Wis  10 
T 552 db  704 230 Will 11 
T 552 db  704 240 Cha  10 
T 552 db  704 250 Mana 9  
T 552 db  704 260 Ht   175 cm
T 552 db  704 270 Wt   97 kg
T 552 db  704 290 HP: 37/37
T 552 db  704 310 Gold: 45
T 552 db  704 330 UT lvl 1
T 552 db  704 340 Day  1
T 552 db  704 350 Time 12:56
T 552 db  704 360 Turn 41
T 552 db  704 380 Satiated
T 552 db  449 293 2
T 553 db  16 461 Belyer Asu the neutral human
T 553 db  704 150 AStr 9  
T 553 db  704 160 LStr 10 
T 553 db  704 170 Dex  11 
T 553 db  704 180 Agi  10 
T 553 db  704 190 End  10 
T 553 db  704 200 Per  10 
T 553 db  704 210 Int  13 
T 553 db  704 220 Wis  10 
T 553 db  704 230 Will 11 
T 553 db  704 240 Cha  10 
T 553 db  704 250 Mana 9  
T 553 db  704 260 Ht   175 cm
T 553 db  704 270 Wt   97 kg
T 553 db  704 290 HP: 37/37
T 553 db  704 310 Gold: 45
T 553 db  704 330 UT lvl 1
T 553 db  704 340 Day  1
T 553 db  704 350 Time 12:56
T 553 db  704 360 Turn 41
T 553 db  704 380 Satiated
T 553 db  449 293 1
T 553 db  16 461 Belyer Asu the neutral human
T 553 db  704 150 AStr 9  
T 553 db  704 160 LStr 10 
T 553 db  704 170 Dex  11 
T 553 db  704 180 Agi  10 
T 553 db  704 190 End  10 
T 553 db  704 200 Per  10 
T 553 db  704 210 Int  13 
T 553 db  704 220 Wis  10 
T 553 db  704 230 Will 11 
T 553 db  704 240 Cha  10 
T 553 db  704 250 Mana 9  
T 553 db  704 260 Ht   175 cm
T 553 db  704 270 Wt   97 kg
T 553 db  704 290 HP: 37/37
T 553 db  704 310 Gold: 45
T 553 db  704 330 UT lvl 1
T 553 db  704 340 Day  1
T 553 db  704 350 Time 12:57
T 553 db  704 360 Turn 42
T 553 db  704 380 Satiated
T 553 db  449 293 1
T 554 db  16 461 Belyer Asu the neutral human
T 554 db  704 150 AStr 9  
T 554 db  704 160 LStr 10 
T 554 db  704 170 Dex  11 
T 554 db  704 180 Agi  10 
T 554 db  704 190 End  10 
T 554 db  704 200 Per  10 
T 554 db  704 210 Int  13 
T 554 db  704 220 Wis  10 
T 554 db  704 230 Will 11 
T 554 db  704 240 Cha  10 
T 554 db  704 250 Mana 9  
T 554 db  704 260 Ht   175 cm
T 554 db  704 270 Wt   97 kg
T 554 db  704 290 HP: 37/37
T 554 db  704 310 Gold: 45
T 554 db  704 330 UT lvl 1
T 554 db  704 340 Day  1
T 554 db  704 350 Time 12:57
T 554 db  704 360 Turn 42
T 554 db  704 380 Satiated
T 554 db  449 293 0
T 554 db  16 461 Belyer Asu the neutral human
T 554 db  704 150 AStr 9  
T 554 db  704 160 LStr 10 
T 554 db  704 170 Dex  11 
T 554 db  704 180 Agi  10 
T 554 db  704 190 End  10 
T 554 db  704 200 Per  10 
T 554 db  704 210 Int  13 
T 554 db  704 220 Wis  10 
T 554 db  704 230 Will 11 
T 554 db  704 240 Cha  10 
T 554 db  704 250 Mana 9  
T 554 db  704 260 Ht   175 cm
T 554 db  704 270 Wt   97 kg
T 554 db  704 290 HP: 37/37
T 554 db  704 310 Gold: 45
T 554 db  704 330 UT lvl 1
T 554 db  704 340 Day  1
T 554 db  704 350 Time 12:57
T 554 db  704 360 Turn 43
T 554 db  704 380 Satiated
T 554 db  449 293 0
T 555 db  16 461 Belyer Asu the neutral human
T 555 db  704 150 AStr 9  
T 555 db  704 160 LStr 10 
T 555 db  704 170 Dex  11 
T 555 db  704 180 Agi  10 
T 555 db  704 190 End  10 
T 555 db  704 200 Per  10 
T 555 db  704 210 Int  13 
T 555 db  704 220 Wis  10 
T 555 db  704 230 Will 11 
T 555 db  704 240 Cha  10 
T 555 db  704 250 Mana 9  
T 555 db  704 260 Ht   175 cm
T 555 db  704 270 Wt   97 kg
T 555 db  704 290 HP: 37/37
T 555 db  704 310 Gold: 45
T 555 db  704 330 UT lvl 1
T 555 db  704 340 Day  1
T 555 db  704 350 Time 12:57
T 555 db  704 360 Turn 44
T 555 db  704 380 Satiated
T 556 db  16 461 Belyer Asu the neutral human
T 556 db  704 150 AStr 9  
T 556 db  704 160 LStr 10 
T 556 db  704 170 Dex  11 
T 556 db  704 180 Agi  10 
T 556 db  704 190 End  10 
T 556 db  704 200 Per  10 
T 556 db  704 210 Int  13 
T 556 db  704 220 Wis  10 
T 556 db  704 230 Will 11 
T 556 db  704 240 Cha  10 
T 556 db  704 250 Mana 9  
T 556 db  704 260 Ht   175 cm
T 556 db  704 270 Wt   97 kg
T 556 db  704 290 HP: 37/37
T 556 db  704 310 Gold: 45
T 556 db  704 330 UT lvl 1
T 556 db  704 340 Day  1
T 556 db  704 350 Time 12:57
T 556 db  704 360 Turn 44
T 556 db  704 380 Satiated
T 556 db  433 229 3
T 556 db  16 461 Belyer Asu the neutral human
T 556 db  704 150 AStr 6  
T 556 db  776 150 9
T 556 db  704 160 LStr 10 
T 556 db  704 170 Dex  7  
T 556 db  776 170 11
T 556 db  704 180 Agi  10 
T 556 db  704 190 End  10 
T 556 db  704 200 Per  10 
T 556 db  704 210 Int  13 
T 556 db  704 220 Wis  10 
T 556 db  704 230 Will 11 
T 556 db  704 240 Cha  10 
T 556 db  704 250 Mana 9  
T 556 db  704 260 Ht   175 cm
T 556 db  704 270 Wt   97 kg
T 556 db  704 290 HP: 27/37
T 556 db  704 310 Gold: 45
T 556 db  704 330 UT lvl 1
T 556 db  704 340 Day  1
T 556 db  704 350 Time 13:01
T 556 db  704 360 Turn 45
T 556 db  704 380 Satiated
T 556 buf 13 83 13:00-13:01 (3x) The large hedgehog misses you!
T 556 buf 13 73       very badly.
T 556 buf 13 63 13:00 The large hedgehog bites you in the right arm! Your right arm bleeds
T 556 buf 13 53 13:00 (2x) The large hedgehog bites you!
T 556 buf 13 43 12:59 The large hedgehog misses you!
T 556 buf 13 33 12:59 (2x) The large hedgehog bites you!
T 556 buf 13 23 12:58-12:59 (4x) The large hedgehog misses you!
T 556 buf 13 13 12:58 The large hedgehog bites you!
T 556 db  433 229 0
T 557 db  16 461 Belyer Asu the neutral human
T 557 db  704 150 AStr 6  
T 557 db  776 150 9
T 557 db  704 160 LStr 10 
T 557 db  704 170 Dex  7  
T 557 db  776 170 11
T 557 db  704 180 Agi  10 
T 557 db  704 190 End  10 
T 557 db  704 200 Per  10 
T 557 db  704 210 Int  13 
T 557 db  704 220 Wis  10 
T 557 db  704 230 Will 11 
T 557 db  704 240 Cha  10 
T 557 db  704 250 Mana 9  
T 557 db  704 260 Ht   175 cm
T 557 db  704 270 Wt   97 kg
T 557 db  704 290 HP: 27/37
T 557 db  704 310 Gold: 45
T 557 db  704 330 UT lvl 1
T 557 db  704 340 Day  1
T 557 db  704 350 Time 13:01
T 557 db  704 360 Turn 46
T 557 db  704 380 Satiated
T 557 buf 13 83 13:01 You slash the large hedgehog! The large hedgehog panics.
T 557 buf 13 73 13:00-13:01 (3x) The large hedgehog misses you!
T 557 buf 13 63       very badly.
T 557 buf 13 53 13:00 The large hedgehog bites you in the right arm! Your right arm bleeds
T 557 buf 13 43 13:00 (2x) The large hedgehog bites you!
T 557 buf 13 33 12:59 The large hedgehog misses you!
T 557 buf 13 23 12:59 (2x) The large hedgehog bites you!
T 557 buf 13 13 12:58-12:59 (4x) The large hedgehog misses you!
T 557 db  433 229 0
T 558 db  16 461 Belyer Asu the neutral human
T 558 db  704 150 AStr 6  
T 558 db  776 150 9
T 558 db  704 160 LStr 10 
T 558 db  704 170 Dex  7  
T 558 db  776 170 11
T 558 db  704 180 Agi  10 
T 558 db  704 190 End  10 
T 558 db  704 200 Per  10 
T 558 db  704 210 Int  13 
T 558 db  704 220 Wis  10 
T 558 db  704 230 Will 11 
T 558 db  704 240 Cha  10 
T 558 db  704 250 Mana 9  
T 558 db  704 260 Ht   175 cm
T 558 db  704 270 Wt   97 kg
T 558 db  704 290 HP: 27/37
T 558 db  704 310 Gold: 45
T 558 db  704 330 UT lvl 1
T 558 db  704 340 Day  1
T 558 db  704 350 Time 13:01
T 558 db  704 360 Turn 46
T 558 db  704 380 Satiated
T 558 buf 13 83 13:01 You slash the large hedgehog! The large hedgehog panics.
T 558 buf 13 73 13:00-13:01 (3x) The large hedgehog misses you!
T 558 buf 13 63       very badly.
T 558 buf 13 53 13:00 The large hedgehog bites you in the right arm! Your right arm bleeds
T 558 buf 13 43 13:00 (2x) The large hedgehog bites you!
T 558 buf 13 33 12:59 The large hedgehog misses you!
T 558 buf 13 23 12:59 (2x) The large hedgehog bites you!
T 558 buf 13 13 12:58-12:59 (4x) The large hedgehog misses you!
T 558 db  433 229 0
T 558 db  16 461 Belyer Asu the neutral human
T 558 db  704 150 AStr 6  
T 558 db  776 150 9
T 558 db  704 160 LStr 10 
T 558 db  704 170 Dex  7  
T 558 db  776 170 11
T 558 db  704 180 Agi  10 
T 558 db  704 190 End  10 
T 558 db  704 200 Per  10 
T 558 db  704 210 Int  13 
T 558 db  704 220 Wis  10 
T 558 db  704 230 Will 11 
T 558 db  704 240 Cha  10 
T 558 db  704 250 Mana 9  
T 558 db  704 260 Ht   175 cm
T 558 db  704 270 Wt   97 kg
T 558 db  704 290 HP: 27/37
T 558 db  704 310 Gold: 45
T 558 db  704 330 UT lvl 1
T 558 db  704 340 Day  1
T 558 db  704 350 Time 13:02
T 558 db  704 360 Turn 47
T 558 db  704 380 Satiated
T 558 db  433 229 0
T 559 db  16 461 Belyer Asu the neutral human
T 559 db  704 150 AStr 6  
T 559 db  776 150 9
T 559 db  704 160 LStr 10 
T 559 db  704 170 Dex  7  
T 559 db  776 170 11
T 559 db  704 180 Agi  10 
T 559 db  704 190 End  10 
T 559 db  704 200 Per  10 
T 559 db  704 210 Int  13 
T 559 db  704 220 Wis  10 
T 559 db  704 230 Will 11 
T 559 db  704 240 Cha  10 
T 559 db  704 250 Mana 9  
T 559 db  704 260 Ht   175 cm
T 559 db  704 270 Wt   97 kg
T 559 db  704 290 HP: 27/37
T 559 db  704 310 Gold: 45
T 559 db  704 330 UT lvl 1
T 559 db  704 340 Day  1
T 559 db  704 350 Time 13:02
T 559 db  704 360 Turn 47
T 559 db  704 380 Satiated
T 559 db  433 229 0
T 559 db  16 461 Belyer Asu the neutral human
T 559 db  704 150 AStr 6  
T 559 db  776 150 9
T 559 db  704 160 LStr 10 
T 559 db  704 170 Dex  7  
T 559 db  776 170 11
T 559 db  704 180 Agi  10 
T 559 db  704 190 End  10 
T 559 db  704 200 Per  10 
T 559 db  704 210 Int  13 
T 559 db  704 220 Wis  10 
T 559 db  704 230 Will 11 
T 559 db  704 240 Cha  10 
T 559 db  704 250 Mana 9  
T 559 db  704 260 Ht   175 cm
T 559 db  704 270 Wt   97 kg
T 559 db  704 290 HP: 27/37
T 559 db  704 310 Gold: 45
T 559 db  704 330 UT lvl 1
T 559 db  704 340 Day  1
T 559 db  704 350 Time 13:02
T 559 db  704 360 Turn 48
T 559 db  704 380 Satiated
T 559 db  433 229 0
T 560 db  16 461 Belyer Asu the neutral human
T 560 db  704 150 AStr 6  
T 560 db  776 150 9
T 560 db  704 160 LStr 10 
T 560 db  704 170 Dex  7  
T 560 db  776 170 11
T 560 db  704 180 Agi  10 
T 560 db  704 190 End  10 
T 560 db  704 200 Per  10 
T 560 db  704 210 Int  13 
T 560 db  704 220 Wis  10 
T 560 db  704 230 Will 11 
T 560 db  704 240 Cha  10 
T 560 db  704 250 Mana 9  
T 560 db  704 260 Ht   175 cm
T 560 db  704 270 Wt   97 kg
T 560 db  704 290 HP: 27/37
T 560 db  704 310 Gold: 45
T 560 db  704 330 UT lvl 1
T 560 db  704 340 Day  1
T 560 db  704 350 Time 13:02
T 560 db  704 360 Turn 48
T 560 db  704 380 Satiated
T 560 db  433 229 0
T 560 db  16 461 Belyer Asu the neutral human
T 560 db  704 150 AStr 6  
T 560 db  776 150 9
T 560 db  704 160 LStr 10 
T 560 db  704 170 Dex  7  
T 560 db  776 170 11
T 560 db  704 180 Agi  10 
T 560 db  704 190 End  10 
T 560 db  704 200 Per  10 
T 560 db  704 210 Int  13 
T 560 db  704 220 Wis  10 
T 560 db  704 230 Will 11 
T 560 db  704 240 Cha  10 
T 560 db  704 250 Mana 9  
T 560 db  704 260 Ht   175 cm
T 560 db  704 270 Wt   97 kg
T 560 db  704 290 HP: 27/37
T 560 db  704 310 Gold: 45
T 560 db  704 330 UT lvl 1
T 560 db  704 340 Day  1
T 560 db  704 350 Time 13:02
T 560 db  704 360 Turn 49
T 560 db  704 380 Satiated
T 560 db  433 229 0
T 561 db  16 461 Belyer Asu the neutral human
T 561 db  704 150 AStr 6  
T 561 db  776 150 9
T 561 db  704 160 LStr 10 
T 561 db  704 170 Dex  7  
T 561 db  776 170 11
T 561 db  704 180 Agi  10 
T 561 db  704 190 End  10 
T 561 db  704 200 Per  10 
T 561 db  704 210 Int  13 
T 561 db  704 220 Wis  10 
T 561 db  704 230 Will 11 
T 561 db  704 240 Cha  10 
T 561 db  704 250 Mana 9  
T 561 db  704 260 Ht   175 cm
T 561 db  704 270 Wt   97 kg
T 561 db  704 290 HP: 27/37
T 561 db  704 310 Gold: 45
T 561 db  704 330 UT lvl 1
T 561 db  704 340 Day  1
T 561 db  704 350 Time 13:02
T 561 db  704 360 Turn 50
T 561 db  704 380 Satiated
T 562 db  16 461 Belyer Asu the neutral human
T 562 db  704 150 AStr 6  
T 562 db  776 150 9
T 562 db  704 160 LStr 10 
T 562 db  704 170 Dex  7  
T 562 db  776 170 11
T 562 db  704 180 Agi  10 
T 562 db  704 190 End  10 
T 562 db  704 200 Per  10 
T 562 db  704 210 Int  14 
T 562 db  704 220 Wis  10 
T 562 db  704 230 Will 11 
T 562 db  704 240 Cha  10 
T 562 db  704 250 Mana 9  
T 562 db  704 260 Ht   175 cm
T 562 db  704 270 Wt   97 kg
T 562 db  704 290 HP: 27/37
T 562 db  704 310 Gold: 45
T 562 db  704 330 UT lvl 1
T 562 db  704 340 Day  1
T 562 db  704 350 Time 13:02
T 562 db  704 360 Turn 50
T 562 db  704 380 Satiated
T 562 buf 13 83       simple.
T 562 buf 13 73 13:02 Suddenly the inner structure of the Multiverse around you looks quite
T 562 buf 13 63 13:01 You slash the large hedgehog! The large hedgehog panics.
T 562 buf 13 53 13:00-13:01 (3x) The large hedgehog misses you!
T 562 buf 13 43       very badly.
T 562 buf 13 33 13:00 The large hedgehog bites you in the right arm! Your right arm bleeds
T 562 buf 13 23 13:00 (2x) The large hedgehog bites you!
T 562 buf 13 13 12:59 The large hedgehog misses you!
T 562 db  481 213 2
T 562 db  16 461 Belyer Asu the neutral human
T 562 db  704 150 AStr 6  
T 562 db  776 150 9
T 562 db  704 160 LStr 10 
T 562 db  704 170 Dex  7  
T 562 db  776 170 11
T 562 db  704 180 Agi  10 
T 562 db  704 190 End  10 
T 562 db  704 200 Per  10 
T 562 db  704 210 Int  14 
T 562 db  704 220 Wis  10 
T 562 db  704 230 Will 11 
T 562 db  704 240 Cha  10 
T 562 db  704 250 Mana 9  
T 562 db  704 260 Ht   175 cm
T 562 db  704 270 Wt   97 kg
T 562 db  704 290 HP: 27/37
T 562 db  704 310 Gold: 45
T 562 db  704 330 UT lvl 1
T 562 db  704 340 Day  1
T 562 db  704 350 Time 13:06
T 562 db  704 360 Turn 51
T 562 db  704 380 Satiated
T 562 db  481 213 2
T 563 db  16 461 Belyer Asu the neutral human
T 563 db  704 150 AStr 6  
T 563 db  776 150 9
T 563 db  704 160 LStr 10 
T 563 db  704 170 Dex  7  
T 563 db  776 170 11
T 563 db  704 180 Agi  10 
T 563 db  704 190 End  10 
T 563 db  704 200 Per  10 
T 563 db  704 210 Int  14 
T 563 db  704 220 Wis  10 
T 563 db  704 230 Will 11 
T 563 db  704 240 Cha  10 
T 563 db  704 250 Mana 9  
T 563 db  704 260 Ht   175 cm
T 563 db  704 270 Wt   97 kg
T 563 db  704 290 HP: 27/37
T 563 db  704 310 Gold: 45
T 563 db  704 330 UT lvl 1
T 563 db  704 340 Day  1
T 563 db  704 350 Time 13:06
T 563 db  704 360 Turn 51
T 563 db  704 380 Satiated
T 563 buf 13 83       simple.
T 563 buf 13 73 13:02 Suddenly the inner structure of the Multiverse around you looks quite
T 563 buf 13 63 13:01 You slash the large hedgehog! The large hedgehog panics.
T 563 buf 13 53 13:00-13:01 (3x) The large hedgehog misses you!
T 563 buf 13 43       very badly.
T 563 buf 13 33 13:00 The large hedgehog bites you in the right arm! Your right arm bleeds
T 563 buf 13 23 13:00 (2x) The large hedgehog bites you!
T 563 buf 13 13 12:59 The large hedgehog misses you!
T 563 db  481 213 1
T 563 db  16 461 Belyer Asu the neutral human
T 563 db  704 150 AStr 6  
T 563 db  776 150 9
T 563 db  704 160 LStr 10 
T 563 db  704 170 Dex  7  
T 563 db  776 170 11
T 563 db  704 180 Agi  10 
T 563 db  704 190 End  10 
T 563 db  704 200 Per  10 
T 563 db  704 210 Int  14 
T 563 db  704 220 Wis  10 
T 563 db  704 230 Will 11 
T 563 db  704 240 Cha  10 
T 563 db  704 250 Mana 9  
T 563 db  704 260 Ht   175 cm
T 563 db  704 270 Wt   97 kg
T 563 db  704 290 HP: 27/37
T 563 db  704 310 Gold: 45
T 563 db  704 330 UT lvl 1
T 563 db  704 340 Day  1
T 563 db  704 350 Time 13:06
T 563 db  704 360 Turn 52
T 563 db  704 380 Satiated
T 563 buf 13 83 13:06 An empty can is lying here.
T 563 buf 13 73       simple.
T 563 buf 13 63 13:02 Suddenly the inner structure of the Multiverse around you looks quite
T 563 buf 13 53 13:01 You slash the large hedgehog! The large hedgehog panics.
T 563 buf 13 43 13:00-13:01 (3x) The large hedgehog misses you!
T 563 buf 13 33       very badly.
T 563 buf 13 23 13:00 The large hedgehog bites you in the right arm! Your right arm bleeds
T 563 buf 13 13 13:00 (2x) The large hedgehog bites you!
T 563 db  481 213 1
T 564 db  16 461 Belyer Asu the neutral human
T 564 db  704 150 AStr 6  
T 564 db  776 150 9
T 564 db  704 160 LStr 10 
T 564 db  704 170 Dex  7  
T 564 db  776 170 11
T 564 db  704 180 Agi  10 
T 564 db  704 190 End  10 
T 564 db  704 200 Per  10 
T 564 db  704 210 Int  14 
T 564 db  704 220 Wis  10 
T 564 db  704 230 Will 11 
T 564 db  704 240 Cha  10 
T 564 db  704 250 Mana 9  
T 564 db  704 260 Ht   175 cm
T 564 db  704 270 Wt   97 kg
T 564 db  704 290 HP: 27/37
T 564 db  704 310 Gold: 45
T 564 db  704 330 UT lvl 1
T 564 db  704 340 Day  1
T 564 db  704 350 Time 13:06
T 564 db  704 360 Turn 52
T 564 db  704 380 Satiated
T 564 buf 13 83 13:06 An empty can is lying here.
T 564 buf 13 73       simple.
T 564 buf 13 63 13:02 Suddenly the inner structure of the Multiverse around you looks quite
T 564 buf 13 53 13:01 You slash the large hedgehog! The large hedgehog panics.
T 564 buf 13 43 13:00-13:01 (3x) The large hedgehog misses you!
T 564 buf 13 33       very badly.
T 564 buf 13 23 13:00 The large hedgehog bites you in the right arm! Your right arm bleeds
T 564 buf 13 13 13:00 (2x) The large hedgehog bites you!
T 564 db  481 213 0
T 564 db  16 461 Belyer Asu the neutral human
T 564 db  704 150 AStr 6  
T 564 db  776 150 9
T 564 db  704 160 LStr 10 
T 564 db  704 170 Dex  7  
T 564 db  776 170 11
T 564 db  704 180 Agi  10 
T 564 db  704 190 End  10 
T 564 db  704 200 Per  10 
T 564 db  704 210 Int  14 
T 564 db  704 220 Wis  10 
T 564 db  704 230 Will 11 
T 564 db  704 240 Cha  10 
T 564 db  704 250 Mana 9  
T 564 db  704 260 Ht   175 cm
T 564 db  704 270 Wt   97 kg
T 564 db  704 290 HP: 27/37
T 564 db  704 310 Gold: 45
T 564 db  704 330 UT lvl 1
T 564 db  704 340 Day  1
T 564 db  704 350 Time 13:07
T 564 db  704 360 Turn 53
T 564 db  704 380 Satiated
T 564 db  481 213 0
T 565 db  16 461 Belyer Asu the neutral human
T 565 db  704 150 AStr 6  
T 565 db  776 150 9
T 565 db  704 160 LStr 10 
T 565 db  704 170 Dex  7  
T 565 db  776 170 11
T 565 db  704 180 Agi  10 
T 565 db  704 190 End  10 
T 565 db  704 200 Per  10 
T 565 db  704 210 Int  14 
T 565 db  704 220 Wis  10 
T 565 db  704 230 Will 11 
T 565 db  704 240 Cha  10 
T 565 db  704 250 Mana 9  
T 565 db  704 260 Ht   175 cm
T 565 db  704 270 Wt   97 kg
T 565 db  704 290 HP: 27/37
T 565 db  704 310 Gold: 45
T 565 db  704 330 UT lvl 1
T 565 db  704 340 Day  1
T 565 db  704 350 Time 13:07
T 565 db  704 360 Turn 54
T 565 db  704 380 Satiated
T 566 db  16 461 Belyer Asu the neutral human
T 566 db  704 150 AStr 6  
T 566 db  776 150 9
T 566 db  704 160 LStr 10 
T 566 db  704 170 Dex  7  
T 566 db  776 170 11
T 566 db  704 180 Agi  10 
T 566 db  704 190 End  10 
T 566 db  704 200 Per  10 
T 566 db  704 210 Int  14 
T 566 db  704 220 Wis  10 
T 566 db  704 230 Will 11 
T 566 db  704 240 Cha  10 
T 566 db  704 250 Mana 9  
T 566 db  704 260 Ht   175 cm
T 566 db  704 270 Wt   97 kg
T 566 db  704 290 HP: 27/37
T 566 db  704 310 Gold: 45
T 566 db  704 330 UT lvl 1
T 566 db  704 340 Day  1
T 566 db  704 350 Time 13:07
T 566 db  704 360 Turn 54
T 566 db  704 380 Satiated
T 566 db  545 213 3
T 566 db  16 461 Belyer Asu the neutral human
T 566 db  704 150 AStr 6  
T 566 db  776 150 9
T 566 db  704 160 LStr 10 
T 566 db  704 170 Dex  7  
T 566 db  776 170 11
T 566 db  704 180 Agi  10 
T 566 db  704 190 End  10 
T 566 db  704 200 Per  10 
T 566 db  704 210 Int  14 
T 566 db  704 220 Wis  10 
T 566 db  704 230 Will 11 
T 566 db  704 240 Cha  10 
T 566 db  704 250 Mana 9  
T 566 db  704 260 Ht   175 cm
T 566 db  704 270 Wt   97 kg
T 566 db  704 290 HP: 27/37
T 566 db  704 310 Gold: 45
T 566 db  704 330 UT lvl 1
T 566 db  704 340 Day  1
T 566 db  704 350 Time 13:11
T 566 db  704 360 Turn 55
T 566 db  704 380 Satiated
T 566 db  545 213 3
T 567 db  16 461 Belyer Asu the neutral human
T 567 db  704 150 AStr 6  
T 567 db  776 150 9
T 567 db  704 160 LStr 10 
T 567 db  704 170 Dex  7  
T 567 db  776 170 11
T 567 db  704 180 Agi  10 
T 567 db  704 190 End  10 
T 567 db  704 200 Per  10 
T 567 db  704 210 Int  14 
T 567 db  704 220 Wis  10 
T 567 db  704 230 Will 11 
T 567 db  704 240 Cha  10 
T 567 db  704 250 Mana 9  
T 567 db  704 260 Ht   175 cm
T 567 db  704 270 Wt   97 kg
T 567 db  704 290 HP: 27/37
T 567 db  704 310 Gold: 45
T 567 db  704 330 UT lvl 1
T 567 db  704 340 Day  1
T 567 db  704 350 Time 13:11
T 567 db  704 360 Turn 55
T 567 db  704 380 Satiated
T 567 db  545 213 2
T 567 db  16 461 Belyer Asu the neutral human
T 567 db  704 150 AStr 6  
T 567 db  776 150 9
T 567 db  704 160 LStr 10 
T 567 db  704 170 Dex  7  
T 567 db  776 170 11
T 567 db  704 180 Agi  10 
T 567 db  704 190 End  10 
T 567 db  704 200 Per  10 
T 567 db  704 210 Int  14 
T 567 db  704 220 Wis  10 
T 567 db  704 230 Will 11 
T 567 db  704 240 Cha  10 
T 567 db  704 250 Mana 9  
T 567 db  704 260 Ht   175 cm
T 567 db  704 270 Wt   97 kg
T 567 db  704 290 HP: 27/37
T 567 db  704 310 Gold: 45
T 567 db  704 330 UT lvl 1
T 567 db  704 340 Day  1
T 567 db  704 350 Time 13:11
T 567 db  704 360 Turn 56
T 567 db  704 380 Satiated
T 567 db  545 213 2
T 568 db  16 461 Belyer Asu the neutral human
T 568 db  704 150 AStr 6  
T 568 db  776 150 9
T 568 db  704 160 LStr 10 
T 568 db  704 170 Dex  7  
T 568 db  776 170 11
T 568 db  704 180 Agi  10 
T 568 db  704 190 End  10 
T 568 db  704 200 Per  10 
T 568 db  704 210 Int  14 
T 568 db  704 220 Wis  10 
T 568 db  704 230 Will 11 
T 568 db  704 240 Cha  10 
T 568 db  704 250 Mana 9  
T 568 db  704 260 Ht   175 cm
T 568 db  704 270 Wt   97 kg
T 568 db  704 290 HP: 27/37
T 568 db  704 310 Gold: 45
T 568 db  704 330 UT lvl 1
T 568 db  704 340 Day  1
T 568 db  704 350 Time 13:11
T 568 db  704 360 Turn 56
T 568 db  704 380 Satiated
T 568 db  545 213 1
T 568 db  16 461 Belyer Asu the neutral human
T 568 db  704 150 AStr 6  
T 568 db  776 150 9
T 568 db  704 160 LStr 10 
T 568 db  704 170 Dex  7  
T 568 db  776 170 11
T 568 db  704 180 Agi  10 
T 568 db  704 190 End  10 
T 568 db  704 200 Per  10 
T 568 db  704 210 Int  14 
T 568 db  704 220 Wis  10 
T 568 db  704 230 Will 11 
T 568 db  704 240 Cha  10 
T 568 db  704 250 Mana 9  
T 568 db  704 260 Ht   175 cm
T 568 db  704 270 Wt   97 kg
T 568 db  704 290 HP: 27/37
T 568 db  704 310 Gold: 45
T 568 db  704 330 UT lvl 1
T 568 db  704 340 Day  1
T 568 db  704 350 Time 13:11
T 568 db  704 360 Turn 57
T 568 db  704 380 Satiated
T 568 db  545 213 1
T 569 db  16 461 Belyer Asu the neutral human
T 569 db  704 150 AStr 6  
T 569 db  776 150 9
T 569 db  704 160 LStr 10 
T 569 db  704 170 Dex  7  
T 569 db  776 170 11
T 569 db  704 180 Agi  10 
T 569 db  704 190 End  10 
T 569 db  704 200 Per  10 
T 569 db  704 210 Int  14 
T 569 db  704 220 Wis  10 
T 569 db  704 230 Will 11 
T 569 db  704 240 Cha  10 
T 569 db  704 250 Mana 9  
T 569 db  704 260 Ht   175 cm
T 569 db  704 270 Wt   97 kg
T 569 db  704 290 HP: 27/37
T 569 db  704 310 Gold: 45
T 569 db  704 330 UT lvl 1
T 569 db  704 340 Day  1
T 569 db  704 350 Time 13:11
T 569 db  704 360 Turn 57
T 569 db  704 380 Satiated
T 569 db  545 213 0
T 569 db  16 461 Belyer Asu the neutral human
T 569 db  704 150 AStr 6  
T 569 db  776 150 9
T 569 db  704 160 LStr 10 
T 569 db  704 170 Dex  7  
T 569 db  776 170 11
T 569 db  704 180 Agi  10 
T 569 db  704 190 End  10 
T 569 db  704 200 Per  10 
T 569 db  704 210 Int  14 
T 569 db  704 220 Wis  10 
T 569 db  704 230 Will 11 
T 569 db  704 240 Cha  10 
T 569 db  704 250 Mana 9  
T 569 db  704 260 Ht   175 cm
T 569 db  704 270 Wt   97 kg
T 569 db  704 290 HP: 27/37
T 569 db  704 310 Gold: 45
T 569 db  704 330 UT lvl 1
T 569 db  704 340 Day  1
T 569 db  704 350 Time 13:12
T 569 db  704 360 Turn 58
T 569 db  704 380 Satiated
T 569 buf 13 83       passes.
T 569 buf 13 73       Kenny the puppy is killed. You feel sad for a moment, but then it
T 569 buf 13 63 13:12 The zombie critically strikes Kenny the puppy with its shark tooth mace!
T 569 buf 13 53 13:12 Kenny the puppy bites the zombie in the left arm!
T 569 buf 13 43 13:11 Kenny the puppy bites the zombie!
T 569 buf 13 33 13:06 An empty can is lying here.
T 569 buf 13 23       simple.
T 569 buf 13 13 13:02 Suddenly the inner structure of the Multiverse around you looks quite
T 569 db  545 213 0
T 570 db  16 461 Belyer Asu the neutral human
T 570 db  704 150 AStr 6  
T 570 db  776 150 9
T 570 db  704 160 LStr 10 
T 570 db  704 170 Dex  7  
T 570 db  776 170 11
T 570 db  704 180 Agi  10 
T 570 db  704 190 End  10 
T 570 db  704 200 Per  10 
T 570 db  704 210 Int  14 
T 570 db  704 220 Wis  10 
T 570 db  704 230 Will 11 
T 570 db  704 240 Cha  10 
T 570 db  704 250 Mana 9  
T 570 db  704 260 Ht   175 cm
T 570 db  704 270 Wt   97 kg
T 570 db  704 290 HP: 27/37
T 570 db  704 310 Gold: 45
T 570 db  704 330 UT lvl 1
T 570 db  704 340 Day  1
T 570 db  704 350 Time 13:12
T 570 db  704 360 Turn 59
T 570 db  704 380 Satiated
T 570 buf 13 83       passes.
T 570 buf 13 73       Kenny the puppy is killed. You feel sad for a moment, but then it
T 570 buf 13 63 13:12 The zombie critically strikes Kenny the puppy with its shark tooth mace!
T 570 buf 13 53 13:12 Kenny the puppy bites the zombie in the left arm!
T 570 buf 13 43 13:11 Kenny the puppy bites the zombie!
T 570 buf 13 33 13:06 An empty can is lying here.
T 570 buf 13 23       simple.
T 570 buf 13 13 13:02 Suddenly the inner structure of the Multiverse around you looks quite
T 571 db  16 461 Belyer Asu the neutral human
T 571 db  704 150 AStr 6  
T 571 db  776 150 9
T 571 db  704 160 LStr 10 
T 571 db  704 170 Dex  7  
T 571 db  776 170 11
T 571 db  704 180 Agi  10 
T 571 db  704 190 End  10 
T 571 db  704 200 Per  10 
T 571 db  704 210 Int  14 
T 571 db  704 220 Wis  10 
T 571 db  704 230 Will 11 
T 571 db  704 240 Cha  10 
T 571 db  704 250 Mana 9  
T 571 db  704 260 Ht   175 cm
T 571 db  704 270 Wt   97 kg
T 571 db  704 290 HP: 27/37
T 571 db  704 310 Gold: 45
T 571 db  704 330 UT lvl 1
T 571 db  704 340 Day  1
T 571 db  704 350 Time 13:12
T 571 db  704 360 Turn 59
T 571 db  704 380 Satiated
T 571 db  529 245 1
T 571 db  16 461 Belyer Asu the neutral human
T 571 db  704 150 AStr 6  
T 571 db  776 150 9
T 571 db  704 160 LStr 10 
T 571 db  704 170 Dex  7  
T 571 db  776 170 11
T 571 db  704 180 Agi  10 
T 571 db  704 190 End  10 
T 571 db  704 200 Per  10 
T 571 db  704 210 Int  14 
T 571 db  704 220 Wis  10 
T 571 db  704 230 Will 11 
T 571 db  704 240 Cha  10 
T 571 db  704 250 Mana 9  
T 571 db  704 260 Ht   175 cm
T 571 db  704 270 Wt   97 kg
T 571 db  704 290 HP: 15/37
T 571 db  704 310 Gold: 45
T 571 db  704 330 UT lvl 1
T 571 db  704 340 Day  1
T 571 db  704 350 Time 13:15
T 571 db  704 360 Turn 60
T 571 db  704 380 Satiated
T 571 buf 13 83       blood! Death message: overpowered by a zombie. Score: 9. You die.
T 571 buf 13 73 13:15 The zombie critically strikes you with its shark tooth mace covered with
T 571 buf 13 63 13:15 The zombie misses you!
T 571 buf 13 53 13:15 The large hedgehog calms down.
T 571 buf 13 43 13:15 (2x) The zombie misses you!
T 571 buf 13 33 13:14 The zombie strikes you with its shark tooth mace covered with blood!
T 571 buf 13 23 13:14 The zombie misses you!
T 571 buf 13 13 13:13 The zombie strikes you with its shark tooth mace covered with blood!
T 571 db  529 245 0
T 572 db  16 461 Belyer Asu the neutral human
T 572 db  704 150 AStr 9  
T 572 db  704 160 LStr 10 
T 572 db  704 170 Dex  11 
T 572 db  704 180 Agi  10 
T 572 db  704 190 End  10 
T 572 db  704 200 Per  10 
T 572 db  704 210 Int  14 
T 572 db  704 220 Wis  10 
T 572 db  704 230 Will 11 
T 572 db  704 240 Cha  10 
T 572 db  704 250 Mana 9  
T 572 db  704 260 Ht   175 cm
T 572 db  704 270 Wt   97 kg
T 572 db  704 290 HP: 37/37
T 572 db  704 310 Gold: 45
T 572 db  704 330 UT lvl 1
T 572 db  704 340 Day  1
T 572 db  704 350 Time 13:15
T 572 db  704 360 Turn 60
T 572 db  529 245 0
T 573 db  16 461 Belyer Asu the neutral human
T 573 db  704 150 AStr 9  
T 573 db  704 160 LStr 10 
T 573 db  704 170 Dex  11 
T 573 db  704 180 Agi  10 
T 573 db  704 190 End  10 
T 573 db  704 200 Per  10 
T 573 db  704 210 Int  14 
T 573 db  704 220 Wis  10 
T 573 db  704 230 Will 11 
T 573 db  704 240 Cha  10 
T 573 db  704 250 Mana 9  
T 573 db  704 260 Ht   175 cm
T 573 db  704 270 Wt   97 kg
T 573 db  704 290 HP: 37/37
T 573 db  704 310 Gold: 45
T 573 db  704 330 UT lvl 1
T 573 db  704 340 Day  1
T 573 db  704 350 Time 13:16
T 573 db  704 360 Turn 61
T 573 buf 13 83 13:15 You miss the zombie!
T 573 buf 13 73       blood! Death message: overpowered by a zombie. Score: 9. You die.
T 573 buf 13 63 13:15 The zombie critically strikes you with its shark tooth mace covered with
T 573 buf 13 53 13:15 The zombie misses you!
T 573 buf 13 43 13:15 The large hedgehog calms down.
T 573 buf 13 33 13:15 (2x) The zombie misses you!
T 573 buf 13 23 13:14 The zombie strikes you with its shark tooth mace covered with blood!
T 573 buf 13 13 13:14 The zombie misses you!
T 573 db  529 245 0
T 574 db  16 461 Belyer Asu the neutral human
T 574 db  704 150 AStr 9  
T 574 db  704 160 LStr 10 
T 574 db  704 170 Dex  11 
T 574 db  704 180 Agi  10 
T 574 db  704 190 End  10 
T 574 db  704 200 Per  10 
T 574 db  704 210 Int  14 
T 574 db  704 220 Wis  10 
T 574 db  704 230 Will 11 
T 574 db  704 240 Cha  10 
T 574 db  704 250 Mana 9  
T 574 db  704 260 Ht   175 cm
T 574 db  704 270 Wt   97 kg
T 574 db  704 290 HP: 34/37
T 574 db  704 310 Gold: 45
T 574 db  704 330 UT lvl 1
T 574 db  704 340 Day  1
T 574 db  704 350 Time 13:16
T 574 db  704 360 Turn 62
T 574 buf 13 83 13:16 The zombie strikes you with its shark tooth mace covered with blood!
T 574 buf 13 73 13:15-13:16 (2x) You miss the zombie!
T 574 buf 13 63       blood! Death message: overpowered by a zombie. Score: 9. You die.
T 574 buf 13 53 13:15 The zombie critically strikes you with its shark tooth mace covered with
T 574 buf 13 43 13:15 The zombie misses you!
T 574 buf 13 33 13:15 The large hedgehog calms down.
T 574 buf 13 23 13:15 (2x) The zombie misses you!
T 574 buf 13 13 13:14 The zombie strikes you with its shark tooth mace covered with blood!
T 574 db  529 245 0
T 575 db  16 461 Belyer Asu the neutral human
T 575 db  704 150 AStr 9  
T 575 db  704 160 LStr 10 
T 575 db  704 170 Dex  11 
T 575 db  704 180 Agi  10 
T 575 db  704 190 End  10 
T 575 db  704 200 Per  10 
T 575 db  704 210 Int  14 
T 575 db  704 220 Wis  10 
T 575 db  704 230 Will 11 
T 575 db  704 240 Cha  10 
T 575 db  704 250 Mana 9  
T 575 db  704 260 Ht   175 cm
T 575 db  704 270 Wt   97 kg
T 575 db  704 290 HP: 32/37
T 575 db  704 310 Gold: 45
T 575 db  704 330 UT lvl 1
T 575 db  704 340 Day  1
T 575 db  704 350 Time 13:16
T 575 db  704 360 Turn 63
T 575 buf 13 83 13:16 The large hedgehog bites you!
T 575 buf 13 73 13:16 The zombie misses you!
T 575 buf 13 63 13:16 "Need brain!!"
T 575 buf 13 53       shark tooth mace covered with blood!
T 575 buf 13 43 13:16 You slash the zombie! The zombie manages to block the attack with its
T 575 buf 13 33 13:16 The zombie strikes you with its shark tooth mace covered with blood!
T 575 buf 13 23 13:15-13:16 (2x) You miss the zombie!
T 575 buf 13 13       blood! Death message: overpowered by a zombie. Score: 9. You die.
T 575 db  529 245 0
T 576 db  16 461 Belyer Asu the neutral human
T 576 db  704 150 AStr 9  
T 576 db  704 160 LStr 10 
T 576 db  704 170 Dex  11 
T 576 db  704 180 Agi  10 
T 576 db  704 190 End  10 
T 576 db  704 200 Per  10 
T 576 db  704 210 Int  14 
T 576 db  704 220 Wis  10 
T 576 db  704 230 Will 11 
T 576 db  704 240 Cha  10 
T 576 db  704 250 Mana 9  
T 576 db  704 260 Ht   175 cm
T 576 db  704 270 Wt   97 kg
T 576 db  704 290 HP: 28/37
T 576 db  704 310 Gold: 45
T 576 db  704 330 UT lvl 1
T 576 db  704 340 Day  1
T 576 db  704 350 Time 13:17
T 576 db  704 360 Turn 64
T 576 buf 13 83 13:16-13:17 (2x) The large hedgehog bites you!
T 576 buf 13 73 13:16 The zombie misses you!
T 576 buf 13 63 13:16 You miss the large hedgehog!
T 576 buf 13 53 13:16 The large hedgehog bites you!
T 576 buf 13 43 13:16 The zombie misses you!
T 576 buf 13 33 13:16 "Need brain!!"
T 576 buf 13 23       shark tooth mace covered with blood!
T 576 buf 13 13 13:16 You slash the zombie! The zombie manages to block the attack with its
T 576 db  529 245 0
T 577 db  16 461 Belyer Asu the neutral human
T 577 db  704 150 AStr 9  
T 577 db  704 160 LStr 10 
T 577 db  704 170 Dex  11 
T 577 db  704 180 Agi  10 
T 577 db  704 190 End  10 
T 577 db  704 200 Per  10 
T 577 db  704 210 Int  14 
T 577 db  704 220 Wis  10 
T 577 db  704 230 Will 11 
T 577 db  704 240 Cha  10 
T 577 db  704 250 Mana 9  
T 577 db  704 260 Ht   175 cm
T 577 db  704 270 Wt   97 kg
T 577 db  704 290 HP: 28/37
T 577 db  704 310 Gold: 45
T 577 db  704 330 UT lvl 1
T 577 db  704 340 Day  1
T 577 db  704 350 Time 13:17
T 577 db  704 360 Turn 65
T 577 buf 13 83 13:17 The zombie misses you!
T 577 buf 13 73       iron axe covered with blood! The large hedgehog is slain.
T 577 buf 13 63 13:17 You slash the large hedgehog! You advance to skill level 1 with your
T 577 buf 13 53 13:16-13:17 (2x) The large hedgehog bites you!
T 577 buf 13 43 13:16 The zombie misses you!
T 577 buf 13 33 13:16 You miss the large hedgehog!
T 577 buf 13 23 13:16 The large hedgehog bites you!
T 577 buf 13 13 13:16 The zombie misses you!
T 577 db  529 245 0
T 578 db  16 461 Belyer Asu the neutral human
T 578 db  704 150 AStr 9  
T 578 db  704 160 LStr 10 
T 578 db  704 170 Dex  11 
T 578 db  704 180 Agi  10 
T 578 db  704 190 End  10 
T 578 db  704 200 Per  10 
T 578 db  704 210 Int  14 
T 578 db  704 220 Wis  10 
T 578 db  704 230 Will 11 
T 578 db  704 240 Cha  10 
T 578 db  704 250 Mana 9  
T 578 db  704 260 Ht   175 cm
T 578 db  704 270 Wt   97 kg
T 578 db  704 290 HP: 27/37
T 578 db  704 310 Gold: 45
T 578 db  704 330 UT lvl 1
T 578 db  704 340 Day  1
T 578 db  704 350 Time 13:17
T 578 db  704 360 Turn 66
T 578 buf 13 83       blood!
T 578 buf 13 73       blood! You advance to skill level 3 with your iron axe covered with
T 578 buf 13 63       manage to partially block the attack with your iron axe covered with
T 578 buf 13 53 13:17 The zombie strikes you with its shark tooth mace covered with blood! You
T 578 buf 13 43       covered with blood!
T 578 buf 13 33 13:17 You slash the zombie! You advance to skill level 2 with your iron axe
T 578 buf 13 23 13:17 The zombie misses you!
T 578 buf 13 13       iron axe covered with blood! The large hedgehog is slain.
T 578 db  529 245 0
T 579 db  16 461 Belyer Asu the neutral human
T 579 db  704 150 AStr 9  
T 579 db  704 160 LStr 10 
T 579 db  704 170 Dex  11 
T 579 db  704 180 Agi  10 
T 579 db  704 190 End  10 
T 579 db  704 200 Per  10 
T 579 db  704 210 Int  14 
T 579 db  704 220 Wis  10 
T 579 db  704 230 Will 11 
T 579 db  704 240 Cha  10 
T 579 db  704 250 Mana 9  
T 579 db  704 260 Ht   175 cm
T 579 db  704 270 Wt   97 kg
T 579 db  704 290 HP: 27/37
T 579 db  704 310 Gold: 45
T 579 db  704 330 UT lvl 1
T 579 db  704 340 Day  1
T 579 db  704 350 Time 13:18
T 579 db  704 360 Turn 67
T 579 buf 13 83 13:17 The zombie misses you!
T 579 buf 13 73       shark tooth mace covered with blood!
T 579 buf 13 63 13:17 You slash the zombie! The zombie manages to block the attack with its
T 579 buf 13 53       blood!
T 579 buf 13 43       blood! You advance to skill level 3 with your iron axe covered with
T 579 buf 13 33       manage to partially block the attack with your iron axe covered with
T 579 buf 13 23 13:17 The zombie strikes you with its shark tooth mace covered with blood! You
T 579 buf 13 13       covered with blood!
T 579 db  529 245 0
T 580 db  16 461 Belyer Asu the neutral human
T 580 db  704 150 AStr 9  
T 580 db  704 160 LStr 10 
T 580 db  704 170 Dex  11 
T 580 db  704 180 Agi  10 
T 580 db  704 190 End  10 
T 580 db  704 200 Per  10 
T 580 db  704 210 Int  14 
T 580 db  704 220 Wis  10 
T 580 db  704 230 Will 11 
T 580 db  704 240 Cha  10 
T 580 db  704 250 Mana 9  
T 580 db  704 260 Ht   175 cm
T 580 db  704 270 Wt   97 kg
T 580 db  704 290 HP: 27/37
T 580 db  704 310 Gold: 45
T 580 db  704 330 UT lvl 1
T 580 db  704 340 Day  1
T 580 db  704 350 Time 13:18
T 580 db  704 360 Turn 68
T 580 buf 13 83 13:18 The zombie misses you!
T 580 buf 13 73 13:18 You slash the zombie!
T 580 buf 13 63 13:17 The zombie misses you!
T 580 buf 13 53       shark tooth mace covered with blood!
T 580 buf 13 43 13:17 You slash the zombie! The zombie manages to block the attack with its
T 580 buf 13 33       blood!
T 580 buf 13 23       blood! You advance to skill level 3 with your iron axe covered with
T 580 buf 13 13       manage to partially block the attack with your iron axe covered with
T 580 db  529 245 0
T 581 db  16 461 Belyer Asu the neutral human
T 581 db  704 150 AStr 9  
T 581 db  704 160 LStr 10 
T 581 db  704 170 Dex  11 
T 581 db  704 180 Agi  10 
T 581 db  704 190 End  10 
T 581 db  704 200 Per  10 
T 581 db  704 210 Int  14 
T 581 db  704 220 Wis  10 
T 581 db  704 230 Will 11 
T 581 db  704 240 Cha  10 
T 581 db  704 250 Mana 9  
T 581 db  704 260 Ht   175 cm
T 581 db  704 270 Wt   97 kg
T 581 db  704 290 HP: 27/37
T 581 db  704 310 Gold: 45
T 581 db  704 330 UT lvl 1
T 581 db  704 340 Day  1
T 581 db  704 350 Time 13:18
T 581 db  704 360 Turn 69
T 581 buf 13 83 13:18 The zombie misses you!
T 581 buf 13 73       advance to skill level 4 with your iron axe covered with blood!
T 581 buf 13 63 13:18 You slash the zombie! You advance to skill level 1 with axes! You
T 581 buf 13 53 13:18 The zombie misses you!
T 581 buf 13 43 13:18 You slash the zombie!
T 581 buf 13 33 13:17 The zombie misses you!
T 581 buf 13 23       shark tooth mace covered with blood!
T 581 buf 13 13 13:17 You slash the zombie! The zombie manages to block the attack with its
T 581 db  529 245 0
T 582 db  16 461 Belyer Asu the neutral human
T 582 db  704 150 AStr 9  
T 582 db  704 160 LStr 10 
T 582 db  704 170 Dex  11 
T 582 db  704 180 Agi  10 
T 582 db  704 190 End  10 
T 582 db  704 200 Per  10 
T 582 db  704 210 Int  14 
T 582 db  704 220 Wis  10 
T 582 db  704 230 Will 11 
T 582 db  704 240 Cha  10 
T 582 db  704 250 Mana 9  
T 582 db  704 260 Ht   175 cm
T 582 db  704 270 Wt   97 kg
T 582 db  704 290 HP: 27/37
T 582 db  704 310 Gold: 45
T 582 db  704 330 UT lvl 1
T 582 db  704 340 Day  1
T 582 db  704 350 Time 13:18
T 582 db  704 360 Turn 70
T 582 buf 13 83 13:18 The zombie misses you!
T 582 buf 13 73 13:18 You miss the zombie!
T 582 buf 13 63 13:18 The zombie misses you!
T 582 buf 13 53       advance to skill level 4 with your iron axe covered with blood!
T 582 buf 13 43 13:18 You slash the zombie! You advance to skill level 1 with axes! You
T 582 buf 13 33 13:18 The zombie misses you!
T 582 buf 13 23 13:18 You slash the zombie!
T 582 buf 13 13 13:17 The zombie misses you!
T 582 db  529 245 0
T 583 db  16 461 Belyer Asu the neutral human
T 583 db  704 150 AStr 9  
T 583 db  704 160 LStr 10 
T 583 db  704 170 Dex  11 
T 583 db  704 180 Agi  10 
T 583 db  704 190 End  10 
T 583 db  704 200 Per  10 
T 583 db  704 210 Int  14 
T 583 db  704 220 Wis  10 
T 583 db  704 230 Will 11 
T 583 db  704 240 Cha  10 
T 583 db  704 250 Mana 9  
T 583 db  704 260 Ht   175 cm
T 583 db  704 270 Wt   97 kg
T 583 db  704 290 HP: 21/37
T 583 db  704 310 Gold: 45
T 583 db  704 330 UT lvl 1
T 583 db  704 340 Day  1
T 583 db  704 350 Time 13:18
T 583 db  704 360 Turn 71
T 583 buf 13 83       Death message: slaughtered by a zombie. Score: 12. You die.
T 583 buf 13 73 13:18 The zombie strikes you with its shark tooth mace covered with blood!
T 583 buf 13 63       shark tooth mace covered with blood!
T 583 buf 13 53 13:18 You slash the zombie! The zombie manages to block the attack with its
T 583 buf 13 43 13:18 The zombie misses you!
T 583 buf 13 33 13:18 You miss the zombie!
T 583 buf 13 23 13:18 The zombie misses you!
T 583 buf 13 13       advance to skill level 4 with your iron axe covered with blood!
T 583 db  529 245 0
T 584 db  16 461 Belyer Asu the neutral human
T 584 db  704 150 AStr 9  
T 584 db  704 160 LStr 10 
T 584 db  704 170 Dex  11 
T 584 db  704 180 Agi  10 
T 584 db  704 190 End  10 
T 584 db  704 200 Per  10 
T 584 db  704 210 Int  14 
T 584 db  704 220 Wis  10 
T 584 db  704 230 Will 11 
T 584 db  704 240 Cha  10 
T 584 db  704 250 Mana 9  
T 584 db  704 260 Ht   175 cm
T 584 db  704 270 Wt   97 kg
T 584 db  704 290 HP: 37/37
T 584 db  704 310 Gold: 45
T 584 db  704 330 UT lvl 1
T 584 db  704 340 Day  1
T 584 db  704 350 Time 13:18
T 584 db  704 360 Turn 71
T 584 db  529 245 0
T 585 db  16 461 Belyer Asu the neutral human
T 585 db  704 150 AStr 9  
T 585 db  704 160 LStr 10 
T 585 db  704 170 Dex  11 
T 585 db  704 180 Agi  10 
T 585 db  704 190 End  10 
T 585 db  704 200 Per  10 
T 585 db  704 210 Int  14 
T 585 db  704 220 Wis  10 
T 585 db  704 230 Will 11 
T 585 db  704 240 Cha  10 
T 585 db  704 250 Mana 9  
T 585 db  704 260 Ht   175 cm
T 585 db  704 270 Wt   97 kg
T 585 db  704 290 HP: 37/37
T 585 db  704 310 Gold: 45
T 585 db  704 330 UT lvl 1
T 585 db  704 340 Day  1
T 585 db  704 350 Time 13:19
T 585 db  704 360 Turn 72
T 585 buf 13 83       zombie is slain (again).
T 585 buf 13 73       advance to skill level 5 with your iron axe covered with blood! The
T 585 buf 13 63 13:18 You slash the zombie! You advance to skill level 2 with axes! You
T 585 buf 13 53       Death message: slaughtered by a zombie. Score: 12. You die.
T 585 buf 13 43 13:18 The zombie strikes you with its shark tooth mace covered with blood!
T 585 buf 13 33       shark tooth mace covered with blood!
T 585 buf 13 23 13:18 You slash the zombie! The zombie manages to block the attack with its
T 585 buf 13 13 13:18 The zombie misses you!
T 585 db  529 245 0
T 586 db  16 461 Belyer Asu the neutral human
T 586 db  704 150 AStr 9  
T 586 db  704 160 LStr 10 
T 586 db  704 170 Dex  11 
T 586 db  704 180 Agi  10 
T 586 db  704 190 End  10 
T 586 db  704 200 Per  10 
T 586 db  704 210 Int  14 
T 586 db  704 220 Wis  10 
T 586 db  704 230 Will 11 
T 586 db  704 240 Cha  10 
T 586 db  704 250 Mana 9  
T 586 db  704 260 Ht   175 cm
T 586 db  704 270 Wt   97 kg
T 586 db  704 290 HP: 37/37
T 586 db  704 310 Gold: 45
T 586 db  704 330 UT lvl 1
T 586 db  704 340 Day  1
T 586 db  704 350 Time 13:19
T 586 db  704 360 Turn 72
T 586 buf 13 83       zombie is slain (again).
T 586 buf 13 73       advance to skill level 5 with your iron axe covered with blood! The
T 586 buf 13 63 13:18 You slash the zombie! You advance to skill level 2 with axes! You
T 586 buf 13 53       Death message: slaughtered by a zombie. Score: 12. You die.
T 586 buf 13 43 13:18 The zombie strikes you with its shark tooth mace covered with blood!
T 586 buf 13 33       shark tooth mace covered with blood!
T 586 buf 13 23 13:18 You slash the zombie! The zombie manages to block the attack with its
T 586 buf 13 13 13:18 The zombie misses you!
T 586 db  529 245 0
T 586 db  16 461 Belyer Asu the neutral human
T 586 db  704 150 AStr 9  
T 586 db  704 160 LStr 10 
T 586 db  704 170 Dex  11 
T 586 db  704 180 Agi  10 
T 586 db  704 190 End  10 
T 586 db  704 200 Per  10 
T 586 db  704 210 Int  14 
T 586 db  704 220 Wis  10 
T 586 db  704 230 Will 11 
T 586 db  704 240 Cha  10 
T 586 db  704 250 Mana 9  
T 586 db  704 260 Ht   175 cm
T 586 db  704 270 Wt   97 kg
T 586 db  704 290 HP: 37/37
T 586 db  704 310 Gold: 45
T 586 db  704 330 UT lvl 1
T 586 db  704 340 Day  1
T 586 db  704 350 Time 13:19
T 586 db  704 360 Turn 73
T 586 buf 13 83 13:19 Several items are lying here.
T 586 buf 13 73       zombie is slain (again).
T 586 buf 13 63       advance to skill level 5 with your iron axe covered with blood! The
T 586 buf 13 53 13:18 You slash the zombie! You advance to skill level 2 with axes! You
T 586 buf 13 43       Death message: slaughtered by a zombie. Score: 12. You die.
T 586 buf 13 33 13:18 The zombie strikes you with its shark tooth mace covered with blood!
T 586 buf 13 23       shark tooth mace covered with blood!
T 586 buf 13 13 13:18 You slash the zombie! The zombie manages to block the attack with its
T 586 db  529 245 0
T 587 db  16 461 Belyer Asu the neutral human
T 587 db  704 150 AStr 9  
T 587 db  704 160 LStr 10 
T 587 db  704 170 Dex  11 
T 587 db  704 180 Agi  10 
T 587 db  704 190 End  10 
T 587 db  704 200 Per  10 
T 587 db  704 210 Int  14 
T 587 db  704 220 Wis  10 
T 587 db  704 230 Will 11 
T 587 db  704 240 Cha  10 
T 587 db  704 250 Mana 9  
T 587 db  704 260 Ht   175 cm
T 587 db  704 270 Wt   98 kg
T 587 db  704 290 HP: 37/37
T 587 db  704 310 Gold: 45
T 587 db  704 330 UT lvl 1
T 587 db  704 340 Day  1
T 587 db  704 350 Time 13:20
T 587 db  704 360 Turn 74
T 587 db  704 380 Overload!
T 587 buf 13 83 13:19 You try very hard to crawl forward, but your load is too heavy.
T 587 buf 13 73       with blood.
T 587 buf 13 63 13:19 Belyer Asu the human picks up and equips a quilted leather belt covered
T 587 buf 13 53 13:19 Several items are lying here.
T 587 buf 13 43       zombie is slain (again).
T 587 buf 13 33       advance to skill level 5 with your iron axe covered with blood! The
T 587 buf 13 23 13:18 You slash the zombie! You advance to skill level 2 with axes! You
T 587 buf 13 13       Death message: slaughtered by a zombie. Score: 12. You die.
T 587 db  529 245 0
T 588 db  16 461 Belyer Asu the neutral human
T 588 db  704 150 AStr 9  
T 588 db  704 160 LStr 10 
T 588 db  704 170 Dex  11 
T 588 db  704 180 Agi  10 
T 588 db  704 190 End  10 
T 588 db  704 200 Per  10 
T 588 db  704 210 Int  14 
T 588 db  704 220 Wis  10 
T 588 db  704 230 Will 11 
T 588 db  704 240 Cha  10 
T 588 db  704 250 Mana 9  
T 588 db  704 260 Ht   175 cm
T 588 db  704 270 Wt   98 kg
T 588 db  704 290 HP: 37/37
T 588 db  704 310 Gold: 45
T 588 db  704 330 UT lvl 1
T 588 db  704 340 Day  1
T 588 db  704 350 Time 13:20
T 588 db  704 360 Turn 75
T 588 db  704 380 Burdened
T 588 buf 13 83 13:19 You try very hard to crawl forward, but your load is too heavy.
T 588 buf 13 73       with blood.
T 588 buf 13 63 13:19 Belyer Asu the human picks up and equips a quilted leather belt covered
T 588 buf 13 53 13:19 Several items are lying here.
T 588 buf 13 43       zombie is slain (again).
T 588 buf 13 33       advance to skill level 5 with your iron axe covered with blood! The
T 588 buf 13 23 13:18 You slash the zombie! You advance to skill level 2 with axes! You
T 588 buf 13 13       Death message: slaughtered by a zombie. Score: 12. You die.
T 588 db  529 245 0
T 589 db  16 461 Belyer Asu the neutral human
T 589 db  704 150 AStr 9  
T 589 db  704 160 LStr 10 
T 589 db  704 170 Dex  11 
T 589 db  704 180 Agi  10 
T 589 db  704 190 End  10 
T 589 db  704 200 Per  10 
T 589 db  704 210 Int  14 
T 589 db  704 220 Wis  10 
T 589 db  704 230 Will 11 
T 589 db  704 240 Cha  10 
T 589 db  704 250 Mana 9  
T 589 db  704 260 Ht   175 cm
T 589 db  704 270 Wt   98 kg
T 589 db  704 290 HP: 37/37
T 589 db  704 310 Gold: 45
T 589 db  704 330 UT lvl 1
T 589 db  704 340 Day  1
T 589 db  704 350 Time 13:20
T 589 db  704 360 Turn 75
T 589 db  704 380 Burdened
T 589 db  529 245 0
T 589 db  16 461 Belyer Asu the neutral human
T 589 db  704 150 AStr 9  
T 589 db  704 160 LStr 10 
T 589 db  704 170 Dex  11 
T 589 db  704 180 Agi  10 
T 589 db  704 190 End  10 
T 589 db  704 200 Per  10 
T 589 db  704 210 Int  14 
T 589 db  704 220 Wis  10 
T 589 db  704 230 Will 11 
T 589 db  704 240 Cha  10 
T 589 db  704 250 Mana 9  
T 589 db  704 260 Ht   175 cm
T 589 db  704 270 Wt   98 kg
T 589 db  704 290 HP: 37/37
T 589 db  704 310 Gold: 45
T 589 db  704 330 UT lvl 1
T 589 db  704 340 Day  1
T 589 db  704 350 Time 13:20
T 589 db  704 360 Turn 76
T 589 db  704 380 Burdened
T 589 buf 13 83 13:20 Corpse of a large hedgehog is lying here.
T 589 buf 13 73 13:19 You try very hard to crawl forward, but your load is too heavy.
T 589 buf 13 63       with blood.
T 589 buf 13 53 13:19 Belyer Asu the human picks up and equips a quilted leather belt covered
T 589 buf 13 43 13:19 Several items are lying here.
T 589 buf 13 33       zombie is slain (again).
T 589 buf 13 23       advance to skill level 5 with your iron axe covered with blood! The
T 589 buf 13 13 13:18 You slash the zombie! You advance to skill level 2 with axes! You
T 589 db  529 245 0
T 590 db  16 461 Belyer Asu the neutral human
T 590 db  704 150 AStr 9  
T 590 db  704 160 LStr 10 
T 590 db  704 170 Dex  11 
T 590 db  704 180 Agi  10 
T 590 db  704 190 End  10 
T 590 db  704 200 Per  10 
T 590 db  704 210 Int  14 
T 590 db  704 220 Wis  10 
T 590 db  704 230 Will 11 
T 590 db  704 240 Cha  10 
T 590 db  704 250 Mana 9  
T 590 db  704 260 Ht   175 cm
T 590 db  704 270 Wt   98 kg
T 590 db  704 290 HP: 37/37
T 590 db  704 310 Gold: 45
T 590 db  704 330 UT lvl 1
T 590 db  704 340 Day  1
T 590 db  704 350 Time 13:20
T 590 db  704 360 Turn 77
T 590 db  704 380 Burdened
T 590 buf 13 83 13:20 Corpse of a large hedgehog is lying here.
T 590 buf 13 73 13:19 You try very hard to crawl forward, but your load is too heavy.
T 590 buf 13 63       with blood.
T 590 buf 13 53 13:19 Belyer Asu the human picks up and equips a quilted leather belt covered
T 590 buf 13 43 13:19 Several items are lying here.
T 590 buf 13 33       zombie is slain (again).
T 590 buf 13 23       advance to skill level 5 with your iron axe covered with blood! The
T 590 buf 13 13 13:18 You slash the zombie! You advance to skill level 2 with axes! You
T 591 db  16 461 Belyer Asu the neutral human
T 591 db  704 150 AStr 9  
T 591 db  704 160 LStr 10 
T 591 db  704 170 Dex  11 
T 591 db  704 180 Agi  10 
T 591 db  704 190 End  10 
T 591 db  704 200 Per  10 
T 591 db  704 210 Int  14 
T 591 db  704 220 Wis  10 
T 591 db  704 230 Will 11 
T 591 db  704 240 Cha  10 
T 591 db  704 250 Mana 9  
T 591 db  704 260 Ht   175 cm
T 591 db  704 270 Wt   98 kg
T 591 db  704 290 HP: 37/37
T 591 db  704 310 Gold: 45
T 591 db  704 330 UT lvl 1
T 591 db  704 340 Day  1
T 591 db  704 350 Time 13:20
T 591 db  704 360 Turn 78
T 591 db  704 380 Eating
T 591 db  704 390 Burdened
T 591 buf 13 83 13:20 You begin eating the corpse of Kenny the puppy.
T 591 buf 13 73 13:20 Corpse of a large hedgehog is lying here.
T 591 buf 13 63 13:19 You try very hard to crawl forward, but your load is too heavy.
T 591 buf 13 53       with blood.
T 591 buf 13 43 13:19 Belyer Asu the human picks up and equips a quilted leather belt covered
T 591 buf 13 33 13:19 Several items are lying here.
T 591 buf 13 23       zombie is slain (again).
T 591 buf 13 13       advance to skill level 5 with your iron axe covered with blood! The
T 592 db  16 461 Belyer Asu the neutral human
T 592 db  704 150 AStr 9  
T 592 db  704 160 LStr 10 
T 592 db  704 170 Dex  11 
T 592 db  704 180 Agi  10 
T 592 db  704 190 End  10 
T 592 db  704 200 Per  10 
T 592 db  704 210 Int  14 
T 592 db  704 220 Wis  10 
T 592 db  704 230 Will 11 
T 592 db  704 240 Cha  10 
T 592 db  704 250 Mana 9  
T 592 db  704 260 Ht   175 cm
T 592 db  704 270 Wt   98 kg
T 592 db  704 290 HP: 37/37
T 592 db  704 310 Gold: 45
T 592 db  704 330 UT lvl 1
T 592 db  704 340 Day  1
T 592 db  704 350 Time 13:21
T 592 db  704 360 Turn 78
T 592 db  704 380 Eating
T 592 db  704 390 Satiated
T 592 db  704 400 Burdened
T 593 db  16 461 Belyer Asu the neutral human
T 593 db  704 150 AStr 9  
T 593 db  704 160 LStr 10 
T 593 db  704 170 Dex  11 
T 593 db  704 180 Agi  10 
T 593 db  704 190 End  10 
T 593 db  704 200 Per  10 
T 593 db  704 210 Int  14 
T 593 db  704 220 Wis  10 
T 593 db  704 230 Will 11 
T 593 db  704 240 Cha  10 
T 593 db  704 250 Mana 9  
T 593 db  704 260 Ht   175 cm
T 593 db  704 270 Wt   98 kg
T 593 db  704 290 HP: 37/37
T 593 db  704 310 Gold: 45
T 593 db  704 330 UT lvl 1
T 593 db  704 340 Day  1
T 593 db  704 350 Time 13:21
T 593 db  704 360 Turn 78
T 593 db  704 380 Eating
T 593 db  704 390 Satiated
T 593 db  704 400 Burdened
T 594 db  16 461 Belyer Asu the neutral human
T 594 db  704 150 AStr 9  
T 594 db  704 160 LStr 10 
T 594 db  704 170 Dex  11 
T 594 db  704 180 Agi  10 
T 594 db  704 190 End  10 
T 594 db  704 200 Per  10 
T 594 db  704 210 Int  14 
T 594 db  704 220 Wis  10 
T 594 db  704 230 Will 11 
T 594 db  704 240 Cha  10 
T 594 db  704 250 Mana 9  
T 594 db  704 260 Ht   175 cm
T 594 db  704 270 Wt   98 kg
T 594 db  704 290 HP: 37/37
T 594 db  704 310 Gold: 45
T 594 db  704 330 UT lvl 1
T 594 db  704 340 Day  1
T 594 db  704 350 Time 13:21
T 594 db  704 360 Turn 78
T 594 db  704 380 Eating
T 594 db  704 390 Satiated
T 594 db  704 400 Burdened
T 595 db  16 461 Belyer Asu the neutral human
T 595 db  704 150 AStr 9  
T 595 db  704 160 LStr 10 
T 595 db  704 170 Dex  11 
T 595 db  704 180 Agi  10 
T 595 db  704 190 End  10 
T 595 db  704 200 Per  10 
T 595 db  704 210 Int  14 
T 595 db  704 220 Wis  10 
T 595 db  704 230 Will 11 
T 595 db  704 240 Cha  10 
T 595 db  704 250 Mana 9  
T 595 db  704 260 Ht   175 cm
T 595 db  704 270 Wt   98 kg
T 595 db  704 290 HP: 37/37
T 595 db  704 310 Gold: 45
T 595 db  704 330 UT lvl 1
T 595 db  704 340 Day  1
T 595 db  704 350 Time 13:22
T 595 db  704 360 Turn 78
T 595 db  704 380 Eating
T 595 db  704 390 Satiated
T 595 db  704 400 Burdened
T 596 db  16 461 Belyer Asu the neutral human
T 596 db  704 150 AStr 9  
T 596 db  704 160 LStr 10 
T 596 db  704 170 Dex  11 
T 596 db  704 180 Agi  10 
T 596 db  704 190 End  10 
T 596 db  704 200 Per  10 
T 596 db  704 210 Int  14 
T 596 db  704 220 Wis  10 
T 596 db  704 230 Will 11 
T 596 db  704 240 Cha  10 
T 596 db  704 250 Mana 9  
T 596 db  704 260 Ht   175 cm
T 596 db  704 270 Wt   98 kg
T 596 db  704 290 HP: 37/37
T 596 db  704 310 Gold: 45
T 596 db  704 330 UT lvl 1
T 596 db  704 340 Day  1
T 596 db  704 350 Time 13:22
T 596 db  704 360 Turn 78
T 596 db  704 380 Eating
T 596 db  704 390 Satiated
T 596 db  704 400 Burdened
T 597 db  16 461 Belyer Asu the neutral human
T 597 db  704 150 AStr 9  
T 597 db  704 160 LStr 10 
T 597 db  704 170 Dex  11 
T 597 db  704 180 Agi  10 
T 597 db  704 190 End  10 
T 597 db  704 200 Per  10 
T 597 db  704 210 Int  14 
T 597 db  704 220 Wis  10 
T 597 db  704 230 Will 11 
T 597 db  704 240 Cha  10 
T 597 db  704 250 Mana 9  
T 597 db  704 260 Ht   175 cm
T 597 db  704 270 Wt   98 kg
T 597 db  704 290 HP: 37/37
T 597 db  704 310 Gold: 45
T 597 db  704 330 UT lvl 1
T 597 db  704 340 Day  1
T 597 db  704 350 Time 13:22
T 597 db  704 360 Turn 78
T 597 db  704 380 Eating
T 597 db  704 390 Satiated
T 597 db  704 400 Burdened
T 598 db  16 461 Belyer Asu the neutral human
T 598 db  704 150 AStr 9  
T 598 db  704 160 LStr 10 
T 598 db  704 170 Dex  11 
T 598 db  704 180 Agi  10 
T 598 db  704 190 End  10 
T 598 db  704 200 Per  10 
T 598 db  704 210 Int  14 
T 598 db  704 220 Wis  10 
T 598 db  704 230 Will 11 
T 598 db  704 240 Cha  10 
T 598 db  704 250 Mana 9  
T 598 db  704 260 Ht   175 cm
T 598 db  704 270 Wt   98 kg
T 598 db  704 290 HP: 37/37
T 598 db  704 310 Gold: 45
T 598 db  704 330 UT lvl 1
T 598 db  704 340 Day  1
T 598 db  704 350 Time 13:22
T 598 db  704 360 Turn 78
T 598 db  704 380 Eating
T 598 db  704 390 Satiated
T 598 db  704 400 Burdened
T 599 db  16 461 Belyer Asu the neutral human
T 599 db  704 150 AStr 9  
T 599 db  704 160 LStr 10 
T 599 db  704 170 Dex  11 
T 599 db  704 180 Agi  10 
T 599 db  704 190 End  10 
T 599 db  704 200 Per  10 
T 599 db  704 210 Int  14 
T 599 db  704 220 Wis  10 
T 599 db  704 230 Will 11 
T 599 db  704 240 Cha  10 
T 599 db  704 250 Mana 9  
T 599 db  704 260 Ht   175 cm
T 599 db  704 270 Wt   98 kg
T 599 db  704 290 HP: 37/37
T 599 db  704 310 Gold: 45
T 599 db  704 330 UT lvl 1
T 599 db  704 340 Day  1
T 599 db  704 350 Time 13:23
T 599 db  704 360 Turn 78
T 599 db  704 380 Eating
T 599 db  704 390 Satiated
T 600 db  16 461 Belyer Asu the neutral human
T 600 db  704 150 AStr 9  
T 600 db  704 160 LStr 10 
T 600 db  704 170 Dex  11 
T 600 db  704 180 Agi  10 
T 600 db  704 190 End  10 
T 600 db  704 200 Per  10 
T 600 db  704 210 Int  14 
T 600 db  704 220 Wis  10 
T 600 db  704 230 Will 11 
T 600 db  704 240 Cha  10 
T 600 db  704 250 Mana 9  
T 600 db  704 260 Ht   175 cm
T 600 db  704 270 Wt   98 kg
T 600 db  704 290 HP: 37/37
T 600 db  704 310 Gold: 45
T 600 db  704 330 UT lvl 1
T 600 db  704 340 Day  1
T 600 db  704 350 Time 13:23
T 600 db  704 360 Turn 78
T 600 db  704 380 Eating
T 600 db  704 390 Satiated
T 601 db  16 461 Belyer Asu the neutral human
T 601 db  704 150 AStr 9  
T 601 db  704 160 LStr 10 
T 601 db  704 170 Dex  11 
T 601 db  704 180 Agi  10 
T 601 db  704 190 End  10 
T 601 db  704 200 Per  10 
T 601 db  704 210 Int  14 
T 601 db  704 220 Wis  10 
T 601 db  704 230 Will 11 
T 601 db  704 240 Cha  10 
T 601 db  704 250 Mana 9  
T 601 db  704 260 Ht   175 cm
T 601 db  704 270 Wt   98 kg
T 601 db  704 290 HP: 37/37
T 601 db  704 310 Gold: 45
T 601 db  704 330 UT lvl 1
T 601 db  704 340 Day  1
T 601 db  704 350 Time 13:23
T 601 db  704 360 Turn 78
T 601 db  704 380 Eating
T 601 db  704 390 Satiated
T 601 buf 13 83 13:23 The large hedgehog seems to be hostile.
T 601 buf 13 73 13:20 You begin eating the corpse of Kenny the puppy.
T 601 buf 13 63 13:20 Corpse of a large hedgehog is lying here.
T 601 buf 13 53 13:19 You try very hard to crawl forward, but your load is too heavy.
T 601 buf 13 43       with blood.
T 601 buf 13 33 13:19 Belyer Asu the human picks up and equips a quilted leather belt covered
T 601 buf 13 23 13:19 Several items are lying here.
T 601 buf 13 13       zombie is slain (again).
T 601 db  16 8 Continue eating? [y/N]
T 602 db  16 461 Belyer Asu the neutral human
T 602 db  704 150 AStr 9  
T 602 db  704 160 LStr 10 
T 602 db  704 170 Dex  11 
T 602 db  704 180 Agi  10 
T 602 db  704 190 End  10 
T 602 db  704 200 Per  10 
T 602 db  704 210 Int  14 
T 602 db  704 220 Wis  10 
T 602 db  704 230 Will 11 
T 602 db  704 240 Cha  10 
T 602 db  704 250 Mana 9  
T 602 db  704 260 Ht   175 cm
T 602 db  704 270 Wt   98 kg
T 602 db  704 290 HP: 37/37
T 602 db  704 310 Gold: 45
T 602 db  704 330 UT lvl 1
T 602 db  704 340 Day  1
T 602 db  704 350 Time 13:23
T 602 db  704 360 Turn 78
T 602 db  704 380 Satiated
T 602 buf 13 83 13:23 You stop eating.
T 602 buf 13 73 13:23 The large hedgehog seems to be hostile.
T 602 buf 13 63 13:20 You begin eating the corpse of Kenny the puppy.
T 602 buf 13 53 13:20 Corpse of a large hedgehog is lying here.
T 602 buf 13 43 13:19 You try very hard to crawl forward, but your load is too heavy.
T 602 buf 13 33       with blood.
T 602 buf 13 23 13:19 Belyer Asu the human picks up and equips a quilted leather belt covered
T 602 buf 13 13 13:19 Several items are lying here.
T 603 db  16 461 Belyer Asu the neutral human
T 603 db  704 150 AStr 9  
T 603 db  704 160 LStr 10 
T 603 db  704 170 Dex  11 
T 603 db  704 180 Agi  10 
T 603 db  704 190 End  10 
T 603 db  704 200 Per  10 
T 603 db  704 210 Int  14 
T 603 db  704 220 Wis  10 
T 603 db  704 230 Will 11 
T 603 db  704 240 Cha  10 
T 603 db  704 250 Mana 9  
T 603 db  704 260 Ht   175 cm
T 603 db  704 270 Wt   98 kg
T 603 db  704 290 HP: 37/37
T 603 db  704 310 Gold: 45
T 603 db  704 330 UT lvl 1
T 603 db  704 340 Day  1
T 603 db  704 350 Time 13:23
T 603 db  704 360 Turn 78
T 603 db  704 380 Satiated
T 603 buf 13 83 13:23 You stop eating.
T 603 buf 13 73 13:23 The large hedgehog seems to be hostile.
T 603 buf 13 63 13:20 You begin eating the corpse of Kenny the puppy.
T 603 buf 13 53 13:20 Corpse of a large hedgehog is lying here.
T 603 buf 13 43 13:19 You try very hard to crawl forward, but your load is too heavy.
T 603 buf 13 33       with blood.
T 603 buf 13 23 13:19 Belyer Asu the human picks up and equips a quilted leather belt covered
T 603 buf 13 13 13:19 Several items are lying here.
T 603 db  497 245 1
T 603 db  16 461 Belyer Asu the neutral human
T 603 db  704 150 AStr 9  
T 603 db  704 160 LStr 10 
T 603 db  704 170 Dex  11 
T 603 db  704 180 Agi  10 
T 603 db  704 190 End  10 
T 603 db  704 200 Per  10 
T 603 db  704 210 Int  4  
T 603 db  776 210 14
T 603 db  704 220 Wis  10 
T 603 db  704 230 Will 11 
T 603 db  704 240 Cha  10 
T 603 db  704 250 Mana 9  
T 603 db  704 260 Ht   175 cm
T 603 db  704 270 Wt   98 kg
T 603 db  704 290 HP: 36/37
T 603 db  704 310 Gold: 45
T 603 db  704 330 UT lvl 1
T 603 db  704 340 Day  1
T 603 db  704 350 Time 13:25
T 603 db  704 360 Turn 79
T 603 db  704 380 Unconscious
T 603 db  704 390 Satiated
T 603 buf 13 83       head bleeds very badly.
T 603 buf 13 73 13:25 The large hedgehog bites you in the head! You lose consciousness. Your
T 603 buf 13 63 13:24 (2x) The large hedgehog bites you! You are not hurt.
T 603 buf 13 53 13:24 (2x) The large hedgehog misses you!
T 603 buf 13 43 13:23 The large hedgehog gets stuck in the web.
T 603 buf 13 33 13:23 There is a lantern on the wall.
T 603 buf 13 23 13:23 You stop eating.
T 603 buf 13 13 13:23 The large hedgehog seems to be hostile.
T 603 db  497 245 0
T 603 db  16 8 Vital bodypart in serious danger! [press any key to continue]
T 604 db  16 461 Belyer Asu the neutral human
T 604 db  704 150 AStr 9  
T 604 db  704 160 LStr 10 
T 604 db  704 170 Dex  11 
T 604 db  704 180 Agi  10 
T 604 db  704 190 End  10 
T 604 db  704 200 Per  10 
T 604 db  704 210 Int  4  
T 604 db  776 210 14
T 604 db  704 220 Wis  10 
T 604 db  704 230 Will 11 
T 604 db  704 240 Cha  10 
T 604 db  704 250 Mana 9  
T 604 db  704 260 Ht   175 cm
T 604 db  704 270 Wt   98 kg
T 604 db  704 290 HP: 26/37
T 604 db  704 310 Gold: 45
T 604 db  704 330 UT lvl 1
T 604 db  704 340 Day  1
T 604 db  704 350 Time 13:27
T 604 db  704 360 Turn 79
T 604 db  704 380 Unconscious
T 604 db  704 390 Satiated
T 604 buf 13 83 13:27 The large hedgehog critically bites you!
T 604 buf 13 73 13:27 The large hedgehog bites you! You are not hurt.
T 604 buf 13 63 13:27 The large hedgehog bites you!
T 604 buf 13 53 13:27 The large hedgehog bites you! You are not hurt.
T 604 buf 13 43 13:26 The large hedgehog bites you in the left leg!
T 604 buf 13 33 13:26 The large hedgehog bites you in the right arm!
T 604 buf 13 23 13:26 The large hedgehog bites you!
T 604 buf 13 13 13:26 The large hedgehog bites you! You are not hurt.
T 604 db  497 245 0
T 605 db  16 461 Belyer Asu the neutral human
T 605 db  704 150 AStr 9  
T 605 db  704 160 LStr 10 
T 605 db  704 170 Dex  11 
T 605 db  704 180 Agi  10 
T 605 db  704 190 End  10 
T 605 db  704 200 Per  10 
T 605 db  704 210 Int  4  
T 605 db  776 210 14
T 605 db  704 220 Wis  10 
T 605 db  704 230 Will 11 
T 605 db  704 240 Cha  10 
T 605 db  704 250 Mana 9  
T 605 db  704 260 Ht   175 cm
T 605 db  704 270 Wt   98 kg
T 605 db  704 290 HP: 25/37
T 605 db  704 310 Gold: 45
T 605 db  704 330 UT lvl 1
T 605 db  704 340 Day  1
T 605 db  704 350 Time 13:28
T 605 db  704 360 Turn 79
T 605 db  704 380 Unconscious
T 605 db  704 390 Satiated
T 605 buf 13 83 13:27 The large hedgehog bites you!
T 605 buf 13 73 13:27 The large hedgehog critically bites you!
T 605 buf 13 63 13:27 The large hedgehog bites you! You are not hurt.
T 605 buf 13 53 13:27 The large hedgehog bites you!
T 605 buf 13 43 13:27 The large hedgehog bites you! You are not hurt.
T 605 buf 13 33 13:26 The large hedgehog bites you in the left leg!
T 605 buf 13 23 13:26 The large hedgehog bites you in the right arm!
T 605 buf 13 13 13:26 The large hedgehog bites you!
T 605 db  497 245 0
T 606 db  16 461 Belyer Asu the neutral human
T 606 db  704 150 AStr 9  
T 606 db  704 160 LStr 10 
T 606 db  704 170 Dex  11 
T 606 db  704 180 Agi  10 
T 606 db  704 190 End  10 
T 606 db  704 200 Per  10 
T 606 db  704 210 Int  4  
T 606 db  776 210 14
T 606 db  704 220 Wis  10 
T 606 db  704 230 Will 11 
T 606 db  704 240 Cha  10 
T 606 db  704 250 Mana 9  
T 606 db  704 260 Ht   175 cm
T 606 db  704 270 Wt   98 kg
T 606 db  704 290 HP: 24/37
T 606 db  704 310 Gold: 45
T 606 db  704 330 UT lvl 1
T 606 db  704 340 Day  1
T 606 db  704 350 Time 13:28
T 606 db  704 360 Turn 79
T 606 db  704 380 Unconscious
T 606 db  704 390 Panicked
T 606 db  704 400 Satiated
T 606 db  704 410 Running
T 606 buf 13 83 13:28 The large hedgehog bites you! You panic!
T 606 buf 13 73 13:27 The large hedgehog bites you!
T 606 buf 13 63 13:27 The large hedgehog critically bites you!
T 606 buf 13 53 13:27 The large hedgehog bites you! You are not hurt.
T 606 buf 13 43 13:27 The large hedgehog bites you!
T 606 buf 13 33 13:27 The large hedgehog bites you! You are not hurt.
T 606 buf 13 23 13:26 The large hedgehog bites you in the left leg!
T 606 buf 13 13 13:26 The large hedgehog bites you in the right arm!
T 606 db  497 245 0
T 607 db  16 461 Belyer Asu the neutral human
T 607 db  704 150 AStr 9  
T 607 db  704 160 LStr 10 
T 607 db  704 170 Dex  11 
T 607 db  704 180 Agi  10 
T 607 db  704 190 End  10 
T 607 db  704 200 Per  10 
T 607 db  704 210 Int  4  
T 607 db  776 210 14
T 607 db  704 220 Wis  10 
T 607 db  704 230 Will 11 
T 607 db  704 240 Cha  10 
T 607 db  704 250 Mana 9  
T 607 db  704 260 Ht   175 cm
T 607 db  704 270 Wt   98 kg
T 607 db  704 290 HP: 23/37
T 607 db  704 310 Gold: 45
T 607 db  704 330 UT lvl 1
T 607 db  704 340 Day  1
T 607 db  704 350 Time 13:28
T 607 db  704 360 Turn 79
T 607 db  704 380 Unconscious
T 607 db  704 390 Panicked
T 607 db  704 400 Satiated
T 607 db  704 410 Running
T 607 buf 13 83 13:28 The large hedgehog bites you! You are not hurt.
T 607 buf 13 73 13:28 The large hedgehog bites you!
T 607 buf 13 63 13:28 The large hedgehog bites you! You panic!
T 607 buf 13 53 13:27 The large hedgehog bites you!
T 607 buf 13 43 13:27 The large hedgehog critically bites you!
T 607 buf 13 33 13:27 The large hedgehog bites you! You are not hurt.
T 607 buf 13 23 13:27 The large hedgehog bites you!
T 607 buf 13 13 13:27 The large hedgehog bites you! You are not hurt.
T 607 db  497 245 0
T 608 db  16 461 Belyer Asu the neutral human
T 608 db  704 150 AStr 9  
T 608 db  704 160 LStr 10 
T 608 db  704 170 Dex  11 
T 608 db  704 180 Agi  10 
T 608 db  704 190 End  10 
T 608 db  704 200 Per  10 
T 608 db  704 210 Int  4  
T 608 db  776 210 14
T 608 db  704 220 Wis  10 
T 608 db  704 230 Will 11 
T 608 db  704 240 Cha  10 
T 608 db  704 250 Mana 9  
T 608 db  704 260 Ht   175 cm
T 608 db  704 270 Wt   98 kg
T 608 db  704 290 HP: 23/37
T 608 db  704 310 Gold: 45
T 608 db  704 330 UT lvl 1
T 608 db  704 340 Day  1
T 608 db  704 350 Time 13:28
T 608 db  704 360 Turn 79
T 608 db  704 380 Unconscious
T 608 db  704 390 Panicked
T 608 db  704 400 Satiated
T 608 db  704 410 Running
T 608 buf 13 83 13:28 (2x) The large hedgehog bites you! You are not hurt.
T 608 buf 13 73 13:28 The large hedgehog bites you!
T 608 buf 13 63 13:28 The large hedgehog bites you! You panic!
T 608 buf 13 53 13:27 The large hedgehog bites you!
T 608 buf 13 43 13:27 The large hedgehog critically bites you!
T 608 buf 13 33 13:27 The large hedgehog bites you! You are not hurt.
T 608 buf 13 23 13:27 The large hedgehog bites you!
T 608 buf 13 13 13:27 The large hedgehog bites you! You are not hurt.
T 608 db  497 245 0
T 609 db  16 461 Belyer Asu the neutral human
T 609 db  704 150 AStr 9  
T 609 db  704 160 LStr 10 
T 609 db  704 170 Dex  11 
T 609 db  704 180 Agi  10 
T 609 db  704 190 End  10 
T 609 db  704 200 Per  10 
T 609 db  704 210 Int  4  
T 609 db  776 210 14
T 609 db  704 220 Wis  10 
T 609 db  704 230 Will 11 
T 609 db  704 240 Cha  10 
T 609 db  704 250 Mana 9  
T 609 db  704 260 Ht   175 cm
T 609 db  704 270 Wt   98 kg
T 609 db  704 290 HP: 22/37
T 609 db  704 310 Gold: 45
T 609 db  704 330 UT lvl 1
T 609 db  704 340 Day  1
T 609 db  704 350 Time 13:29
T 609 db  704 360 Turn 79
T 609 db  704 380 Unconscious
T 609 db  704 390 Panicked
T 609 db  704 400 Satiated
T 609 db  704 410 Running
T 609 buf 13 83 13:29 The large hedgehog bites you!
T 609 buf 13 73 13:29 The large hedgehog ignores you.
T 609 buf 13 63 13:28 (2x) The large hedgehog bites you! You are not hurt.
T 609 buf 13 53 13:28 The large hedgehog bites you!
T 609 buf 13 43 13:28 The large hedgehog bites you! You panic!
T 609 buf 13 33 13:27 The large hedgehog bites you!
T 609 buf 13 23 13:27 The large hedgehog critically bites you!
T 609 buf 13 13 13:27 The large hedgehog bites you! You are not hurt.
T 609 db  497 245 0
T 610 db  16 461 Belyer Asu the neutral human
T 610 db  704 150 AStr 9  
T 610 db  704 160 LStr 10 
T 610 db  704 170 Dex  11 
T 610 db  704 180 Agi  10 
T 610 db  704 190 End  10 
T 610 db  704 200 Per  10 
T 610 db  704 210 Int  4  
T 610 db  776 210 14
T 610 db  704 220 Wis  10 
T 610 db  704 230 Will 11 
T 610 db  704 240 Cha  10 
T 610 db  704 250 Mana 9  
T 610 db  704 260 Ht   175 cm
T 610 db  704 270 Wt   98 kg
T 610 db  704 290 HP: 22/37
T 610 db  704 310 Gold: 45
T 610 db  704 330 UT lvl 1
T 610 db  704 340 Day  1
T 610 db  704 350 Time 13:29
T 610 db  704 360 Turn 79
T 610 db  704 380 Unconscious
T 610 db  704 390 Panicked
T 610 db  704 400 Satiated
T 610 db  704 410 Running
T 610 buf 13 83 13:29 (2x) The large hedgehog bites you! You are not hurt.
T 610 buf 13 73 13:29 The large hedgehog bites you!
T 610 buf 13 63 13:29 The large hedgehog ignores you.
T 610 buf 13 53 13:28 (2x) The large hedgehog bites you! You are not hurt.
T 610 buf 13 43 13:28 The large hedgehog bites you!
T 610 buf 13 33 13:28 The large hedgehog bites you! You panic!
T 610 buf 13 23 13:27 The large hedgehog bites you!
T 610 buf 13 13 13:27 The large hedgehog critically bites you!
T 610 db  497 245 0
T 611 db  16 461 Belyer Asu the neutral human
T 611 db  704 150 AStr 9  
T 611 db  704 160 LStr 10 
T 611 db  704 170 Dex  11 
T 611 db  704 180 Agi  10 
T 611 db  704 190 End  10 
T 611 db  704 200 Per  10 
T 611 db  704 210 Int  4  
T 611 db  776 210 14
T 611 db  704 220 Wis  10 
T 611 db  704 230 Will 11 
T 611 db  704 240 Cha  10 
T 611 db  704 250 Mana 9  
T 611 db  704 260 Ht   175 cm
T 611 db  704 270 Wt   98 kg
T 611 db  704 290 HP: 20/37
T 611 db  704 310 Gold: 45
T 611 db  704 330 UT lvl 1
T 611 db  704 340 Day  1
T 611 db  704 350 Time 13:29
T 611 db  704 360 Turn 79
T 611 db  704 380 Unconscious
T 611 db  704 390 Panicked
T 611 db  704 400 Satiated
T 611 db  704 410 Running
T 611 buf 13 83 13:29 The large hedgehog bites you in the right leg!
T 611 buf 13 73 13:29 (2x) The large hedgehog bites you! You are not hurt.
T 611 buf 13 63 13:29 The large hedgehog bites you!
T 611 buf 13 53 13:29 The large hedgehog ignores you.
T 611 buf 13 43 13:28 (2x) The large hedgehog bites you! You are not hurt.
T 611 buf 13 33 13:28 The large hedgehog bites you!
T 611 buf 13 23 13:28 The large hedgehog bites you! You panic!
T 611 buf 13 13 13:27 The large hedgehog bites you!
T 611 db  497 245 0
T 612 db  16 461 Belyer Asu the neutral human
T 612 db  704 150 AStr 9  
T 612 db  704 160 LStr 10 
T 612 db  704 170 Dex  11 
T 612 db  704 180 Agi  10 
T 612 db  704 190 End  10 
T 612 db  704 200 Per  10 
T 612 db  704 210 Int  4  
T 612 db  776 210 14
T 612 db  704 220 Wis  10 
T 612 db  704 230 Will 11 
T 612 db  704 240 Cha  10 
T 612 db  704 250 Mana 9  
T 612 db  704 260 Ht   175 cm
T 612 db  704 270 Wt   98 kg
T 612 db  704 290 HP: 20/37
T 612 db  704 310 Gold: 45
T 612 db  704 330 UT lvl 1
T 612 db  704 340 Day  1
T 612 db  704 350 Time 13:30
T 612 db  704 360 Turn 79
T 612 db  704 380 Unconscious
T 612 db  704 390 Panicked
T 612 db  704 400 Satiated
T 612 db  704 410 Running
T 612 buf 13 83 13:29 The large hedgehog bites you! You are not hurt.
T 612 buf 13 73 13:29 The large hedgehog bites you in the right leg!
T 612 buf 13 63 13:29 (2x) The large hedgehog bites you! You are not hurt.
T 612 buf 13 53 13:29 The large hedgehog bites you!
T 612 buf 13 43 13:29 The large hedgehog ignores you.
T 612 buf 13 33 13:28 (2x) The large hedgehog bites you! You are not hurt.
T 612 buf 13 23 13:28 The large hedgehog bites you!
T 612 buf 13 13 13:28 The large hedgehog bites you! You panic!
T 612 db  497 245 0
T 613 db  16 461 Belyer Asu the neutral human
T 613 db  704 150 AStr 9  
T 613 db  704 160 LStr 10 
T 613 db  704 170 Dex  11 
T 613 db  704 180 Agi  10 
T 613 db  704 190 End  10 
T 613 db  704 200 Per  10 
T 613 db  704 210 Int  4  
T 613 db  776 210 14
T 613 db  704 220 Wis  10 
T 613 db  704 230 Will 11 
T 613 db  704 240 Cha  10 
T 613 db  704 250 Mana 9  
T 613 db  704 260 Ht   175 cm
T 613 db  704 270 Wt   98 kg
T 613 db  704 290 HP: 20/37
T 613 db  704 310 Gold: 45
T 613 db  704 330 UT lvl 1
T 613 db  704 340 Day  1
T 613 db  704 350 Time 13:30
T 613 db  704 360 Turn 79
T 613 db  704 380 Panicked
T 613 db  704 390 Satiated
T 613 db  704 400 Running
T 613 buf 13 83 13:30 You wake up.
T 613 buf 13 73 13:29-13:30 (2x) The large hedgehog bites you! You are not hurt.
T 613 buf 13 63 13:29 The large hedgehog bites you in the right leg!
T 613 buf 13 53 13:29 (2x) The large hedgehog bites you! You are not hurt.
T 613 buf 13 43 13:29 The large hedgehog bites you!
T 613 buf 13 33 13:29 The large hedgehog ignores you.
T 613 buf 13 23 13:28 (2x) The large hedgehog bites you! You are not hurt.
T 613 buf 13 13 13:28 The large hedgehog bites you!
T 613 db  497 245 0
T 614 db  16 461 Belyer Asu the neutral human
T 614 db  704 150 AStr 9  
T 614 db  704 160 LStr 10 
T 614 db  704 170 Dex  11 
T 614 db  704 180 Agi  10 
T 614 db  704 190 End  10 
T 614 db  704 200 Per  10 
T 614 db  704 210 Int  4  
T 614 db  776 210 14
T 614 db  704 220 Wis  10 
T 614 db  704 230 Will 11 
T 614 db  704 240 Cha  10 
T 614 db  704 250 Mana 9  
T 614 db  704 260 Ht   175 cm
T 614 db  704 270 Wt   98 kg
T 614 db  704 290 HP: 20/37
T 614 db  704 310 Gold: 45
T 614 db  704 330 UT lvl 1
T 614 db  704 340 Day  1
T 614 db  704 350 Time 13:30
T 614 db  704 360 Turn 80
T 614 db  704 380 Panicked
T 614 db  704 390 Satiated
T 614 db  704 400 Running
T 614 buf 13 83       iron axe covered with blood!
T 614 buf 13 73 13:30 The large hedgehog bites you! You manage to block the attack with your
T 614 buf 13 63 13:30 You wake up.
T 614 buf 13 53 13:29-13:30 (2x) The large hedgehog bites you! You are not hurt.
T 614 buf 13 43 13:29 The large hedgehog bites you in the right leg!
T 614 buf 13 33 13:29 (2x) The large hedgehog bites you! You are not hurt.
T 614 buf 13 23 13:29 The large hedgehog bites you!
T 614 buf 13 13 13:29 The large hedgehog ignores you.
T 614 db  497 245 0
T 615 db  16 461 Belyer Asu the neutral human
T 615 db  704 150 AStr 9  
T 615 db  704 160 LStr 10 
T 615 db  704 170 Dex  11 
T 615 db  704 180 Agi  10 
T 615 db  704 190 End  10 
T 615 db  704 200 Per  10 
T 615 db  704 210 Int  4  
T 615 db  776 210 14
T 615 db  704 220 Wis  10 
T 615 db  704 230 Will 11 
T 615 db  704 240 Cha  10 
T 615 db  704 250 Mana 9  
T 615 db  704 260 Ht   175 cm
T 615 db  704 270 Wt   98 kg
T 615 db  704 290 HP: 20/37
T 615 db  704 310 Gold: 45
T 615 db  704 330 UT lvl 1
T 615 db  704 340 Day  1
T 615 db  704 350 Time 13:30
T 615 db  704 360 Turn 80
T 615 db  704 380 Panicked
T 615 db  704 390 Satiated
T 615 db  704 400 Running
T 615 buf 13 83       iron axe covered with blood!
T 615 buf 13 73 13:30 The large hedgehog bites you! You manage to block the attack with your
T 615 buf 13 63 13:30 You wake up.
T 615 buf 13 53 13:29-13:30 (2x) The large hedgehog bites you! You are not hurt.
T 615 buf 13 43 13:29 The large hedgehog bites you in the right leg!
T 615 buf 13 33 13:29 (2x) The large hedgehog bites you! You are not hurt.
T 615 buf 13 23 13:29 The large hedgehog bites you!
T 615 buf 13 13 13:29 The large hedgehog ignores you.
T 615 db  497 245 0
T 615 db  16 461 Belyer Asu the neutral human
T 615 db  704 150 AStr 9  
T 615 db  704 160 LStr 10 
T 615 db  704 170 Dex  11 
T 615 db  704 180 Agi  10 
T 615 db  704 190 End  10 
T 615 db  704 200 Per  10 
T 615 db  704 210 Int  4  
T 615 db  776 210 14
T 615 db  704 220 Wis  10 
T 615 db  704 230 Will 11 
T 615 db  704 240 Cha  10 
T 615 db  704 250 Mana 9  
T 615 db  704 260 Ht   175 cm
T 615 db  704 270 Wt   98 kg
T 615 db  704 290 HP: 20/37
T 615 db  704 310 Gold: 45
T 615 db  704 330 UT lvl 1
T 615 db  704 340 Day  1
T 615 db  704 350 Time 13:30
T 615 db  704 360 Turn 81
T 615 db  704 380 Panicked
T 615 db  704 390 Satiated
T 615 db  704 400 Running
T 615 buf 13 83 13:30 The large hedgehog bites you! You are not hurt.
T 615 buf 13 73       iron axe covered with blood!
T 615 buf 13 63 13:30 The large hedgehog bites you! You manage to block the attack with your
T 615 buf 13 53 13:30 You wake up.
T 615 buf 13 43 13:29-13:30 (2x) The large hedgehog bites you! You are not hurt.
T 615 buf 13 33 13:29 The large hedgehog bites you in the right leg!
T 615 buf 13 23 13:29 (2x) The large hedgehog bites you! You are not hurt.
T 615 buf 13 13 13:29 The large hedgehog bites you!
T 615 db  497 245 0
T 616 db  16 461 Belyer Asu the neutral human
T 616 db  704 150 AStr 9  
T 616 db  704 160 LStr 10 
T 616 db  704 170 Dex  11 
T 616 db  704 180 Agi  10 
T 616 db  704 190 End  10 
T 616 db  704 200 Per  10 
T 616 db  704 210 Int  4  
T 616 db  776 210 14
T 616 db  704 220 Wis  10 
T 616 db  704 230 Will 11 
T 616 db  704 240 Cha  10 
T 616 db  704 250 Mana 9  
T 616 db  704 260 Ht   175 cm
T 616 db  704 270 Wt   98 kg
T 616 db  704 290 HP: 20/37
T 616 db  704 310 Gold: 45
T 616 db  704 330 UT lvl 1
T 616 db  704 340 Day  1
T 616 db  704 350 Time 13:30
T 616 db  704 360 Turn 81
T 616 db  704 380 Panicked
T 616 db  704 390 Satiated
T 616 db  704 400 Running
T 616 buf 13 83 13:30 The large hedgehog bites you! You are not hurt.
T 616 buf 13 73       iron axe covered with blood!
T 616 buf 13 63 13:30 The large hedgehog bites you! You manage to block the attack with your
T 616 buf 13 53 13:30 You wake up.
T 616 buf 13 43 13:29-13:30 (2x) The large hedgehog bites you! You are not hurt.
T 616 buf 13 33 13:29 The large hedgehog bites you in the right leg!
T 616 buf 13 23 13:29 (2x) The large hedgehog bites you! You are not hurt.
T 616 buf 13 13 13:29 The large hedgehog bites you!
T 616 db  497 245 0
T 616 db  16 461 Belyer Asu the neutral human
T 616 db  704 150 AStr 9  
T 616 db  704 160 LStr 10 
T 616 db  704 170 Dex  11 
T 616 db  704 180 Agi  10 
T 616 db  704 190 End  10 
T 616 db  704 200 Per  10 
T 616 db  704 210 Int  4  
T 616 db  776 210 14
T 616 db  704 220 Wis  10 
T 616 db  704 230 Will 11 
T 616 db  704 240 Cha  10 
T 616 db  704 250 Mana 9  
T 616 db  704 260 Ht   175 cm
T 616 db  704 270 Wt   98 kg
T 616 db  704 290 HP: 20/37
T 616 db  704 310 Gold: 45
T 616 db  704 330 UT lvl 1
T 616 db  704 340 Day  1
T 616 db  704 350 Time 13:30
T 616 db  704 360 Turn 82
T 616 db  704 380 Panicked
T 616 db  704 390 Satiated
T 616 db  704 400 Running
T 616 db  497 245 0
T 617 db  16 461 Belyer Asu the neutral human
T 617 db  704 150 AStr 9  
T 617 db  704 160 LStr 10 
T 617 db  704 170 Dex  11 
T 617 db  704 180 Agi  10 
T 617 db  704 190 End  10 
T 617 db  704 200 Per  10 
T 617 db  704 210 Int  4  
T 617 db  776 210 14
T 617 db  704 220 Wis  10 
T 617 db  704 230 Will 11 
T 617 db  704 240 Cha  10 
T 617 db  704 250 Mana 9  
T 617 db  704 260 Ht   175 cm
T 617 db  704 270 Wt   98 kg
T 617 db  704 290 HP: 20/37
T 617 db  704 310 Gold: 45
T 617 db  704 330 UT lvl 1
T 617 db  704 340 Day  1
T 617 db  704 350 Time 13:30
T 617 db  704 360 Turn 82
T 617 db  704 380 Panicked
T 617 db  704 390 Satiated
T 617 db  704 400 Running
T 617 db  497 245 0
T 617 db  16 461 Belyer Asu the neutral human
T 617 db  704 150 AStr 9  
T 617 db  704 160 LStr 10 
T 617 db  704 170 Dex  11 
T 617 db  704 180 Agi  10 
T 617 db  704 190 End  10 
T 617 db  704 200 Per  10 
T 617 db  704 210 Int  4  
T 617 db  776 210 14
T 617 db  704 220 Wis  10 
T 617 db  704 230 Will 11 
T 617 db  704 240 Cha  10 
T 617 db  704 250 Mana 9  
T 617 db  704 260 Ht   175 cm
T 617 db  704 270 Wt   98 kg
T 617 db  704 290 HP: 20/37
T 617 db  704 310 Gold: 45
T 617 db  704 330 UT lvl 1
T 617 db  704 340 Day  1
T 617 db  704 350 Time 13:30
T 617 db  704 360 Turn 83
T 617 db  704 380 Panicked
T 617 db  704 390 Satiated
T 617 db  704 400 Running
T 617 db  497 245 0
T 618 db  16 461 Belyer Asu the neutral human
T 618 db  704 150 AStr 9  
T 618 db  704 160 LStr 10 
T 618 db  704 170 Dex  11 
T 618 db  704 180 Agi  10 
T 618 db  704 190 End  10 
T 618 db  704 200 Per  10 
T 618 db  704 210 Int  4  
T 618 db  776 210 14
T 618 db  704 220 Wis  10 
T 618 db  704 230 Will 11 
T 618 db  704 240 Cha  10 
T 618 db  704 250 Mana 9  
T 618 db  704 260 Ht   175 cm
T 618 db  704 270 Wt   98 kg
T 618 db  704 290 HP: 20/37
T 618 db  704 310 Gold: 45
T 618 db  704 330 UT lvl 1
T 618 db  704 340 Day  1
T 618 db  704 350 Time 13:31
T 618 db  704 360 Turn 84
T 618 db  704 380 Eating
T 618 db  704 390 Panicked
T 618 db  704 400 Satiated
T 618 db  704 410 Running
T 618 buf 13 83 13:30 You begin eating the corpse of Kenny the puppy.
T 618 buf 13 73 13:30 The large hedgehog bites you! You are not hurt.
T 618 buf 13 63       iron axe covered with blood!
T 618 buf 13 53 13:30 The large hedgehog bites you! You manage to block the attack with your
T 618 buf 13 43 13:30 You wake up.
T 618 buf 13 33 13:29-13:30 (2x) The large hedgehog bites you! You are not hurt.
T 618 buf 13 23 13:29 The large hedgehog bites you in the right leg!
T 618 buf 13 13 13:29 (2x) The large hedgehog bites you! You are not hurt.
T 618 db  497 245 0
T 619 db  16 461 Belyer Asu the neutral human
T 619 db  704 150 AStr 9  
T 619 db  704 160 LStr 10 
T 619 db  704 170 Dex  11 
T 619 db  704 180 Agi  10 
T 619 db  704 190 End  10 
T 619 db  704 200 Per  10 
T 619 db  704 210 Int  4  
T 619 db  776 210 14
T 619 db  704 220 Wis  10 
T 619 db  704 230 Will 11 
T 619 db  704 240 Cha  10 
T 619 db  704 250 Mana 9  
T 619 db  704 260 Ht   175 cm
T 619 db  704 270 Wt   98 kg
T 619 db  704 290 HP: 20/37
T 619 db  704 310 Gold: 45
T 619 db  704 330 UT lvl 1
T 619 db  704 340 Day  1
T 619 db  704 350 Time 13:31
T 619 db  704 360 Turn 84
T 619 db  704 380 Eating
T 619 db  704 390 Panicked
T 619 db  704 400 Satiated
T 619 db  704 410 Running
T 619 db  497 245 0
T 620 db  16 461 Belyer Asu the neutral human
T 620 db  704 150 AStr 9  
T 620 db  704 160 LStr 10 
T 620 db  704 170 Dex  11 
T 620 db  704 180 Agi  10 
T 620 db  704 190 End  10 
T 620 db  704 200 Per  10 
T 620 db  704 210 Int  4  
T 620 db  776 210 14
T 620 db  704 220 Wis  10 
T 620 db  704 230 Will 11 
T 620 db  704 240 Cha  10 
T 620 db  704 250 Mana 9  
T 620 db  704 260 Ht   175 cm
T 620 db  704 270 Wt   98 kg
T 620 db  704 290 HP: 20/37
T 620 db  704 310 Gold: 45
T 620 db  704 330 UT lvl 1
T 620 db  704 340 Day  1
T 620 db  704 350 Time 13:31
T 620 db  704 360 Turn 84
T 620 db  704 380 Eating
T 620 db  704 390 Panicked
T 620 db  704 400 Satiated
T 620 db  704 410 Running
T 620 db  497 245 0
T 621 db  16 461 Belyer Asu the neutral human
T 621 db  704 150 AStr 9  
T 621 db  704 160 LStr 10 
T 621 db  704 170 Dex  11 
T 621 db  704 180 Agi  10 
T 621 db  704 190 End  10 
T 621 db  704 200 Per  10 
T 621 db  704 210 Int  4  
T 621 db  776 210 14
T 621 db  704 220 Wis  10 
T 621 db  704 230 Will 11 
T 621 db  704 240 Cha  10 
T 621 db  704 250 Mana 9  
T 621 db  704 260 Ht   175 cm
T 621 db  704 270 Wt   98 kg
T 621 db  704 290 HP: 20/37
T 621 db  704 310 Gold: 45
T 621 db  704 330 UT lvl 1
T 621 db  704 340 Day  1
T 621 db  704 350 Time 13:32
T 621 db  704 360 Turn 84
T 621 db  704 380 Eating
T 621 db  704 390 Panicked
T 621 db  704 400 Satiated
T 621 db  704 410 Running
T 621 db  497 245 0
T 622 db  16 461 Belyer Asu the neutral human
T 622 db  704 150 AStr 9  
T 622 db  704 160 LStr 10 
T 622 db  704 170 Dex  11 
T 622 db  704 180 Agi  10 
T 622 db  704 190 End  10 
T 622 db  704 200 Per  10 
T 622 db  704 210 Int  4  
T 622 db  776 210 14
T 622 db  704 220 Wis  10 
T 622 db  704 230 Will 11 
T 622 db  704 240 Cha  10 
T 622 db  704 250 Mana 9  
T 622 db  704 260 Ht   175 cm
T 622 db  704 270 Wt   98 kg
T 622 db  704 290 HP: 20/37
T 622 db  704 310 Gold: 45
T 622 db  704 330 UT lvl 1
T 622 db  704 340 Day  1
T 622 db  704 350 Time 13:32
T 622 db  704 360 Turn 84
T 622 db  704 380 Eating
T 622 db  704 390 Panicked
T 622 db  704 400 Satiated
T 622 db  704 410 Running
T 622 db  497 245 0
T 623 db  16 461 Belyer Asu the neutral human
T 623 db  704 150 AStr 9  
T 623 db  704 160 LStr 10 
T 623 db  704 170 Dex  11 
T 623 db  704 180 Agi  10 
T 623 db  704 190 End  10 
T 623 db  704 200 Per  10 
T 623 db  704 210 Int  4  
T 623 db  776 210 14
T 623 db  704 220 Wis  10 
T 623 db  704 230 Will 11 
T 623 db  704 240 Cha  10 
T 623 db  704 250 Mana 9  
T 623 db  704 260 Ht   175 cm
T 623 db  704 270 Wt   98 kg
T 623 db  704 290 HP: 20/37
T 623 db  704 310 Gold: 45
T 623 db  704 330 UT lvl 1
T 623 db  704 340 Day  1
T 623 db  704 350 Time 13:32
T 623 db  704 360 Turn 84
T 623 db  704 380 Eating
T 623 db  704 390 Panicked
T 623 db  704 400 Satiated
T 623 db  704 410 Running
T 623 db  497 245 0
T 624 db  16 461 Belyer Asu the neutral human
T 624 db  704 150 AStr 9  
T 624 db  704 160 LStr 10 
T 624 db  704 170 Dex  11 
T 624 db  704 180 Agi  10 
T 624 db  704 190 End  10 
T 624 db  704 200 Per  10 
T 624 db  704 210 Int  4  
T 624 db  776 210 14
T 624 db  704 220 Wis  10 
T 624 db  704 230 Will 11 
T 624 db  704 240 Cha  10 
T 624 db  704 250 Mana 9  
T 624 db  704 260 Ht   175 cm
T 624 db  704 270 Wt   98 kg
T 624 db  704 290 HP: 20/37
T 624 db  704 310 Gold: 45
T 624 db  704 330 UT lvl 1
T 624 db  704 340 Day  1
T 624 db  704 350 Time 13:33
T 624 db  704 360 Turn 84
T 624 db  704 380 Eating
T 624 db  704 390 Panicked
T 624 db  704 400 Satiated
T 624 db  704 410 Running
T 624 db  497 245 0
T 625 db  16 461 Belyer Asu the neutral human
T 625 db  704 150 AStr 9  
T 625 db  704 160 LStr 10 
T 625 db  704 170 Dex  11 
T 625 db  704 180 Agi  10 
T 625 db  704 190 End  10 
T 625 db  704 200 Per  10 
T 625 db  704 210 Int  4  
T 625 db  776 210 14
T 625 db  704 220 Wis  10 
T 625 db  704 230 Will 11 
T 625 db  704 240 Cha  10 
T 625 db  704 250 Mana 9  
T 625 db  704 260 Ht   175 cm
T 625 db  704 270 Wt   98 kg
T 625 db  704 290 HP: 20/37
T 625 db  704 310 Gold: 45
T 625 db  704 330 UT lvl 1
T 625 db  704 340 Day  1
T 625 db  704 350 Time 13:33
T 625 db  704 360 Turn 84
T 625 db  704 380 Eating
T 625 db  704 390 Panicked
T 625 db  704 400 Satiated
T 625 db  704 410 Running
T 625 db  497 245 0
T 626 db  16 461 Belyer Asu the neutral human
T 626 db  704 150 AStr 9  
T 626 db  704 160 LStr 10 
T 626 db  704 170 Dex  11 
T 626 db  704 180 Agi  10 
T 626 db  704 190 End  10 
T 626 db  704 200 Per  10 
T 626 db  704 210 Int  4  
T 626 db  776 210 14
T 626 db  704 220 Wis  10 
T 626 db  704 230 Will 11 
T 626 db  704 240 Cha  10 
T 626 db  704 250 Mana 9  
T 626 db  704 260 Ht   175 cm
T 626 db  704 270 Wt   98 kg
T 626 db  704 290 HP: 20/37
T 626 db  704 310 Gold: 45
T 626 db  704 330 UT lvl 1
T 626 db  704 340 Day  1
T 626 db  704 350 Time 13:33
T 626 db  704 360 Turn 84
T 626 db  704 380 Eating
T 626 db  704 390 Panicked
T 626 db  704 400 Satiated
T 626 db  704 410 Running
T 626 db  497 245 0
T 627 db  16 461 Belyer Asu the neutral human
T 627 db  704 150 AStr 9  
T 627 db  704 160 LStr 10 
T 627 db  704 170 Dex  11 
T 627 db  704 180 Agi  10 
T 627 db  704 190 End  10 
T 627 db  704 200 Per  10 
T 627 db  704 210 Int  4  
T 627 db  776 210 14
T 627 db  704 220 Wis  10 
T 627 db  704 230 Will 11 
T 627 db  704 240 Cha  10 
T 627 db  704 250 Mana 9  
T 627 db  704 260 Ht   175 cm
T 627 db  704 270 Wt   98 kg
T 627 db  704 290 HP: 20/37
T 627 db  704 310 Gold: 45
T 627 db  704 330 UT lvl 1
T 627 db  704 340 Day  1
T 627 db  704 350 Time 13:34
T 627 db  704 360 Turn 84
T 627 db  704 380 Eating
T 627 db  704 390 Panicked
T 627 db  704 400 Satiated
T 627 db  704 410 Running
T 627 db  497 245 0
T 628 db  16 461 Belyer Asu the neutral human
T 628 db  704 150 AStr 9  
T 628 db  704 160 LStr 10 
T 628 db  704 170 Dex  11 
T 628 db  704 180 Agi  10 
T 628 db  704 190 End  10 
T 628 db  704 200 Per  10 
T 628 db  704 210 Int  4  
T 628 db  776 210 14
T 628 db  704 220 Wis  10 
T 628 db  704 230 Will 11 
T 628 db  704 240 Cha  10 
T 628 db  704 250 Mana 9  
T 628 db  704 260 Ht   175 cm
T 628 db  704 270 Wt   98 kg
T 628 db  704 290 HP: 20/37
T 628 db  704 310 Gold: 45
T 628 db  704 330 UT lvl 1
T 628 db  704 340 Day  1
T 628 db  704 350 Time 13:34
T 628 db  704 360 Turn 84
T 628 db  704 380 Eating
T 628 db  704 390 Panicked
T 628 db  704 400 Satiated
T 628 db  704 410 Running
T 628 db  497 245 0
T 629 db  16 461 Belyer Asu the neutral human
T 629 db  704 150 AStr 9  
T 629 db  704 160 LStr 10 
T 629 db  704 170 Dex  11 
T 629 db  704 180 Agi  10 
T 629 db  704 190 End  10 
T 629 db  704 200 Per  10 
T 629 db  704 210 Int  4  
T 629 db  776 210 14
T 629 db  704 220 Wis  10 
T 629 db  704 230 Will 11 
T 629 db  704 240 Cha  10 
T 629 db  704 250 Mana 9  
T 629 db  704 260 Ht   175 cm
T 629 db  704 270 Wt   98 kg
T 629 db  704 290 HP: 20/37
T 629 db  704 310 Gold: 45
T 629 db  704 330 UT lvl 1
T 629 db  704 340 Day  1
T 629 db  704 350 Time 13:34
T 629 db  704 360 Turn 84
T 629 db  704 380 Panicked
T 629 db  704 390 Satiated
T 629 db  704 400 Running
T 629 buf 13 83 13:34 You finish eating.
T 629 buf 13 73 13:30 You begin eating the corpse of Kenny the puppy.
T 629 buf 13 63 13:30 The large hedgehog bites you! You are not hurt.
T 629 buf 13 53       iron axe covered with blood!
T 629 buf 13 43 13:30 The large hedgehog bites you! You manage to block the attack with your
T 629 buf 13 33 13:30 You wake up.
T 629 buf 13 23 13:29-13:30 (2x) The large hedgehog bites you! You are not hurt.
T 629 buf 13 13 13:29 The large hedgehog bites you in the right leg!
T 629 db  497 245 0
T 630 db  16 461 Belyer Asu the neutral human
T 630 db  704 150 AStr 9  
T 630 db  704 160 LStr 10 
T 630 db  704 170 Dex  11 
T 630 db  704 180 Agi  10 
T 630 db  704 190 End  10 
T 630 db  704 200 Per  10 
T 630 db  704 210 Int  4  
T 630 db  776 210 14
T 630 db  704 220 Wis  10 
T 630 db  704 230 Will 11 
T 630 db  704 240 Cha  10 
T 630 db  704 250 Mana 9  
T 630 db  704 260 Ht   175 cm
T 630 db  704 270 Wt   98 kg
T 630 db  704 290 HP: 20/37
T 630 db  704 310 Gold: 45
T 630 db  704 330 UT lvl 1
T 630 db  704 340 Day  1
T 630 db  704 350 Time 13:34
T 630 db  704 360 Turn 85
T 630 db  704 380 Panicked
T 630 db  704 390 Satiated
T 630 db  704 400 Running
T 630 buf 13 83 13:34 You finish eating.
T 630 buf 13 73 13:30 You begin eating the corpse of Kenny the puppy.
T 630 buf 13 63 13:30 The large hedgehog bites you! You are not hurt.
T 630 buf 13 53       iron axe covered with blood!
T 630 buf 13 43 13:30 The large hedgehog bites you! You manage to block the attack with your
T 630 buf 13 33 13:30 You wake up.
T 630 buf 13 23 13:29-13:30 (2x) The large hedgehog bites you! You are not hurt.
T 630 buf 13 13 13:29 The large hedgehog bites you in the right leg!
T 630 db  497 245 0
T 631 db  16 461 Belyer Asu the neutral human
T 631 db  704 150 AStr 9  
T 631 db  704 160 LStr 10 
T 631 db  704 170 Dex  11 
T 631 db  704 180 Agi  10 
T 631 db  704 190 End  10 
T 631 db  704 200 Per  10 
T 631 db  704 210 Int  4  
T 631 db  776 210 14
T 631 db  704 220 Wis  10 
T 631 db  704 230 Will 11 
T 631 db  704 240 Cha  10 
T 631 db  704 250 Mana 9  
T 631 db  704 260 Ht   175 cm
T 631 db  704 270 Wt   98 kg
T 631 db  704 290 HP: 20/37
T 631 db  704 310 Gold: 45
T 631 db  704 330 UT lvl 1
T 631 db  704 340 Day  1
T 631 db  704 350 Time 13:34
T 631 db  704 360 Turn 86
T 631 db  704 380 Panicked
T 631 db  704 390 Satiated
T 631 db  704 400 Running
T 631 db  497 245 0
T 632 db  16 461 Belyer Asu the neutral human
T 632 db  704 150 AStr 9  
T 632 db  704 160 LStr 10 
T 632 db  704 170 Dex  11 
T 632 db  704 180 Agi  10 
T 632 db  704 190 End  10 
T 632 db  704 200 Per  10 
T 632 db  704 210 Int  4  
T 632 db  776 210 14
T 632 db  704 220 Wis  10 
T 632 db  704 230 Will 11 
T 632 db  704 240 Cha  10 
T 632 db  704 250 Mana 9  
T 632 db  704 260 Ht   175 cm
T 632 db  704 270 Wt   98 kg
T 632 db  704 290 HP: 20/37
T 632 db  704 310 Gold: 45
T 632 db  704 330 UT lvl 1
T 632 db  704 340 Day  1
T 632 db  704 350 Time 13:34
T 632 db  704 360 Turn 86
T 632 db  704 380 Panicked
T 632 db  704 390 Satiated
T 632 db  704 400 Running
T 632 buf 13 83 13:34 The door is already open, hugger-mugger.
T 632 buf 13 73 13:34 You finish eating.
T 632 buf 13 63 13:30 You begin eating the corpse of Kenny the puppy.
T 632 buf 13 53 13:30 The large hedgehog bites you! You are not hurt.
T 632 buf 13 43       iron axe covered with blood!
T 632 buf 13 33 13:30 The large hedgehog bites you! You manage to block the attack with your
T 632 buf 13 23 13:30 You wake up.
T 632 buf 13 13 13:29-13:30 (2x) The large hedgehog bites you! You are not hurt.
T 632 db  497 245 0
T 632 db  16 461 Belyer Asu the neutral human
T 632 db  704 150 AStr 9  
T 632 db  704 160 LStr 10 
T 632 db  704 170 Dex  11 
T 632 db  704 180 Agi  10 
T 632 db  704 190 End  10 
T 632 db  704 200 Per  10 
T 632 db  704 210 Int  4  
T 632 db  776 210 14
T 632 db  704 220 Wis  10 
T 632 db  704 230 Will 11 
T 632 db  704 240 Cha  10 
T 632 db  704 250 Mana 9  
T 632 db  704 260 Ht   175 cm
T 632 db  704 270 Wt   98 kg
T 632 db  704 290 HP: 20/37
T 632 db  704 310 Gold: 45
T 632 db  704 330 UT lvl 1
T 632 db  704 340 Day  1
T 632 db  704 350 Time 13:34
T 632 db  704 360 Turn 87
T 632 db  704 380 Panicked
T 632 db  704 390 Satiated
T 632 db  704 400 Running
T 632 db  497 245 0
T 633 db  16 461 Belyer Asu the neutral human
T 633 db  704 150 AStr 9  
T 633 db  704 160 LStr 10 
T 633 db  704 170 Dex  11 
T 633 db  704 180 Agi  10 
T 633 db  704 190 End  10 
T 633 db  704 200 Per  10 
T 633 db  704 210 Int  4  
T 633 db  776 210 14
T 633 db  704 220 Wis  10 
T 633 db  704 230 Will 11 
T 633 db  704 240 Cha  10 
T 633 db  704 250 Mana 9  
T 633 db  704 260 Ht   175 cm
T 633 db  704 270 Wt   98 kg
T 633 db  704 290 HP: 20/37
T 633 db  704 310 Gold: 45
T 633 db  704 330 UT lvl 1
T 633 db  704 340 Day  1
T 633 db  704 350 Time 13:34
T 633 db  704 360 Turn 87
T 633 db  704 380 Panicked
T 633 db  704 390 Satiated
T 633 db  704 400 Running
T 633 buf 13 83 13:34 The door is already open, hugger-mugger.
T 633 buf 13 73 13:34 You finish eating.
T 633 buf 13 63 13:30 You begin eating the corpse of Kenny the puppy.
T 633 buf 13 53 13:30 The large hedgehog bites you! You are not hurt.
T 633 buf 13 43       iron axe covered with blood!
T 633 buf 13 33 13:30 The large hedgehog bites you! You manage to block the attack with your
T 633 buf 13 23 13:30 You wake up.
T 633 buf 13 13 13:29-13:30 (2x) The large hedgehog bites you! You are not hurt.
T 633 db  497 245 0
T 633 db  16 461 Belyer Asu the neutral human
T 633 db  704 150 AStr 9  
T 633 db  704 160 LStr 10 
T 633 db  704 170 Dex  11 
T 633 db  704 180 Agi  10 
T 633 db  704 190 End  10 
T 633 db  704 200 Per  10 
T 633 db  704 210 Int  4  
T 633 db  776 210 14
T 633 db  704 220 Wis  10 
T 633 db  704 230 Will 11 
T 633 db  704 240 Cha  10 
T 633 db  704 250 Mana 9  
T 633 db  704 260 Ht   175 cm
T 633 db  704 270 Wt   98 kg
T 633 db  704 290 HP: 20/37
T 633 db  704 310 Gold: 45
T 633 db  704 330 UT lvl 1
T 633 db  704 340 Day  1
T 633 db  704 350 Time 13:34
T 633 db  704 360 Turn 88
T 633 db  704 380 Panicked
T 633 db  704 390 Satiated
T 633 db  704 400 Running
T 633 db  497 245 0
T 634 db  16 461 Belyer Asu the neutral human
T 634 db  704 150 AStr 9  
T 634 db  704 160 LStr 10 
T 634 db  704 170 Dex  11 
T 634 db  704 180 Agi  10 
T 634 db  704 190 End  10 
T 634 db  704 200 Per  10 
T 634 db  704 210 Int  4  
T 634 db  776 210 14
T 634 db  704 220 Wis  10 
T 634 db  704 230 Will 11 
T 634 db  704 240 Cha  10 
T 634 db  704 250 Mana 9  
T 634 db  704 260 Ht   175 cm
T 634 db  704 270 Wt   98 kg
T 634 db  704 290 HP: 20/37
T 634 db  704 310 Gold: 45
T 634 db  704 330 UT lvl 1
T 634 db  704 340 Day  1
T 634 db  704 350 Time 13:34
T 634 db  704 360 Turn 88
T 634 db  704 380 Panicked
T 634 db  704 390 Satiated
T 634 db  704 400 Running
T 634 db  497 245 0
T 634 db  16 461 Belyer Asu the neutral human
T 634 db  704 150 AStr 9  
T 634 db  704 160 LStr 10 
T 634 db  704 170 Dex  11 
T 634 db  704 180 Agi  10 
T 634 db  704 190 End  10 
T 634 db  704 200 Per  10 
T 634 db  704 210 Int  4  
T 634 db  776 210 14
T 634 db  704 220 Wis  10 
T 634 db  704 230 Will 11 
T 634 db  704 240 Cha  10 
T 634 db  704 250 Mana 9  
T 634 db  704 260 Ht   175 cm
T 634 db  704 270 Wt   98 kg
T 634 db  704 290 HP: 20/37
T 634 db  704 310 Gold: 45
T 634 db  704 330 UT lvl 1
T 634 db  704 340 Day  1
T 634 db  704 350 Time 13:35
T 634 db  704 360 Turn 89
T 634 db  704 380 Panicked
T 634 db  704 390 Satiated
T 634 db  704 400 Running
T 634 db  497 245 0
T 635 db  16 461 Belyer Asu the neutral human
T 635 db  704 150 AStr 9  
T 635 db  704 160 LStr 10 
T 635 db  704 170 Dex  11 
T 635 db  704 180 Agi  10 
T 635 db  704 190 End  10 
T 635 db  704 200 Per  10 
T 635 db  704 210 Int  4  
T 635 db  776 210 14
T 635 db  704 220 Wis  10 
T 635 db  704 230 Will 11 
T 635 db  704 240 Cha  10 
T 635 db  704 250 Mana 9  
T 635 db  704 260 Ht   175 cm
T 635 db  704 270 Wt   98 kg
T 635 db  704 290 HP: 20/37
T 635 db  704 310 Gold: 45
T 635 db  704 330 UT lvl 1
T 635 db  704 340 Day  1
T 635 db  704 350 Time 13:35
T 635 db  704 360 Turn 90
T 635 db  704 380 Eating
T 635 db  704 390 Panicked
T 635 db  704 400 Satiated
T 635 db  704 410 Running
T 635 buf 13 83 13:35 You begin eating the corpse of a large hedgehog.
T 635 buf 13 73 13:34 The door is already open, hugger-mugger.
T 635 buf 13 63 13:34 You finish eating.
T 635 buf 13 53 13:30 You begin eating the corpse of Kenny the puppy.
T 635 buf 13 43 13:30 The large hedgehog bites you! You are not hurt.
T 635 buf 13 33       iron axe covered with blood!
T 635 buf 13 23 13:30 The large hedgehog bites you! You manage to block the attack with your
T 635 buf 13 13 13:30 You wake up.
T 635 db  497 245 0
T 636 db  16 461 Belyer Asu the neutral human
T 636 db  704 150 AStr 9  
T 636 db  704 160 LStr 10 
T 636 db  704 170 Dex  11 
T 636 db  704 180 Agi  10 
T 636 db  704 190 End  10 
T 636 db  704 200 Per  10 
T 636 db  704 210 Int  4  
T 636 db  776 210 14
T 636 db  704 220 Wis  10 
T 636 db  704 230 Will 11 
T 636 db  704 240 Cha  10 
T 636 db  704 250 Mana 9  
T 636 db  704 260 Ht   175 cm
T 636 db  704 270 Wt   98 kg
T 636 db  704 290 HP: 20/37
T 636 db  704 310 Gold: 45
T 636 db  704 330 UT lvl 1
T 636 db  704 340 Day  1
T 636 db  704 350 Time 13:35
T 636 db  704 360 Turn 90
T 636 db  704 380 Eating
T 636 db  704 390 Panicked
T 636 db  704 400 Satiated
T 636 db  704 410 Running
T 636 db  497 245 0
T 637 db  16 461 Belyer Asu the neutral human
T 637 db  704 150 AStr 9  
T 637 db  704 160 LStr 10 
T 637 db  704 170 Dex  11 
T 637 db  704 180 Agi  10 
T 637 db  704 190 End  10 
T 637 db  704 200 Per  10 
T 637 db  704 210 Int  4  
T 637 db  776 210 14
T 637 db  704 220 Wis  10 
T 637 db  704 230 Will 11 
T 637 db  704 240 Cha  10 
T 637 db  704 250 Mana 9  
T 637 db  704 260 Ht   175 cm
T 637 db  704 270 Wt   98 kg
T 637 db  704 290 HP: 20/37
T 637 db  704 310 Gold: 45
T 637 db  704 330 UT lvl 1
T 637 db  704 340 Day  1
T 637 db  704 350 Time 13:36
T 637 db  704 360 Turn 90
T 637 db  704 380 Eating
T 637 db  704 390 Panicked
T 637 db  704 400 Satiated
T 637 db  704 410 Running
T 637 db  497 245 0
T 638 db  16 461 Belyer Asu the neutral human
T 638 db  704 150 AStr 9  
T 638 db  704 160 LStr 10 
T 638 db  704 170 Dex  11 
T 638 db  704 180 Agi  10 
T 638 db  704 190 End  10 
T 638 db  704 200 Per  10 
T 638 db  704 210 Int  4  
T 638 db  776 210 14
T 638 db  704 220 Wis  10 
T 638 db  704 230 Will 11 
T 638 db  704 240 Cha  10 
T 638 db  704 250 Mana 9  
T 638 db  704 260 Ht   175 cm
T 638 db  704 270 Wt   98 kg
T 638 db  704 290 HP: 20/37
T 638 db  704 310 Gold: 45
T 638 db  704 330 UT lvl 1
T 638 db  704 340 Day  1
T 638 db  704 350 Time 13:36
T 638 db  704 360 Turn 90
T 638 db  704 380 Eating
T 638 db  704 390 Panicked
T 638 db  704 400 Satiated
T 638 db  704 410 Running
T 638 db  497 245 0
T 639 db  16 461 Belyer Asu the neutral human
T 639 db  704 150 AStr 9  
T 639 db  704 160 LStr 10 
T 639 db  704 170 Dex  11 
T 639 db  704 180 Agi  10 
T 639 db  704 190 End  10 
T 639 db  704 200 Per  10 
T 639 db  704 210 Int  4  
T 639 db  776 210 14
T 639 db  704 220 Wis  10 
T 639 db  704 230 Will 11 
T 639 db  704 240 Cha  10 
T 639 db  704 250 Mana 9  
T 639 db  704 260 Ht   175 cm
T 639 db  704 270 Wt   98 kg
T 639 db  704 290 HP: 20/37
T 639 db  704 310 Gold: 45
T 639 db  704 330 UT lvl 1
T 639 db  704 340 Day  1
T 639 db  704 350 Time 13:36
T 639 db  704 360 Turn 90
T 639 db  704 380 Eating
T 639 db  704 390 Panicked
T 639 db  704 400 Satiated
T 639 db  704 410 Running
T 639 db  497 245 0
T 640 db  16 461 Belyer Asu the neutral human
T 640 db  704 150 AStr 9  
T 640 db  704 160 LStr 10 
T 640 db  704 170 Dex  11 
T 640 db  704 180 Agi  10 
T 640 db  704 190 End  10 
T 640 db  704 200 Per  10 
T 640 db  704 210 Int  4  
T 640 db  776 210 14
T 640 db  704 220 Wis  10 
T 640 db  704 230 Will 11 
T 640 db  704 240 Cha  10 
T 640 db  704 250 Mana 9  
T 640 db  704 260 Ht   175 cm
T 640 db  704 270 Wt   98 kg
T 640 db  704 290 HP: 20/37
T 640 db  704 310 Gold: 45
T 640 db  704 330 UT lvl 1
T 640 db  704 340 Day  1
T 640 db  704 350 Time 13:36
T 640 db  704 360 Turn 90
T 640 db  704 380 Panicked
T 640 db  704 390 Satiated
T 640 db  704 400 Running
T 640 buf 13 83 13:36 You finish eating.
T 640 buf 13 73 13:35 You begin eating the corpse of a large hedgehog.
T 640 buf 13 63 13:34 The door is already open, hugger-mugger.
T 640 buf 13 53 13:34 You finish eating.
T 640 buf 13 43 13:30 You begin eating the corpse of Kenny the puppy.
T 640 buf 13 33 13:30 The large hedgehog bites you! You are not hurt.
T 640 buf 13 23       iron axe covered with blood!
T 640 buf 13 13 13:30 The large hedgehog bites you! You manage to block the attack with your
T 640 db  497 245 0
T 641 db  16 461 Belyer Asu the neutral human
T 641 db  704 150 AStr 9  
T 641 db  704 160 LStr 10 
T 641 db  704 170 Dex  11 
T 641 db  704 180 Agi  10 
T 641 db  704 190 End  10 
T 641 db  704 200 Per  10 
T 641 db  704 210 Int  4  
T 641 db  776 210 14
T 641 db  704 220 Wis  10 
T 641 db  704 230 Will 11 
T 641 db  704 240 Cha  10 
T 641 db  704 250 Mana 9  
T 641 db  704 260 Ht   175 cm
T 641 db  704 270 Wt   98 kg
T 641 db  704 290 HP: 20/37
T 641 db  704 310 Gold: 45
T 641 db  704 330 UT lvl 1
T 641 db  704 340 Day  1
T 641 db  704 350 Time 13:36
T 641 db  704 360 Turn 90
T 641 db  704 380 Panicked
T 641 db  704 390 Satiated
T 641 db  704 400 Running
T 641 buf 13 83 13:36 You finish eating.
T 641 buf 13 73 13:35 You begin eating the corpse of a large hedgehog.
T 641 buf 13 63 13:34 The door is already open, hugger-mugger.
T 641 buf 13 53 13:34 You finish eating.
T 641 buf 13 43 13:30 You begin eating the corpse of Kenny the puppy.
T 641 buf 13 33 13:30 The large hedgehog bites you! You are not hurt.
T 641 buf 13 23       iron axe covered with blood!
T 641 buf 13 13 13:30 The large hedgehog bites you! You manage to block the attack with your
T 641 db  497 245 0
T 641 db  16 461 Belyer Asu the neutral human
T 641 db  704 150 AStr 9  
T 641 db  704 160 LStr 10 
T 641 db  704 170 Dex  11 
T 641 db  704 180 Agi  10 
T 641 db  704 190 End  10 
T 641 db  704 200 Per  10 
T 641 db  704 210 Int  4  
T 641 db  776 210 14
T 641 db  704 220 Wis  10 
T 641 db  704 230 Will 11 
T 641 db  704 240 Cha  10 
T 641 db  704 250 Mana 9  
T 641 db  704 260 Ht   175 cm
T 641 db  704 270 Wt   98 kg
T 641 db  704 290 HP: 20/37
T 641 db  704 310 Gold: 45
T 641 db  704 330 UT lvl 1
T 641 db  704 340 Day  1
T 641 db  704 350 Time 13:37
T 641 db  704 360 Turn 91
T 641 db  704 380 Panicked
T 641 db  704 390 Satiated
T 641 db  704 400 Running
T 641 db  497 245 0
T 642 db  16 461 Belyer Asu the neutral human
T 642 db  704 150 AStr 9  
T 642 db  704 160 LStr 10 
T 642 db  704 170 Dex  11 
T 642 db  704 180 Agi  10 
T 642 db  704 190 End  10 
T 642 db  704 200 Per  10 
T 642 db  704 210 Int  4  
T 642 db  776 210 14
T 642 db  704 220 Wis  10 
T 642 db  704 230 Will 11 
T 642 db  704 240 Cha  10 
T 642 db  704 250 Mana 9  
T 642 db  704 260 Ht   175 cm
T 642 db  704 270 Wt   98 kg
T 642 db  704 290 HP: 20/37
T 642 db  704 310 Gold: 45
T 642 db  704 330 UT lvl 1
T 642 db  704 340 Day  1
T 642 db  704 350 Time 13:37
T 642 db  704 360 Turn 91
T 642 db  704 380 Panicked
T 642 db  704 390 Satiated
T 642 db  704 400 Running
T 642 db  497 245 0
T 642 db  16 461 Belyer Asu the neutral human
T 642 db  704 150 AStr 9  
T 642 db  704 160 LStr 10 
T 642 db  704 170 Dex  11 
T 642 db  704 180 Agi  10 
T 642 db  704 190 End  10 
T 642 db  704 200 Per  10 
T 642 db  704 210 Int  4  
T 642 db  776 210 14
T 642 db  704 220 Wis  10 
T 642 db  704 230 Will 11 
T 642 db  704 240 Cha  10 
T 642 db  704 250 Mana 9  
T 642 db  704 260 Ht   175 cm
T 642 db  704 270 Wt   98 kg
T 642 db  704 290 HP: 20/37
T 642 db  704 310 Gold: 45
T 642 db  704 330 UT lvl 1
T 642 db  704 340 Day  1
T 642 db  704 350 Time 13:37
T 642 db  704 360 Turn 92
T 642 db  704 380 Panicked
T 642 db  704 390 Satiated
T 642 db  704 400 Running
T 642 db  497 245 0
T 643 db  16 461 Belyer Asu the neutral human
T 643 db  704 150 AStr 9  
T 643 db  704 160 LStr 10 
T 643 db  704 170 Dex  11 
T 643 db  704 180 Agi  10 
T 643 db  704 190 End  10 
T 643 db  704 200 Per  10 
T 643 db  704 210 Int  4  
T 643 db  776 210 14
T 643 db  704 220 Wis  10 
T 643 db  704 230 Will 11 
T 643 db  704 240 Cha  10 
T 643 db  704 250 Mana 9  
T 643 db  704 260 Ht   175 cm
T 643 db  704 270 Wt   98 kg
T 643 db  704 290 HP: 20/37
T 643 db  704 310 Gold: 45
T 643 db  704 330 UT lvl 1
T 643 db  704 340 Day  1
T 643 db  704 350 Time 13:37
T 643 db  704 360 Turn 92
T 643 db  704 380 Panicked
T 643 db  704 390 Satiated
T 643 db  704 400 Running
T 643 db  497 245 0
T 643 db  16 461 Belyer Asu the neutral human
T 643 db  704 150 AStr 9  
T 643 db  704 160 LStr 10 
T 643 db  704 170 Dex  11 
T 643 db  704 180 Agi  10 
T 643 db  704 190 End  10 
T 643 db  704 200 Per  10 
T 643 db  704 210 Int  4  
T 643 db  776 210 14
T 643 db  704 220 Wis  10 
T 643 db  704 230 Will 11 
T 643 db  704 240 Cha  10 
T 643 db  704 250 Mana 9  
T 643 db  704 260 Ht   175 cm
T 643 db  704 270 Wt   98 kg
T 643 db  704 290 HP: 20/37
T 643 db  704 310 Gold: 45
T 643 db  704 330 UT lvl 1
T 643 db  704 340 Day  1
T 643 db  704 350 Time 13:37
T 643 db  704 360 Turn 93
T 643 db  704 380 Panicked
T 643 db  704 390 Satiated
T 643 db  704 400 Running
T 643 buf 13 83 13:37 An empty can is lying here.
T 643 buf 13 73 13:36 You finish eating.
T 643 buf 13 63 13:35 You begin eating the corpse of a large hedgehog.
T 643 buf 13 53 13:34 The door is already open, hugger-mugger.
T 643 buf 13 43 13:34 You finish eating.
T 643 buf 13 33 13:30 You begin eating the corpse of Kenny the puppy.
T 643 buf 13 23 13:30 The large hedgehog bites you! You are not hurt.
T 643 buf 13 13       iron axe covered with blood!
T 643 db  497 245 0
T 644 db  16 461 Belyer Asu the neutral human
T 644 db  704 150 AStr 9  
T 644 db  704 160 LStr 10 
T 644 db  704 170 Dex  11 
T 644 db  704 180 Agi  10 
T 644 db  704 190 End  10 
T 644 db  704 200 Per  10 
T 644 db  704 210 Int  4  
T 644 db  776 210 14
T 644 db  704 220 Wis  10 
T 644 db  704 230 Will 11 
T 644 db  704 240 Cha  10 
T 644 db  704 250 Mana 9  
T 644 db  704 260 Ht   175 cm
T 644 db  704 270 Wt   98 kg
T 644 db  704 290 HP: 20/37
T 644 db  704 310 Gold: 45
T 644 db  704 330 UT lvl 1
T 644 db  704 340 Day  1
T 644 db  704 350 Time 13:37
T 644 db  704 360 Turn 93
T 644 db  704 380 Panicked
T 644 db  704 390 Satiated
T 644 db  704 400 Running
T 644 buf 13 83 13:37 An empty can is lying here.
T 644 buf 13 73 13:36 You finish eating.
T 644 buf 13 63 13:35 You begin eating the corpse of a large hedgehog.
T 644 buf 13 53 13:34 The door is already open, hugger-mugger.
T 644 buf 13 43 13:34 You finish eating.
T 644 buf 13 33 13:30 You begin eating the corpse of Kenny the puppy.
T 644 buf 13 23 13:30 The large hedgehog bites you! You are not hurt.
T 644 buf 13 13       iron axe covered with blood!
T 644 db  497 245 0
T 644 db  16 461 Belyer Asu the neutral human
T 644 db  704 150 AStr 9  
T 644 db  704 160 LStr 10 
T 644 db  704 170 Dex  11 
T 644 db  704 180 Agi  10 
T 644 db  704 190 End  10 
T 644 db  704 200 Per  10 
T 644 db  704 210 Int  4  
T 644 db  776 210 14
T 644 db  704 220 Wis  10 
T 644 db  704 230 Will 11 
T 644 db  704 240 Cha  10 
T 644 db  704 250 Mana 9  
T 644 db  704 260 Ht   175 cm
T 644 db  704 270 Wt   98 kg
T 644 db  704 290 HP: 20/37
T 644 db  704 310 Gold: 45
T 644 db  704 330 UT lvl 1
T 644 db  704 340 Day  1
T 644 db  704 350 Time 13:37
T 644 db  704 360 Turn 94
T 644 db  704 380 Panicked
T 644 db  704 390 Satiated
T 644 db  704 400 Running
T 644 db  497 245 0
T 645 db  16 461 Belyer Asu the neutral human
T 645 db  704 150 AStr 9  
T 645 db  704 160 LStr 10 
T 645 db  704 170 Dex  11 
T 645 db  704 180 Agi  10 
T 645 db  704 190 End  10 
T 645 db  704 200 Per  10 
T 645 db  704 210 Int  4  
T 645 db  776 210 14
T 645 db  704 220 Wis  10 
T 645 db  704 230 Will 11 
T 645 db  704 240 Cha  10 
T 645 db  704 250 Mana 9  
T 645 db  704 260 Ht   175 cm
T 645 db  704 270 Wt   98 kg
T 645 db  704 290 HP: 20/37
T 645 db  704 310 Gold: 45
T 645 db  704 330 UT lvl 1
T 645 db  704 340 Day  1
T 645 db  704 350 Time 13:37
T 645 db  704 360 Turn 95
T 645 db  704 380 Panicked
T 645 db  704 390 Satiated
T 645 db  704 400 Running
T 645 db  497 245 1
T 646 db  16 461 Belyer Asu the neutral human
T 646 db  704 150 AStr 9  
T 646 db  704 160 LStr 10 
T 646 db  704 170 Dex  11 
T 646 db  704 180 Agi  10 
T 646 db  704 190 End  10 
T 646 db  704 200 Per  10 
T 646 db  704 210 Int  4  
T 646 db  776 210 14
T 646 db  704 220 Wis  10 
T 646 db  704 230 Will 11 
T 646 db  704 240 Cha  10 
T 646 db  704 250 Mana 9  
T 646 db  704 260 Ht   175 cm
T 646 db  704 270 Wt   98 kg
T 646 db  704 290 HP: 20/37
T 646 db  704 310 Gold: 45
T 646 db  704 330 UT lvl 1
T 646 db  704 340 Day  1
T 646 db  704 350 Time 13:37
T 646 db  704 360 Turn 95
T 646 db  704 380 Panicked
T 646 db  704 390 Satiated
T 646 db  704 400 Running
T 646 buf 13 83       myself..."
T 646 buf 13 73 13:37 Belyer Asu the human says "I need more intelligence to do things by
T 646 buf 13 63 13:37 An empty can is lying here.
T 646 buf 13 53 13:36 You finish eating.
T 646 buf 13 43 13:35 You begin eating the corpse of a large hedgehog.
T 646 buf 13 33 13:34 The door is already open, hugger-mugger.
T 646 buf 13 23 13:34 You finish eating.
T 646 buf 13 13 13:30 You begin eating the corpse of Kenny the puppy.
T 646 db  497 245 1
T 646 db  16 461 Belyer Asu the neutral human
T 646 db  704 150 AStr 9  
T 646 db  704 160 LStr 10 
T 646 db  704 170 Dex  11 
T 646 db  704 180 Agi  10 
T 646 db  704 190 End  10 
T 646 db  704 200 Per  10 
T 646 db  704 210 Int  4  
T 646 db  776 210 14
T 646 db  704 220 Wis  10 
T 646 db  704 230 Will 11 
T 646 db  704 240 Cha  10 
T 646 db  704 250 Mana 9  
T 646 db  704 260 Ht   175 cm
T 646 db  704 270 Wt   98 kg
T 646 db  704 290 HP: 20/37
T 646 db  704 310 Gold: 45
T 646 db  704 330 UT lvl 1
T 646 db  704 340 Day  1
T 646 db  704 350 Time 13:38
T 646 db  704 360 Turn 96
T 646 db  704 380 Panicked
T 646 db  704 390 Satiated
T 646 db  704 400 Running
T 646 buf 13 83 13:37 An empty can is lying here.
T 646 buf 13 73       myself..."
T 646 buf 13 63 13:37 Belyer Asu the human says "I need more intelligence to do things by
T 646 buf 13 53 13:37 An empty can is lying here.
T 646 buf 13 43 13:36 You finish eating.
T 646 buf 13 33 13:35 You begin eating the corpse of a large hedgehog.
T 646 buf 13 23 13:34 The door is already open, hugger-mugger.
T 646 buf 13 13 13:34 You finish eating.
T 646 db  497 245 1
T 647 db  16 461 Belyer Asu the neutral human
T 647 db  704 150 AStr 9  
T 647 db  704 160 LStr 10 
T 647 db  704 170 Dex  11 
T 647 db  704 180 Agi  10 
T 647 db  704 190 End  10 
T 647 db  704 200 Per  10 
T 647 db  704 210 Int  4  
T 647 db  776 210 14
T 647 db  704 220 Wis  10 
T 647 db  704 230 Will 11 
T 647 db  704 240 Cha  10 
T 647 db  704 250 Mana 9  
T 647 db  704 260 Ht   175 cm
T 647 db  704 270 Wt   98 kg
T 647 db  704 290 HP: 20/37
T 647 db  704 310 Gold: 45
T 647 db  704 330 UT lvl 1
T 647 db  704 340 Day  1
T 647 db  704 350 Time 13:38
T 647 db  704 360 Turn 96
T 647 db  704 380 Panicked
T 647 db  704 390 Satiated
T 647 db  704 400 Running
T 647 buf 13 83       myself..."
T 647 buf 13 73 13:38 Belyer Asu the human says "I need more intelligence to do things by
T 647 buf 13 63 13:37 An empty can is lying here.
T 647 buf 13 53       myself..."
T 647 buf 13 43 13:37 Belyer Asu the human says "I need more intelligence to do things by
T 647 buf 13 33 13:37 An empty can is lying here.
T 647 buf 13 23 13:36 You finish eating.
T 647 buf 13 13 13:35 You begin eating the corpse of a large hedgehog.
T 647 db  497 245 1
T 647 db  16 461 Belyer Asu the neutral human
T 647 db  704 150 AStr 9  
T 647 db  704 160 LStr 10 
T 647 db  704 170 Dex  11 
T 647 db  704 180 Agi  10 
T 647 db  704 190 End  10 
T 647 db  704 200 Per  10 
T 647 db  704 210 Int  4  
T 647 db  776 210 14
T 647 db  704 220 Wis  10 
T 647 db  704 230 Will 11 
T 647 db  704 240 Cha  10 
T 647 db  704 250 Mana 9  
T 647 db  704 260 Ht   175 cm
T 647 db  704 270 Wt   98 kg
T 647 db  704 290 HP: 20/37
T 647 db  704 310 Gold: 45
T 647 db  704 330 UT lvl 1
T 647 db  704 340 Day  1
T 647 db  704 350 Time 13:38
T 647 db  704 360 Turn 97
T 647 db  704 380 Panicked
T 647 db  704 390 Satiated
T 647 db  704 400 Running
T 647 db  497 245 1
T 648 db  16 461 Belyer Asu the neutral human
T 648 db  704 150 AStr 9  
T 648 db  704 160 LStr 10 
T 648 db  704 170 Dex  11 
T 648 db  704 180 Agi  10 
T 648 db  704 190 End  10 
T 648 db  704 200 Per  10 
T 648 db  704 210 Int  4  
T 648 db  776 210 14
T 648 db  704 220 Wis  10 
T 648 db  704 230 Will 11 
T 648 db  704 240 Cha  10 
T 648 db  704 250 Mana 9  
T 648 db  704 260 Ht   175 cm
T 648 db  704 270 Wt   98 kg
T 648 db  704 290 HP: 20/37
T 648 db  704 310 Gold: 45
T 648 db  704 330 UT lvl 1
T 648 db  704 340 Day  1
T 648 db  704 350 Time 13:38
T 648 db  704 360 Turn 97
T 648 db  704 380 Panicked
T 648 db  704 390 Satiated
T 648 db  704 400 Running
T 648 buf 13 83       myself..."
T 648 buf 13 73 13:38 Belyer Asu the human says "I need more intelligence to do things by
T 648 buf 13 63 13:37 An empty can is lying here.
T 648 buf 13 53       myself..."
T 648 buf 13 43 13:37 Belyer Asu the human says "I need more intelligence to do things by
T 648 buf 13 33 13:37 An empty can is lying here.
T 648 buf 13 23 13:36 You finish eating.
T 648 buf 13 13 13:35 You begin eating the corpse of a large hedgehog.
T 648 db  497 245 1
T 648 db  497 213 1
T 648 db  16 461 Belyer Asu the neutral human
T 648 db  704 150 AStr 9  
T 648 db  704 160 LStr 10 
T 648 db  704 170 Dex  11 
T 648 db  704 180 Agi  10 
T 648 db  704 190 End  10 
T 648 db  704 200 Per  10 
T 648 db  704 210 Int  4  
T 648 db  776 210 14
T 648 db  704 220 Wis  10 
T 648 db  704 230 Will 11 
T 648 db  704 240 Cha  10 
T 648 db  704 250 Mana 9  
T 648 db  704 260 Ht   175 cm
T 648 db  704 270 Wt   98 kg
T 648 db  704 290 HP: 21/37
T 648 db  704 310 Gold: 45
T 648 db  704 330 UT lvl 1
T 648 db  704 340 Day  1
T 648 db  704 350 Time 13:38
T 648 db  704 360 Turn 98
T 648 db  704 380 Panicked
T 648 db  704 390 Satiated
T 648 db  704 400 Running
T 648 db  497 245 1
T 649 db  16 461 Belyer Asu the neutral human
T 649 db  704 150 AStr 9  
T 649 db  704 160 LStr 10 
T 649 db  704 170 Dex  11 
T 649 db  704 180 Agi  10 
T 649 db  704 190 End  10 
T 649 db  704 200 Per  10 
T 649 db  704 210 Int  4  
T 649 db  776 210 14
T 649 db  704 220 Wis  10 
T 649 db  704 230 Will 11 
T 649 db  704 240 Cha  10 
T 649 db  704 250 Mana 9  
T 649 db  704 260 Ht   175 cm
T 649 db  704 270 Wt   98 kg
T 649 db  704 290 HP: 21/37
T 649 db  704 310 Gold: 45
T 649 db  704 330 UT lvl 1
T 649 db  704 340 Day  1
T 649 db  704 350 Time 13:38
T 649 db  704 360 Turn 98
T 649 db  704 380 Panicked
T 649 db  704 390 Satiated
T 649 db  704 400 Running
T 649 buf 13 83            myself..."
T 649 buf 13 73 13:38 (2x) Belyer Asu the human says "I need more intelligence to do things by
T 649 buf 13 63 13:37 An empty can is lying here.
T 649 buf 13 53       myself..."
T 649 buf 13 43 13:37 Belyer Asu the human says "I need more intelligence to do things by
T 649 buf 13 33 13:37 An empty can is lying here.
T 649 buf 13 23 13:36 You finish eating.
T 649 buf 13 13 13:35 You begin eating the corpse of a large hedgehog.
T 649 db  497 245 1
T 649 db  16 461 Belyer Asu the neutral human
T 649 db  704 150 AStr 9  
T 649 db  704 160 LStr 10 
T 649 db  704 170 Dex  11 
T 649 db  704 180 Agi  10 
T 649 db  704 190 End  10 
T 649 db  704 200 Per  10 
T 649 db  704 210 Int  4  
T 649 db  776 210 14
T 649 db  704 220 Wis  10 
T 649 db  704 230 Will 11 
T 649 db  704 240 Cha  10 
T 649 db  704 250 Mana 9  
T 649 db  704 260 Ht   175 cm
T 649 db  704 270 Wt   98 kg
T 649 db  704 290 HP: 21/37
T 649 db  704 310 Gold: 45
T 649 db  704 330 UT lvl 1
T 649 db  704 340 Day  1
T 649 db  704 350 Time 13:38
T 649 db  704 360 Turn 99
T 649 db  704 380 Panicked
T 649 db  704 390 Satiated
T 649 db  704 400 Running
T 649 db  497 245 1
T 650 db  16 461 Belyer Asu the neutral human
T 650 db  704 150 AStr 9  
T 650 db  704 160 LStr 10 
T 650 db  704 170 Dex  11 
T 650 db  704 180 Agi  10 
T 650 db  704 190 End  10 
T 650 db  704 200 Per  10 
T 650 db  704 210 Int  4  
T 650 db  776 210 14
T 650 db  704 220 Wis  10 
T 650 db  704 230 Will 11 
T 650 db  704 240 Cha  10 
T 650 db  704 250 Mana 9  
T 650 db  704 260 Ht   175 cm
T 650 db  704 270 Wt   98 kg
T 650 db  704 290 HP: 21/37
T 650 db  704 310 Gold: 45
T 650 db  704 330 UT lvl 1
T 650 db  704 340 Day  1
T 650 db  704 350 Time 13:38
T 650 db  704 360 Turn 99
T 650 db  704 380 Panicked
T 650 db  704 390 Satiated
T 650 db  704 400 Running
T 650 buf 13 83            myself..."
T 650 buf 13 73 13:38 (3x) Belyer Asu the human says "I need more intelligence to do things by
T 650 buf 13 63 13:37 An empty can is lying here.
T 650 buf 13 53       myself..."
T 650 buf 13 43 13:37 Belyer Asu the human says "I need more intelligence to do things by
T 650 buf 13 33 13:37 An empty can is lying here.
T 650 buf 13 23 13:36 You finish eating.
T 650 buf 13 13 13:35 You begin eating the corpse of a large hedgehog.
T 650 db  497 245 1
T 650 db  16 461 Belyer Asu the neutral human
T 650 db  704 150 AStr 9  
T 650 db  704 160 LStr 10 
T 650 db  704 170 Dex  11 
T 650 db  704 180 Agi  10 
T 650 db  704 190 End  10 
T 650 db  704 200 Per  10 
T 650 db  704 210 Int  4  
T 650 db  776 210 14
T 650 db  704 220 Wis  10 
T 650 db  704 230 Will 11 
T 650 db  704 240 Cha  10 
T 650 db  704 250 Mana 9  
T 650 db  704 260 Ht   175 cm
T 650 db  704 270 Wt   98 kg
T 650 db  704 290 HP: 21/37
T 650 db  704 310 Gold: 45
T 650 db  704 330 UT lvl 1
T 650 db  704 340 Day  1
T 650 db  704 350 Time 13:39
T 650 db  704 360 Turn 100
T 650 db  704 380 Panicked
T 650 db  704 390 Satiated
T 650 db  704 400 Running
T 650 db  497 245 1
T 651 db  16 461 Belyer Asu the neutral human
T 651 db  704 150 AStr 9  
T 651 db  704 160 LStr 10 
T 651 db  704 170 Dex  11 
T 651 db  704 180 Agi  10 
T 651 db  704 190 End  10 
T 651 db  704 200 Per  10 
T 651 db  704 210 Int  4  
T 651 db  776 210 14
T 651 db  704 220 Wis  10 
T 651 db  704 230 Will 11 
T 651 db  704 240 Cha  10 
T 651 db  704 250 Mana 9  
T 651 db  704 260 Ht   175 cm
T 651 db  704 270 Wt   98 kg
T 651 db  704 290 HP: 21/37
T 651 db  704 310 Gold: 45
T 651 db  704 330 UT lvl 1
T 651 db  704 340 Day  1
T 651 db  704 350 Time 13:39
T 651 db  704 360 Turn 100
T 651 db  704 380 Panicked
T 651 db  704 390 Satiated
T 651 db  704 400 Running
T 651 buf 13 83 13:39 The door is already open, airhead.
T 651 buf 13 73                  things by myself..."
T 651 buf 13 63 13:38-13:39 (4x) Belyer Asu the human says "I need more intelligence to do
T 651 buf 13 53 13:37 An empty can is lying here.
T 651 buf 13 43       myself..."
T 651 buf 13 33 13:37 Belyer Asu the human says "I need more intelligence to do things by
T 651 buf 13 23 13:37 An empty can is lying here.
T 651 buf 13 13 13:36 You finish eating.
T 651 db  497 245 1
T 651 db  16 461 Belyer Asu the neutral human
T 651 db  704 150 AStr 9  
T 651 db  704 160 LStr 10 
T 651 db  704 170 Dex  11 
T 651 db  704 180 Agi  10 
T 651 db  704 190 End  10 
T 651 db  704 200 Per  10 
T 651 db  704 210 Int  4  
T 651 db  776 210 14
T 651 db  704 220 Wis  10 
T 651 db  704 230 Will 11 
T 651 db  704 240 Cha  10 
T 651 db  704 250 Mana 9  
T 651 db  704 260 Ht   175 cm
T 651 db  704 270 Wt   98 kg
T 651 db  704 290 HP: 21/37
T 651 db  704 310 Gold: 45
T 651 db  704 330 UT lvl 1
T 651 db  704 340 Day  1
T 651 db  704 350 Time 13:39
T 651 db  704 360 Turn 101
T 651 db  704 380 Panicked
T 651 db  704 390 Satiated
T 651 db  704 400 Running
T 651 db  497 245 1
T 652 db  16 461 Belyer Asu the neutral human
T 652 db  704 150 AStr 9  
T 652 db  704 160 LStr 10 
T 652 db  704 170 Dex  11 
T 652 db  704 180 Agi  10 
T 652 db  704 190 End  10 
T 652 db  704 200 Per  10 
T 652 db  704 210 Int  4  
T 652 db  776 210 14
T 652 db  704 220 Wis  10 
T 652 db  704 230 Will 11 
T 652 db  704 240 Cha  10 
T 652 db  704 250 Mana 9  
T 652 db  704 260 Ht   175 cm
T 652 db  704 270 Wt   98 kg
T 652 db  704 290 HP: 21/37
T 652 db  704 310 Gold: 45
T 652 db  704 330 UT lvl 1
T 652 db  704 340 Day  1
T 652 db  704 350 Time 13:39
T 652 db  704 360 Turn 101
T 652 db  704 380 Panicked
T 652 db  704 390 Satiated
T 652 db  704 400 Running
T 652 buf 13 83 13:39 The door is already open, mommo-for-brains.
T 652 buf 13 73       myself..."
T 652 buf 13 63 13:39 Belyer Asu the human says "I need more intelligence to do things by
T 652 buf 13 53 13:39 The door is already open, airhead.
T 652 buf 13 43                  things by myself..."
T 652 buf 13 33 13:38-13:39 (4x) Belyer Asu the human says "I need more intelligence to do
T 652 buf 13 23 13:37 An empty can is lying here.
T 652 buf 13 13       myself..."
T 652 db  497 245 1
T 652 db  16 461 Belyer Asu the neutral human
T 652 db  704 150 AStr 9  
T 652 db  704 160 LStr 10 
T 652 db  704 170 Dex  11 
T 652 db  704 180 Agi  10 
T 652 db  704 190 End  10 
T 652 db  704 200 Per  10 
T 652 db  704 210 Int  4  
T 652 db  776 210 14
T 652 db  704 220 Wis  10 
T 652 db  704 230 Will 11 
T 652 db  704 240 Cha  10 
T 652 db  704 250 Mana 9  
T 652 db  704 260 Ht   175 cm
T 652 db  704 270 Wt   98 kg
T 652 db  704 290 HP: 21/37
T 652 db  704 310 Gold: 45
T 652 db  704 330 UT lvl 1
T 652 db  704 340 Day  1
T 652 db  704 350 Time 13:39
T 652 db  704 360 Turn 102
T 652 db  704 380 Panicked
T 652 db  704 390 Satiated
T 652 db  704 400 Running
T 652 db  497 245 1
T 653 db  16 461 Belyer Asu the neutral human
T 653 db  704 150 AStr 9  
T 653 db  704 160 LStr 10 
T 653 db  704 170 Dex  11 
T 653 db  704 180 Agi  10 
T 653 db  704 190 End  10 
T 653 db  704 200 Per  10 
T 653 db  704 210 Int  4  
T 653 db  776 210 14
T 653 db  704 220 Wis  10 
T 653 db  704 230 Will 11 
T 653 db  704 240 Cha  10 
T 653 db  704 250 Mana 9  
T 653 db  704 260 Ht   175 cm
T 653 db  704 270 Wt   98 kg
T 653 db  704 290 HP: 21/37
T 653 db  704 310 Gold: 45
T 653 db  704 330 UT lvl 1
T 653 db  704 340 Day  1
T 653 db  704 350 Time 13:39
T 653 db  704 360 Turn 102
T 653 db  704 380 Panicked
T 653 db  704 390 Satiated
T 653 db  704 400 Running
T 653 buf 13 83 13:39 The door is already open, pinhead.
T 653 buf 13 73       myself..."
T 653 buf 13 63 13:39 Belyer Asu the human says "I need more intelligence to do things by
T 653 buf 13 53 13:39 The door is already open, mommo-for-brains.
T 653 buf 13 43       myself..."
T 653 buf 13 33 13:39 Belyer Asu the human says "I need more intelligence to do things by
T 653 buf 13 23 13:39 The door is already open, airhead.
T 653 buf 13 13                  things by myself..."
T 653 db  497 245 1
T 653 db  16 461 Belyer Asu the neutral human
T 653 db  704 150 AStr 9  
T 653 db  704 160 LStr 10 
T 653 db  704 170 Dex  11 
T 653 db  704 180 Agi  10 
T 653 db  704 190 End  10 
T 653 db  704 200 Per  10 
T 653 db  704 210 Int  4  
T 653 db  776 210 14
T 653 db  704 220 Wis  10 
T 653 db  704 230 Will 11 
T 653 db  704 240 Cha  10 
T 653 db  704 250 Mana 9  
T 653 db  704 260 Ht   175 cm
T 653 db  704 270 Wt   98 kg
T 653 db  704 290 HP: 21/37
T 653 db  704 310 Gold: 45
T 653 db  704 330 UT lvl 1
T 653 db  704 340 Day  1
T 653 db  704 350 Time 13:39
T 653 db  704 360 Turn 103
T 653 db  704 380 Panicked
T 653 db  704 390 Satiated
T 653 db  704 400 Running
T 653 db  497 245 1
T 654 db  16 461 Belyer Asu the neutral human
T 654 db  704 150 AStr 9  
T 654 db  704 160 LStr 10 
T 654 db  704 170 Dex  11 
T 654 db  704 180 Agi  10 
T 654 db  704 190 End  10 
T 654 db  704 200 Per  10 
T 654 db  704 210 Int  4  
T 654 db  776 210 14
T 654 db  704 220 Wis  10 
T 654 db  704 230 Will 11 
T 654 db  704 240 Cha  10 
T 654 db  704 250 Mana 9  
T 654 db  704 260 Ht   175 cm
T 654 db  704 270 Wt   98 kg
T 654 db  704 290 HP: 21/37
T 654 db  704 310 Gold: 45
T 654 db  704 330 UT lvl 1
T 654 db  704 340 Day  1
T 654 db  704 350 Time 13:39
T 654 db  704 360 Turn 103
T 654 db  704 380 Panicked
T 654 db  704 390 Satiated
T 654 db  704 400 Running
T 654 buf 13 83       myself..."
T 654 buf 13 73 13:39 Belyer Asu the human says "I need more intelligence to do things by
T 654 buf 13 63 13:39 The door is already open, pinhead.
T 654 buf 13 53       myself..."
T 654 buf 13 43 13:39 Belyer Asu the human says "I need more intelligence to do things by
T 654 buf 13 33 13:39 The door is already open, mommo-for-brains.
T 654 buf 13 23       myself..."
T 654 buf 13 13 13:39 Belyer Asu the human says "I need more intelligence to do things by
T 654 db  497 245 1
T 654 db  16 461 Belyer Asu the neutral human
T 654 db  704 150 AStr 9  
T 654 db  704 160 LStr 10 
T 654 db  704 170 Dex  11 
T 654 db  704 180 Agi  10 
T 654 db  704 190 End  10 
T 654 db  704 200 Per  10 
T 654 db  704 210 Int  4  
T 654 db  776 210 14
T 654 db  704 220 Wis  10 
T 654 db  704 230 Will 11 
T 654 db  704 240 Cha  10 
T 654 db  704 250 Mana 9  
T 654 db  704 260 Ht   175 cm
T 654 db  704 270 Wt   98 kg
T 654 db  704 290 HP: 21/37
T 654 db  704 310 Gold: 45
T 654 db  704 330 UT lvl 1
T 654 db  704 340 Day  1
T 654 db  704 350 Time 13:40
T 654 db  704 360 Turn 104
T 654 db  704 380 Panicked
T 654 db  704 390 Satiated
T 654 db  704 400 Running
T 654 db  497 245 1
T 655 db  16 461 Belyer Asu the neutral human
T 655 db  704 150 AStr 9  
T 655 db  704 160 LStr 10 
T 655 db  704 170 Dex  11 
T 655 db  704 180 Agi  10 
T 655 db  704 190 End  10 
T 655 db  704 200 Per  10 
T 655 db  704 210 Int  4  
T 655 db  776 210 14
T 655 db  704 220 Wis  10 
T 655 db  704 230 Will 11 
T 655 db  704 240 Cha  10 
T 655 db  704 250 Mana 9  
T 655 db  704 260 Ht   175 cm
T 655 db  704 270 Wt   98 kg
T 655 db  704 290 HP: 21/37
T 655 db  704 310 Gold: 45
T 655 db  704 330 UT lvl 1
T 655 db  704 340 Day  1
T 655 db  704 350 Time 13:40
T 655 db  704 360 Turn 104
T 655 db  704 380 Panicked
T 655 db  704 390 Satiated
T 655 db  704 400 Running
T 655 buf 13 83                  things by myself..."
T 655 buf 13 73 13:39-13:40 (2x) Belyer Asu the human says "I need more intelligence to do
T 655 buf 13 63 13:39 The door is already open, pinhead.
T 655 buf 13 53       myself..."
T 655 buf 13 43 13:39 Belyer Asu the human says "I need more intelligence to do things by
T 655 buf 13 33 13:39 The door is already open, mommo-for-brains.
T 655 buf 13 23       myself..."
T 655 buf 13 13 13:39 Belyer Asu the human says "I need more intelligence to do things by
T 655 db  497 245 1
T 655 db  16 461 Belyer Asu the neutral human
T 655 db  704 150 AStr 9  
T 655 db  704 160 LStr 10 
T 655 db  704 170 Dex  11 
T 655 db  704 180 Agi  10 
T 655 db  704 190 End  10 
T 655 db  704 200 Per  10 
T 655 db  704 210 Int  4  
T 655 db  776 210 14
T 655 db  704 220 Wis  10 
T 655 db  704 230 Will 11 
T 655 db  704 240 Cha  10 
T 655 db  704 250 Mana 9  
T 655 db  704 260 Ht   175 cm
T 655 db  704 270 Wt   98 kg
T 655 db  704 290 HP: 21/37
T 655 db  704 310 Gold: 45
T 655 db  704 330 UT lvl 1
T 655 db  704 340 Day  1
T 655 db  704 350 Time 13:40
T 655 db  704 360 Turn 105
T 655 db  704 380 Panicked
T 655 db  704 390 Satiated
T 655 db  704 400 Running
T 655 db  497 245 1
T 656 db  16 461 Belyer Asu the neutral human
T 656 db  704 150 AStr 9  
T 656 db  704 160 LStr 10 
T 656 db  704 170 Dex  11 
T 656 db  704 180 Agi  10 
T 656 db  704 190 End  10 
T 656 db  704 200 Per  10 
T 656 db  704 210 Int  4  
T 656 db  776 210 14
T 656 db  704 220 Wis  10 
T 656 db  704 230 Will 11 
T 656 db  704 240 Cha  10 
T 656 db  704 250 Mana 9  
T 656 db  704 260 Ht   175 cm
T 656 db  704 270 Wt   98 kg
T 656 db  704 290 HP: 21/37
T 656 db  704 310 Gold: 45
T 656 db  704 330 UT lvl 1
T 656 db  704 340 Day  1
T 656 db  704 350 Time 13:40
T 656 db  704 360 Turn 105
T 656 db  704 380 Panicked
T 656 db  704 390 Satiated
T 656 db  704 400 Running
T 656 buf 13 83                  things by myself..."
T 656 buf 13 73 13:39-13:40 (3x) Belyer Asu the human says "I need more intelligence to do
T 656 buf 13 63 13:39 The door is already open, pinhead.
T 656 buf 13 53       myself..."
T 656 buf 13 43 13:39 Belyer Asu the human says "I need more intelligence to do things by
T 656 buf 13 33 13:39 The door is already open, mommo-for-brains.
T 656 buf 13 23       myself..."
T 656 buf 13 13 13:39 Belyer Asu the human says "I need more intelligence to do things by
T 656 db  497 245 1
T 656 db  16 461 Belyer Asu the neutral human
T 656 db  704 150 AStr 9  
T 656 db  704 160 LStr 10 
T 656 db  704 170 Dex  11 
T 656 db  704 180 Agi  10 
T 656 db  704 190 End  10 
T 656 db  704 200 Per  10 
T 656 db  704 210 Int  4  
T 656 db  776 210 14
T 656 db  704 220 Wis  10 
T 656 db  704 230 Will 11 
T 656 db  704 240 Cha  10 
T 656 db  704 250 Mana 9  
T 656 db  704 260 Ht   175 cm
T 656 db  704 270 Wt   98 kg
T 656 db  704 290 HP: 21/37
T 656 db  704 310 Gold: 45
T 656 db  704 330 UT lvl 1
T 656 db  704 340 Day  1
T 656 db  704 350 Time 13:40
T 656 db  704 360 Turn 106
T 656 db  704 380 Panicked
T 656 db  704 390 Satiated
T 656 db  704 400 Running
T 656 buf 13 83 13:40 An empty can is lying here.
T 656 buf 13 73                  things by myself..."
T 656 buf 13 63 13:39-13:40 (3x) Belyer Asu the human says "I need more intelligence to do
T 656 buf 13 53 13:39 The door is already open, pinhead.
T 656 buf 13 43       myself..."
T 656 buf 13 33 13:39 Belyer Asu the human says "I need more intelligence to do things by
T 656 buf 13 23 13:39 The door is already open, mommo-for-brains.
T 656 buf 13 13       myself..."
T 656 db  497 245 1
T 657 db  16 461 Belyer Asu the neutral human
T 657 db  704 150 AStr 9  
T 657 db  704 160 LStr 10 
T 657 db  704 170 Dex  11 
T 657 db  704 180 Agi  10 
T 657 db  704 190 End  10 
T 657 db  704 200 Per  10 
T 657 db  704 210 Int  4  
T 657 db  776 210 14
T 657 db  704 220 Wis  10 
T 657 db  704 230 Will 11 
T 657 db  704 240 Cha  10 
T 657 db  704 250 Mana 9  
T 657 db  704 260 Ht   175 cm
T 657 db  704 270 Wt   98 kg
T 657 db  704 290 HP: 21/37
T 657 db  704 310 Gold: 45
T 657 db  704 330 UT lvl 1
T 657 db  704 340 Day  1
T 657 db  704 350 Time 13:40
T 657 db  704 360 Turn 107
T 657 db  704 380 Panicked
T 657 db  704 390 Satiated
T 657 db  704 400 Running
T 657 buf 13 83       myself..."
T 657 buf 13 73 13:40 Belyer Asu the human says "I need more intelligence to do things by
T 657 buf 13 63 13:40 An empty can is lying here.
T 657 buf 13 53                  things by myself..."
T 657 buf 13 43 13:39-13:40 (3x) Belyer Asu the human says "I need more intelligence to do
T 657 buf 13 33 13:39 The door is already open, pinhead.
T 657 buf 13 23       myself..."
T 657 buf 13 13 13:39 Belyer Asu the human says "I need more intelligence to do things by
T 657 db  465 213 20
T 658 db  16 461 Belyer Asu the neutral human
T 658 db  704 150 AStr 9  
T 658 db  704 160 LStr 10 
T 658 db  704 170 Dex  11 
T 658 db  704 180 Agi  10 
T 658 db  704 190 End  10 
T 658 db  704 200 Per  10 
T 658 db  704 210 Int  4  
T 658 db  776 210 14
T 658 db  704 220 Wis  10 
T 658 db  704 230 Will 11 
T 658 db  704 240 Cha  10 
T 658 db  704 250 Mana 9  
T 658 db  704 260 Ht   175 cm
T 658 db  704 270 Wt   98 kg
T 658 db  704 290 HP: 21/37
T 658 db  704 310 Gold: 45
T 658 db  704 330 UT lvl 1
T 658 db  704 340 Day  1
T 658 db  704 350 Time 13:40
T 658 db  704 360 Turn 107
T 658 db  704 380 Panicked
T 658 db  704 390 Satiated
T 658 db  704 400 Running
T 658 buf 13 83       myself..."
T 658 buf 13 73 13:40 Belyer Asu the human says "I need more intelligence to do things by
T 658 buf 13 63 13:40 An empty can is lying here.
T 658 buf 13 53                  things by myself..."
T 658 buf 13 43 13:39-13:40 (3x) Belyer Asu the human says "I need more intelligence to do
T 658 buf 13 33 13:39 The door is already open, pinhead.
T 658 buf 13 23       myself..."
T 658 buf 13 13 13:39 Belyer Asu the human says "I need more intelligence to do things by
T 658 db  449 229 20
T 658 db  16 461 Belyer Asu the neutral human
T 658 db  704 150 AStr 9  
T 658 db  704 160 LStr 10 
T 658 db  704 170 Dex  11 
T 658 db  704 180 Agi  10 
T 658 db  704 190 End  10 
T 658 db  704 200 Per  10 
T 658 db  704 210 Int  4  
T 658 db  776 210 14
T 658 db  704 220 Wis  10 
T 658 db  704 230 Will 11 
T 658 db  704 240 Cha  10 
T 658 db  704 250 Mana 9  
T 658 db  704 260 Ht   175 cm
T 658 db  704 270 Wt   98 kg
T 658 db  704 290 HP: 21/37
T 658 db  704 310 Gold: 45
T 658 db  704 330 UT lvl 1
T 658 db  704 340 Day  1
T 658 db  704 350 Time 13:40
T 658 db  704 360 Turn 108
T 658 db  704 380 Panicked
T 658 db  704 390 Satiated
T 658 db  704 400 Running
T 658 db  449 229 19
T 659 db  16 461 Belyer Asu the neutral human
T 659 db  704 150 AStr 9  
T 659 db  704 160 LStr 10 
T 659 db  704 170 Dex  11 
T 659 db  704 180 Agi  10 
T 659 db  704 190 End  10 
T 659 db  704 200 Per  10 
T 659 db  704 210 Int  4  
T 659 db  776 210 14
T 659 db  704 220 Wis  10 
T 659 db  704 230 Will 11 
T 659 db  704 240 Cha  10 
T 659 db  704 250 Mana 9  
T 659 db  704 260 Ht   175 cm
T 659 db  704 270 Wt   98 kg
T 659 db  704 290 HP: 21/37
T 659 db  704 310 Gold: 45
T 659 db  704 330 UT lvl 1
T 659 db  704 340 Day  1
T 659 db  704 350 Time 13:40
T 659 db  704 360 Turn 108
T 659 db  704 380 Panicked
T 659 db  704 390 Satiated
T 659 db  704 400 Running
T 659 db  449 213 19
T 659 db  16 461 Belyer Asu the neutral human
T 659 db  704 150 AStr 9  
T 659 db  704 160 LStr 10 
T 659 db  704 170 Dex  11 
T 659 db  704 180 Agi  10 
T 659 db  704 190 End  10 
T 659 db  704 200 Per  10 
T 659 db  704 210 Int  4  
T 659 db  776 210 14
T 659 db  704 220 Wis  10 
T 659 db  704 230 Will 11 
T 659 db  704 240 Cha  10 
T 659 db  704 250 Mana 9  
T 659 db  704 260 Ht   175 cm
T 659 db  704 270 Wt   98 kg
T 659 db  704 290 HP: 21/37
T 659 db  704 310 Gold: 45
T 659 db  704 330 UT lvl 1
T 659 db  704 340 Day  1
T 659 db  704 350 Time 13:41
T 659 db  704 360 Turn 109
T 659 db  704 380 Panicked
T 659 db  704 390 Satiated
T 659 db  704 400 Running
T 659 db  449 213 18
T 660 db  16 461 Belyer Asu the neutral human
T 660 db  704 150 AStr 9  
T 660 db  704 160 LStr 10 
T 660 db  704 170 Dex  11 
T 660 db  704 180 Agi  10 
T 660 db  704 190 End  10 
T 660 db  704 200 Per  10 
T 660 db  704 210 Int  4  
T 660 db  776 210 14
T 660 db  704 220 Wis  10 
T 660 db  704 230 Will 11 
T 660 db  704 240 Cha  10 
T 660 db  704 250 Mana 9  
T 660 db  704 260 Ht   175 cm
T 660 db  704 270 Wt   98 kg
T 660 db  704 290 HP: 21/37
T 660 db  704 310 Gold: 45
T 660 db  704 330 UT lvl 1
T 660 db  704 340 Day  1
T 660 db  704 350 Time 13:41
T 660 db  704 360 Turn 109
T 660 db  704 380 Panicked
T 660 db  704 390 Satiated
T 660 db  704 400 Running
T 660 db  465 213 1
T 660 db  16 461 Belyer Asu the neutral human
T 660 db  704 150 AStr 9  
T 660 db  704 160 LStr 10 
T 660 db  704 170 Dex  11 
T 660 db  704 180 Agi  10 
T 660 db  704 190 End  10 
T 660 db  704 200 Per  10 
T 660 db  704 210 Int  4  
T 660 db  776 210 14
T 660 db  704 220 Wis  10 
T 660 db  704 230 Will 11 
T 660 db  704 240 Cha  10 
T 660 db  704 250 Mana 9  
T 660 db  704 260 Ht   175 cm
T 660 db  704 270 Wt   98 kg
T 660 db  704 290 HP: 21/37
T 660 db  704 310 Gold: 45
T 660 db  704 330 UT lvl 1
T 660 db  704 340 Day  1
T 660 db  704 350 Time 13:41
T 660 db  704 360 Turn 110
T 660 db  704 380 Satiated
T 660 buf 13 83 13:41 You finally calm down.
T 660 buf 13 73 13:41 An empty can is lying here.
T 660 buf 13 63       myself..."
T 660 buf 13 53 13:40 Belyer Asu the human says "I need more intelligence to do things by
T 660 buf 13 43 13:40 An empty can is lying here.
T 660 buf 13 33                  things by myself..."
T 660 buf 13 23 13:39-13:40 (3x) Belyer Asu the human says "I need more intelligence to do
T 660 buf 13 13 13:39 The door is already open, pinhead.
T 661 db  16 461 Belyer Asu the neutral human
T 661 db  704 150 AStr 9  
T 661 db  704 160 LStr 10 
T 661 db  704 170 Dex  11 
T 661 db  704 180 Agi  10 
T 661 db  704 190 End  10 
T 661 db  704 200 Per  10 
T 661 db  704 210 Int  4  
T 661 db  776 210 14
T 661 db  704 220 Wis  10 
T 661 db  704 230 Will 11 
T 661 db  704 240 Cha  10 
T 661 db  704 250 Mana 9  
T 661 db  704 260 Ht   175 cm
T 661 db  704 270 Wt   98 kg
T 661 db  704 290 HP: 21/37
T 661 db  704 310 Gold: 45
T 661 db  704 330 UT lvl 1
T 661 db  704 340 Day  1
T 661 db  704 350 Time 13:41
T 661 db  704 360 Turn 110
T 661 db  704 380 Satiated
T 661 buf 13 83       myself..."
T 661 buf 13 73 13:41 Belyer Asu the human says "I need more intelligence to do things by
T 661 buf 13 63 13:41 You finally calm down.
T 661 buf 13 53 13:41 An empty can is lying here.
T 661 buf 13 43       myself..."
T 661 buf 13 33 13:40 Belyer Asu the human says "I need more intelligence to do things by
T 661 buf 13 23 13:40 An empty can is lying here.
T 661 buf 13 13                  things by myself..."
T 661 db  16 461 Belyer Asu the neutral human
T 661 db  704 150 AStr 9  
T 661 db  704 160 LStr 10 
T 661 db  704 170 Dex  11 
T 661 db  704 180 Agi  10 
T 661 db  704 190 End  10 
T 661 db  704 200 Per  10 
T 661 db  704 210 Int  4  
T 661 db  776 210 14
T 661 db  704 220 Wis  10 
T 661 db  704 230 Will 11 
T 661 db  704 240 Cha  10 
T 661 db  704 250 Mana 9  
T 661 db  704 260 Ht   175 cm
T 661 db  704 270 Wt   98 kg
T 661 db  704 290 HP: 21/37
T 661 db  704 310 Gold: 45
T 661 db  704 330 UT lvl 1
T 661 db  704 340 Day  1
T 661 db  704 350 Time 13:41
T 661 db  704 360 Turn 111
T 661 db  704 380 Satiated
T 662 db  16 461 Belyer Asu the neutral human
T 662 db  704 150 AStr 9  
T 662 db  704 160 LStr 10 
T 662 db  704 170 Dex  11 
T 662 db  704 180 Agi  10 
T 662 db  704 190 End  10 
T 662 db  704 200 Per  10 
T 662 db  704 210 Int  4  
T 662 db  776 210 14
T 662 db  704 220 Wis  10 
T 662 db  704 230 Will 11 
T 662 db  704 240 Cha  10 
T 662 db  704 250 Mana 9  
T 662 db  704 260 Ht   175 cm
T 662 db  704 270 Wt   98 kg
T 662 db  704 290 HP: 21/37
T 662 db  704 310 Gold: 45
T 662 db  704 330 UT lvl 1
T 662 db  704 340 Day  1
T 662 db  704 350 Time 13:41
T 662 db  704 360 Turn 111
T 662 db  704 380 Satiated
T 662 buf 13 83            myself..."
T 662 buf 13 73 13:41 (2x) Belyer Asu the human says "I need more intelligence to do things by
T 662 buf 13 63 13:41 You finally calm down.
T 662 buf 13 53 13:41 An empty can is lying here.
T 662 buf 13 43       myself..."
T 662 buf 13 33 13:40 Belyer Asu the human says "I need more intelligence to do things by
T 662 buf 13 23 13:40 An empty can is lying here.
T 662 buf 13 13                  things by myself..."
T 662 db  16 461 Belyer Asu the neutral human
T 662 db  704 150 AStr 9  
T 662 db  704 160 LStr 10 
T 662 db  704 170 Dex  11 
T 662 db  704 180 Agi  10 
T 662 db  704 190 End  10 
T 662 db  704 200 Per  10 
T 662 db  704 210 Int  4  
T 662 db  776 210 14
T 662 db  704 220 Wis  10 
T 662 db  704 230 Will 11 
T 662 db  704 240 Cha  10 
T 662 db  704 250 Mana 9  
T 662 db  704 260 Ht   175 cm
T 662 db  704 270 Wt   98 kg
T 662 db  704 290 HP: 21/37
T 662 db  704 310 Gold: 45
T 662 db  704 330 UT lvl 1
T 662 db  704 340 Day  1
T 662 db  704 350 Time 13:41
T 662 db  704 360 Turn 112
T 662 db  704 380 Satiated
T 663 db  16 461 Belyer Asu the neutral human
T 663 db  704 150 AStr 9  
T 663 db  704 160 LStr 10 
T 663 db  704 170 Dex  11 
T 663 db  704 180 Agi  10 
T 663 db  704 190 End  10 
T 663 db  704 200 Per  10 
T 663 db  704 210 Int  4  
T 663 db  776 210 14
T 663 db  704 220 Wis  10 
T 663 db  704 230 Will 11 
T 663 db  704 240 Cha  10 
T 663 db  704 250 Mana 9  
T 663 db  704 260 Ht   175 cm
T 663 db  704 270 Wt   98 kg
T 663 db  704 290 HP: 21/37
T 663 db  704 310 Gold: 45
T 663 db  704 330 UT lvl 1
T 663 db  704 340 Day  1
T 663 db  704 350 Time 13:41
T 663 db  704 360 Turn 112
T 663 db  704 380 Satiated
T 663 buf 13 83            myself..."
T 663 buf 13 73 13:41 (3x) Belyer Asu the human says "I need more intelligence to do things by
T 663 buf 13 63 13:41 You finally calm down.
T 663 buf 13 53 13:41 An empty can is lying here.
T 663 buf 13 43       myself..."
T 663 buf 13 33 13:40 Belyer Asu the human says "I need more intelligence to do things by
T 663 buf 13 23 13:40 An empty can is lying here.
T 663 buf 13 13                  things by myself..."
T 663 db  16 461 Belyer Asu the neutral human
T 663 db  704 150 AStr 9  
T 663 db  704 160 LStr 10 
T 663 db  704 170 Dex  11 
T 663 db  704 180 Agi  10 
T 663 db  704 190 End  10 
T 663 db  704 200 Per  10 
T 663 db  704 210 Int  4  
T 663 db  776 210 14
T 663 db  704 220 Wis  10 
T 663 db  704 230 Will 11 
T 663 db  704 240 Cha  10 
T 663 db  704 250 Mana 9  
T 663 db  704 260 Ht   175 cm
T 663 db  704 270 Wt   98 kg
T 663 db  704 290 HP: 21/37
T 663 db  704 310 Gold: 45
T 663 db  704 330 UT lvl 1
T 663 db  704 340 Day  1
T 663 db  704 350 Time 13:42
T 663 db  704 360 Turn 113
T 663 db  704 380 Satiated
T 664 db  16 461 Belyer Asu the neutral human
T 664 db  704 150 AStr 9  
T 664 db  704 160 LStr 10 
T 664 db  704 170 Dex  11 
T 664 db  704 180 Agi  10 
T 664 db  704 190 End  10 
T 664 db  704 200 Per  10 
T 664 db  704 210 Int  4  
T 664 db  776 210 14
T 664 db  704 220 Wis  10 
T 664 db  704 230 Will 11 
T 664 db  704 240 Cha  10 
T 664 db  704 250 Mana 9  
T 664 db  704 260 Ht   175 cm
T 664 db  704 270 Wt   98 kg
T 664 db  704 290 HP: 21/37
T 664 db  704 310 Gold: 45
T 664 db  704 330 UT lvl 1
T 664 db  704 340 Day  1
T 664 db  704 350 Time 13:42
T 664 db  704 360 Turn 113
T 664 db  704 380 Satiated
T 664 buf 13 83                  things by myself..."
T 664 buf 13 73 13:41-13:42 (4x) Belyer Asu the human says "I need more intelligence to do
T 664 buf 13 63 13:41 You finally calm down.
T 664 buf 13 53 13:41 An empty can is lying here.
T 664 buf 13 43       myself..."
T 664 buf 13 33 13:40 Belyer Asu the human says "I need more intelligence to do things by
T 664 buf 13 23 13:40 An empty can is lying here.
T 664 buf 13 13                  things by myself..."
T 664 db  16 461 Belyer Asu the neutral human
T 664 db  704 150 AStr 9  
T 664 db  704 160 LStr 10 
T 664 db  704 170 Dex  11 
T 664 db  704 180 Agi  10 
T 664 db  704 190 End  10 
T 664 db  704 200 Per  10 
T 664 db  704 210 Int  4  
T 664 db  776 210 14
T 664 db  704 220 Wis  10 
T 664 db  704 230 Will 11 
T 664 db  704 240 Cha  10 
T 664 db  704 250 Mana 9  
T 664 db  704 260 Ht   175 cm
T 664 db  704 270 Wt   98 kg
T 664 db  704 290 HP: 21/37
T 664 db  704 310 Gold: 45
T 664 db  704 330 UT lvl 1
T 664 db  704 340 Day  1
T 664 db  704 350 Time 13:42
T 664 db  704 360 Turn 114
T 664 db  704 380 Satiated
T 665 db  16 461 Belyer Asu the neutral human
T 665 db  704 150 AStr 9  
T 665 db  704 160 LStr 10 
T 665 db  704 170 Dex  11 
T 665 db  704 180 Agi  10 
T 665 db  704 190 End  10 
T 665 db  704 200 Per  10 
T 665 db  704 210 Int  4  
T 665 db  776 210 14
T 665 db  704 220 Wis  10 
T 665 db  704 230 Will 11 
T 665 db  704 240 Cha  10 
T 665 db  704 250 Mana 9  
T 665 db  704 260 Ht   175 cm
T 665 db  704 270 Wt   98 kg
T 665 db  704 290 HP: 21/37
T 665 db  704 310 Gold: 45
T 665 db  704 330 UT lvl 1
T 665 db  704 340 Day  1
T 665 db  704 350 Time 13:42
T 665 db  704 360 Turn 114
T 665 db  704 380 Satiated
T 665 buf 13 83 13:42 The door is already open, airhead.
T 665 buf 13 73                  things by myself..."
T 665 buf 13 63 13:41-13:42 (5x) Belyer Asu the human says "I need more intelligence to do
T 665 buf 13 53 13:41 You finally calm down.
T 665 buf 13 43 13:41 An empty can is lying here.
T 665 buf 13 33       myself..."
T 665 buf 13 23 13:40 Belyer Asu the human says "I need more intelligence to do things by
T 665 buf 13 13 13:40 An empty can is lying here.
T 665 db  16 461 Belyer Asu the neutral human
T 665 db  704 150 AStr 9  
T 665 db  704 160 LStr 10 
T 665 db  704 170 Dex  11 
T 665 db  704 180 Agi  10 
T 665 db  704 190 End  10 
T 665 db  704 200 Per  10 
T 665 db  704 210 Int  4  
T 665 db  776 210 14
T 665 db  704 220 Wis  10 
T 665 db  704 230 Will 11 
T 665 db  704 240 Cha  10 
T 665 db  704 250 Mana 9  
T 665 db  704 260 Ht   175 cm
T 665 db  704 270 Wt   98 kg
T 665 db  704 290 HP: 21/37
T 665 db  704 310 Gold: 45
T 665 db  704 330 UT lvl 1
T 665 db  704 340 Day  1
T 665 db  704 350 Time 13:42
T 665 db  704 360 Turn 115
T 665 db  704 380 Satiated
T 666 db  16 461 Belyer Asu the neutral human
T 666 db  704 150 AStr 9  
T 666 db  704 160 LStr 10 
T 666 db  704 170 Dex  11 
T 666 db  704 180 Agi  10 
T 666 db  704 190 End  10 
T 666 db  704 200 Per  10 
T 666 db  704 210 Int  4  
T 666 db  776 210 14
T 666 db  704 220 Wis  10 
T 666 db  704 230 Will 11 
T 666 db  704 240 Cha  10 
T 666 db  704 250 Mana 9  
T 666 db  704 260 Ht   175 cm
T 666 db  704 270 Wt   98 kg
T 666 db  704 290 HP: 18/36
T 666 db  704 310 Gold: 45
T 666 db  704 330 UT lvl 1
T 666 db  704 340 Day  1
T 666 db  704 350 Time 13:42
T 666 db  704 360 Turn 116
T 666 db  704 380 Satiated
T 666 buf 13 83       torso bleeds very badly.
T 666 buf 13 73 13:42 The large hedgehog critically bites you! Your torso is scarred. Your
T 666 buf 13 63 13:42 You miss the large hedgehog!
T 666 buf 13 53       myself..."
T 666 buf 13 43 13:42 Belyer Asu the human says "I need more intelligence to do things by
T 666 buf 13 33 13:42 The door is already open, airhead.
T 666 buf 13 23                  things by myself..."
T 666 buf 13 13 13:41-13:42 (5x) Belyer Asu the human says "I need more intelligence to do
T 666 db  16 8 Vital bodypart in serious danger! [press any key to continue]
T 667 db  16 461 Belyer Asu the neutral human
T 667 db  704 150 AStr 9  
T 667 db  704 160 LStr 10 
T 667 db  704 170 Dex  11 
T 667 db  704 180 Agi  10 
T 667 db  704 190 End  10 
T 667 db  704 200 Per  10 
T 667 db  704 210 Int  4  
T 667 db  776 210 14
T 667 db  704 220 Wis  10 
T 667 db  704 230 Will 11 
T 667 db  704 240 Cha  10 
T 667 db  704 250 Mana 9  
T 667 db  704 260 Ht   175 cm
T 667 db  704 270 Wt   98 kg
T 667 db  704 290 HP: 18/36
T 667 db  704 310 Gold: 45
T 667 db  704 330 UT lvl 1
T 667 db  704 340 Day  1
T 667 db  704 350 Time 13:43
T 667 db  704 360 Turn 116
T 667 db  704 380 Satiated
T 668 db  16 461 Belyer Asu the neutral human
T 668 db  704 150 AStr 9  
T 668 db  704 160 LStr 10 
T 668 db  704 170 Dex  11 
T 668 db  704 180 Agi  10 
T 668 db  704 190 End  10 
T 668 db  704 200 Per  10 
T 668 db  704 210 Int  4  
T 668 db  776 210 14
T 668 db  704 220 Wis  10 
T 668 db  704 230 Will 11 
T 668 db  704 240 Cha  10 
T 668 db  704 250 Mana 9  
T 668 db  704 260 Ht   175 cm
T 668 db  704 270 Wt   98 kg
T 668 db  704 290 HP: 16/36
T 668 db  704 310 Gold: 45
T 668 db  704 330 UT lvl 1
T 668 db  704 340 Day  1
T 668 db  704 350 Time 13:43
T 668 db  704 360 Turn 117
T 668 db  704 380 Satiated
T 668 buf 13 83       hedgehog. Score: 19. You die.
T 668 buf 13 73 13:43 The large hedgehog bites you! Death message: dismembered by a large
T 668 buf 13 63 13:43 You slash the large hedgehog!
T 668 buf 13 53       myself..."
T 668 buf 13 43 13:43 Belyer Asu the human says "I need more intelligence to do things by
T 668 buf 13 33       torso bleeds very badly.
T 668 buf 13 23 13:42 The large hedgehog critically bites you! Your torso is scarred. Your
T 668 buf 13 13 13:42 You miss the large hedgehog!
T 669 db  16 461 Belyer Asu the neutral human
T 669 db  704 150 AStr 9  
T 669 db  704 160 LStr 10 
T 669 db  704 170 Dex  11 
T 669 db  704 180 Agi  10 
T 669 db  704 190 End  10 
T 669 db  704 200 Per  10 
T 669 db  704 210 Int  14 
T 669 db  704 220 Wis  10 
T 669 db  704 230 Will 11 
T 669 db  704 240 Cha  10 
T 669 db  704 250 Mana 9  
T 669 db  704 260 Ht   175 cm
T 669 db  704 270 Wt   98 kg
T 669 db  704 290 HP: 36/36
T 669 db  704 310 Gold: 45
T 669 db  704 330 UT lvl 1
T 669 db  704 340 Day  1
T 669 db  704 350 Time 13:43
T 669 db  704 360 Turn 117
T 670 db  16 461 Belyer Asu the neutral human
T 670 db  704 150 AStr 9  
T 670 db  704 160 LStr 10 
T 670 db  704 170 Dex  11 
T 670 db  704 180 Agi  10 
T 670 db  704 190 End  10 
T 670 db  704 200 Per  10 
T 670 db  704 210 Int  15 
T 670 db  704 220 Wis  10 
T 670 db  704 230 Will 11 
T 670 db  704 240 Cha  10 
T 670 db  704 250 Mana 9  
T 670 db  704 260 Ht   175 cm
T 670 db  704 270 Wt   98 kg
T 670 db  704 290 HP: 31/36
T 670 db  704 310 Gold: 45
T 670 db  704 330 UT lvl 1
T 670 db  704 340 Day  1
T 670 db  704 350 Time 13:47
T 670 db  704 360 Turn 118
T 670 buf 13 83 13:47 The large hedgehog misses you!
T 670 buf 13 73 13:46 The large hedgehog bites you! You are not hurt.
T 670 buf 13 63 13:46 (2x) The large hedgehog misses you!
T 670 buf 13 53 13:46 (2x) The large hedgehog bites you! You are not hurt.
T 670 buf 13 43 13:45 The large hedgehog bites you!
T 670 buf 13 33 13:45 The large hedgehog misses you!
T 670 buf 13 23 13:45 (2x) The large hedgehog bites you! You are not hurt.
T 670 buf 13 13 13:45 The large hedgehog bites you!
T 670 db  513 293 0
T 671 db  16 461 Belyer Asu the neutral human
T 671 db  704 150 AStr 9  
T 671 db  704 160 LStr 10 
T 671 db  704 170 Dex  11 
T 671 db  704 180 Agi  10 
T 671 db  704 190 End  10 
T 671 db  704 200 Per  10 
T 671 db  704 210 Int  15 
T 671 db  704 220 Wis  10 
T 671 db  704 230 Will 11 
T 671 db  704 240 Cha  10 
T 671 db  704 250 Mana 9  
T 671 db  704 260 Ht   175 cm
T 671 db  704 270 Wt   98 kg
T 671 db  704 290 HP: 31/36
T 671 db  704 310 Gold: 45
T 671 db  704 330 UT lvl 1
T 671 db  704 340 Day  1
T 671 db  704 350 Time 13:47
T 671 db  704 360 Turn 119
T 671 buf 13 83 13:47 The large hedgehog bites you! You are not hurt.
T 671 buf 13 73 13:47 You miss the large hedgehog!
T 671 buf 13 63 13:47 The large hedgehog misses you!
T 671 buf 13 53 13:46 The large hedgehog bites you! You are not hurt.
T 671 buf 13 43 13:46 (2x) The large hedgehog misses you!
T 671 buf 13 33 13:46 (2x) The large hedgehog bites you! You are not hurt.
T 671 buf 13 23 13:45 The large hedgehog bites you!
T 671 buf 13 13 13:45 The large hedgehog misses you!
T 671 db  513 293 0
T 672 db  16 461 Belyer Asu the neutral human
T 672 db  704 150 AStr 9  
T 672 db  704 160 LStr 10 
T 672 db  704 170 Dex  11 
T 672 db  704 180 Agi  10 
T 672 db  704 190 End  10 
T 672 db  704 200 Per  10 
T 672 db  704 210 Int  15 
T 672 db  704 220 Wis  10 
T 672 db  704 230 Will 11 
T 672 db  704 240 Cha  10 
T 672 db  704 250 Mana 9  
T 672 db  704 260 Ht   175 cm
T 672 db  704 270 Wt   98 kg
T 672 db  704 290 HP: 31/36
T 672 db  704 310 Gold: 45
T 672 db  704 330 UT lvl 1
T 672 db  704 340 Day  1
T 672 db  704 350 Time 13:47
T 672 db  704 360 Turn 120
T 672 buf 13 83 13:47 The large hedgehog bites you! You are not hurt.
T 672 buf 13 73 13:47 You miss the large hedgehog!
T 672 buf 13 63 13:47 The large hedgehog bites you! You are not hurt.
T 672 buf 13 53 13:47 You miss the large hedgehog!
T 672 buf 13 43 13:47 The large hedgehog misses you!
T 672 buf 13 33 13:46 The large hedgehog bites you! You are not hurt.
T 672 buf 13 23 13:46 (2x) The large hedgehog misses you!
T 672 buf 13 13 13:46 (2x) The large hedgehog bites you! You are not hurt.
T 672 db  513 293 0
T 673 db  16 461 Belyer Asu the neutral human
T 673 db  704 150 AStr 9  
T 673 db  704 160 LStr 10 
T 673 db  704 170 Dex  11 
T 673 db  704 180 Agi  10 
T 673 db  704 190 End  10 
T 673 db  704 200 Per  10 
T 673 db  704 210 Int  15 
T 673 db  704 220 Wis  10 
T 673 db  704 230 Will 11 
T 673 db  704 240 Cha  10 
T 673 db  704 250 Mana 9  
T 673 db  704 260 Ht   175 cm
T 673 db  704 270 Wt   98 kg
T 673 db  704 290 HP: 31/36
T 673 db  704 310 Gold: 45
T 673 db  704 330 UT lvl 1
T 673 db  704 340 Day  1
T 673 db  704 350 Time 13:47
T 673 db  704 360 Turn 121
T 673 buf 13 83       large hedgehog is slain.
T 673 buf 13 73       You advance to skill level 6 with your iron axe covered with blood! The
T 673 buf 13 63 13:47 You slash the large hedgehog! You advance to skill level 3 with axes!
T 673 buf 13 53 13:47 The large hedgehog bites you! You are not hurt.
T 673 buf 13 43 13:47 You miss the large hedgehog!
T 673 buf 13 33 13:47 The large hedgehog bites you! You are not hurt.
T 673 buf 13 23 13:47 You miss the large hedgehog!
T 673 buf 13 13 13:47 The large hedgehog misses you!
T 673 db  513 293 0
T 674 db  16 461 Belyer Asu the neutral human
T 674 db  704 150 AStr 9  
T 674 db  704 160 LStr 10 
T 674 db  704 170 Dex  11 
T 674 db  704 180 Agi  10 
T 674 db  704 190 End  10 
T 674 db  704 200 Per  10 
T 674 db  704 210 Int  15 
T 674 db  704 220 Wis  10 
T 674 db  704 230 Will 11 
T 674 db  704 240 Cha  10 
T 674 db  704 250 Mana 9  
T 674 db  704 260 Ht   175 cm
T 674 db  704 270 Wt   98 kg
T 674 db  704 290 HP: 31/36
T 674 db  704 310 Gold: 45
T 674 db  704 330 UT lvl 1
T 674 db  704 340 Day  1
T 674 db  704 350 Time 13:47
T 674 db  704 360 Turn 121
T 674 buf 13 83       large hedgehog is slain.
T 674 buf 13 73       You advance to skill level 6 with your iron axe covered with blood! The
T 674 buf 13 63 13:47 You slash the large hedgehog! You advance to skill level 3 with axes!
T 674 buf 13 53 13:47 The large hedgehog bites you! You are not hurt.
T 674 buf 13 43 13:47 You miss the large hedgehog!
T 674 buf 13 33 13:47 The large hedgehog bites you! You are not hurt.
T 674 buf 13 23 13:47 You miss the large hedgehog!
T 674 buf 13 13 13:47 The large hedgehog misses you!
T 674 db  513 293 0
T 674 db  16 461 Belyer Asu the neutral human
T 674 db  704 150 AStr 9  
T 674 db  704 160 LStr 10 
T 674 db  704 170 Dex  11 
T 674 db  704 180 Agi  10 
T 674 db  704 190 End  10 
T 674 db  704 200 Per  10 
T 674 db  704 210 Int  15 
T 674 db  704 220 Wis  10 
T 674 db  704 230 Will 11 
T 674 db  704 240 Cha  10 
T 674 db  704 250 Mana 9  
T 674 db  704 260 Ht   175 cm
T 674 db  704 270 Wt   98 kg
T 674 db  704 290 HP: 31/36
T 674 db  704 310 Gold: 45
T 674 db  704 330 UT lvl 1
T 674 db  704 340 Day  1
T 674 db  704 350 Time 13:48
T 674 db  704 360 Turn 122
T 674 buf 13 83 13:47 Corpse of a large hedgehog is lying here.
T 674 buf 13 73       large hedgehog is slain.
T 674 buf 13 63       You advance to skill level 6 with your iron axe covered with blood! The
T 674 buf 13 53 13:47 You slash the large hedgehog! You advance to skill level 3 with axes!
T 674 buf 13 43 13:47 The large hedgehog bites you! You are not hurt.
T 674 buf 13 33 13:47 You miss the large hedgehog!
T 674 buf 13 23 13:47 The large hedgehog bites you! You are not hurt.
T 674 buf 13 13 13:47 You miss the large hedgehog!
T 674 db  513 293 0
T 675 db  16 461 Belyer Asu the neutral human
T 675 db  704 150 AStr 9  
T 675 db  704 160 LStr 10 
T 675 db  704 170 Dex  11 
T 675 db  704 180 Agi  10 
T 675 db  704 190 End  10 
T 675 db  704 200 Per  10 
T 675 db  704 210 Int  15 
T 675 db  704 220 Wis  10 
T 675 db  704 230 Will 11 
T 675 db  704 240 Cha  10 
T 675 db  704 250 Mana 9  
T 675 db  704 260 Ht   175 cm
T 675 db  704 270 Wt   98 kg
T 675 db  704 290 HP: 31/36
T 675 db  704 310 Gold: 45
T 675 db  704 330 UT lvl 1
T 675 db  704 340 Day  1
T 675 db  704 350 Time 13:48
T 675 db  704 360 Turn 122
T 675 buf 13 83 13:47 Corpse of a large hedgehog is lying here.
T 675 buf 13 73       large hedgehog is slain.
T 675 buf 13 63       You advance to skill level 6 with your iron axe covered with blood! The
T 675 buf 13 53 13:47 You slash the large hedgehog! You advance to skill level 3 with axes!
T 675 buf 13 43 13:47 The large hedgehog bites you! You are not hurt.
T 675 buf 13 33 13:47 You miss the large hedgehog!
T 675 buf 13 23 13:47 The large hedgehog bites you! You are not hurt.
T 675 buf 13 13 13:47 You miss the large hedgehog!
T 675 db  513 293 0
T 675 db  16 461 Belyer Asu the neutral human
T 675 db  704 150 AStr 9  
T 675 db  704 160 LStr 10 
T 675 db  704 170 Dex  11 
T 675 db  704 180 Agi  10 
T 675 db  704 190 End  10 
T 675 db  704 200 Per  10 
T 675 db  704 210 Int  15 
T 675 db  704 220 Wis  10 
T 675 db  704 230 Will 11 
T 675 db  704 240 Cha  10 
T 675 db  704 250 Mana 9  
T 675 db  704 260 Ht   175 cm
T 675 db  704 270 Wt   98 kg
T 675 db  704 290 HP: 31/36
T 675 db  704 310 Gold: 45
T 675 db  704 330 UT lvl 1
T 675 db  704 340 Day  1
T 675 db  704 350 Time 13:48
T 675 db  704 360 Turn 123
T 675 db  513 293 0
T 676 db  16 461 Belyer Asu the neutral human
T 676 db  704 150 AStr 9  
T 676 db  704 160 LStr 10 
T 676 db  704 170 Dex  11 
T 676 db  704 180 Agi  10 
T 676 db  704 190 End  10 
T 676 db  704 200 Per  10 
T 676 db  704 210 Int  15 
T 676 db  704 220 Wis  10 
T 676 db  704 230 Will 11 
T 676 db  704 240 Cha  10 
T 676 db  704 250 Mana 9  
T 676 db  704 260 Ht   175 cm
T 676 db  704 270 Wt   98 kg
T 676 db  704 290 HP: 31/36
T 676 db  704 310 Gold: 45
T 676 db  704 330 UT lvl 1
T 676 db  704 340 Day  1
T 676 db  704 350 Time 13:48
T 676 db  704 360 Turn 123
T 676 db  513 293 0
T 676 db  16 461 Belyer Asu the neutral human
T 676 db  704 150 AStr 9  
T 676 db  704 160 LStr 10 
T 676 db  704 170 Dex  11 
T 676 db  704 180 Agi  10 
T 676 db  704 190 End  10 
T 676 db  704 200 Per  10 
T 676 db  704 210 Int  15 
T 676 db  704 220 Wis  10 
T 676 db  704 230 Will 11 
T 676 db  704 240 Cha  10 
T 676 db  704 250 Mana 9  
T 676 db  704 260 Ht   175 cm
T 676 db  704 270 Wt   98 kg
T 676 db  704 290 HP: 31/36
T 676 db  704 310 Gold: 45
T 676 db  704 330 UT lvl 1
T 676 db  704 340 Day  1
T 676 db  704 350 Time 13:48
T 676 db  704 360 Turn 124
T 676 db  513 293 0
T 677 db  16 461 Belyer Asu the neutral human
T 677 db  704 150 AStr 9  
T 677 db  704 160 LStr 10 
T 677 db  704 170 Dex  11 
T 677 db  704 180 Agi  10 
T 677 db  704 190 End  10 
T 677 db  704 200 Per  10 
T 677 db  704 210 Int  15 
T 677 db  704 220 Wis  10 
T 677 db  704 230 Will 11 
T 677 db  704 240 Cha  10 
T 677 db  704 250 Mana 9  
T 677 db  704 260 Ht   175 cm
T 677 db  704 270 Wt   98 kg
T 677 db  704 290 HP: 31/36
T 677 db  704 310 Gold: 45
T 677 db  704 330 UT lvl 1
T 677 db  704 340 Day  1
T 677 db  704 350 Time 13:48
T 677 db  704 360 Turn 124
T 677 db  513 293 0
T 677 db  16 461 Belyer Asu the neutral human
T 677 db  704 150 AStr 9  
T 677 db  704 160 LStr 10 
T 677 db  704 170 Dex  11 
T 677 db  704 180 Agi  10 
T 677 db  704 190 End  10 
T 677 db  704 200 Per  10 
T 677 db  704 210 Int  15 
T 677 db  704 220 Wis  10 
T 677 db  704 230 Will 11 
T 677 db  704 240 Cha  10 
T 677 db  704 250 Mana 9  
T 677 db  704 260 Ht   175 cm
T 677 db  704 270 Wt   98 kg
T 677 db  704 290 HP: 31/36
T 677 db  704 310 Gold: 45
T 677 db  704 330 UT lvl 1
T 677 db  704 340 Day  1
T 677 db  704 350 Time 13:48
T 677 db  704 360 Turn 125
T 677 db  513 293 0
T 678 db  16 461 Belyer Asu the neutral human
T 678 db  704 150 AStr 9  
T 678 db  704 160 LStr 10 
T 678 db  704 170 Dex  11 
T 678 db  704 180 Agi  10 
T 678 db  704 190 End  10 
T 678 db  704 200 Per  10 
T 678 db  704 210 Int  15 
T 678 db  704 220 Wis  10 
T 678 db  704 230 Will 11 
T 678 db  704 240 Cha  10 
T 678 db  704 250 Mana 9  
T 678 db  704 260 Ht   175 cm
T 678 db  704 270 Wt   98 kg
T 678 db  704 290 HP: 31/36
T 678 db  704 310 Gold: 45
T 678 db  704 330 UT lvl 1
T 678 db  704 340 Day  1
T 678 db  704 350 Time 13:49
T 678 db  704 360 Turn 126
T 678 db  704 380 Eating
T 678 buf 13 83 13:48 You begin eating the corpse of a large hedgehog.
T 678 buf 13 73 13:47 Corpse of a large hedgehog is lying here.
T 678 buf 13 63       large hedgehog is slain.
T 678 buf 13 53       You advance to skill level 6 with your iron axe covered with blood! The
T 678 buf 13 43 13:47 You slash the large hedgehog! You advance to skill level 3 with axes!
T 678 buf 13 33 13:47 The large hedgehog bites you! You are not hurt.
T 678 buf 13 23 13:47 You miss the large hedgehog!
T 678 buf 13 13 13:47 The large hedgehog bites you! You are not hurt.
T 678 db  513 293 0
T 679 db  16 461 Belyer Asu the neutral human
T 679 db  704 150 AStr 9  
T 679 db  704 160 LStr 10 
T 679 db  704 170 Dex  11 
T 679 db  704 180 Agi  10 
T 679 db  704 190 End  10 
T 679 db  704 200 Per  10 
T 679 db  704 210 Int  15 
T 679 db  704 220 Wis  10 
T 679 db  704 230 Will 11 
T 679 db  704 240 Cha  10 
T 679 db  704 250 Mana 9  
T 679 db  704 260 Ht   175 cm
T 679 db  704 270 Wt   98 kg
T 679 db  704 290 HP: 31/36
T 679 db  704 310 Gold: 45
T 679 db  704 330 UT lvl 1
T 679 db  704 340 Day  1
T 679 db  704 350 Time 13:49
T 679 db  704 360 Turn 126
T 679 db  704 380 Eating
T 679 db  704 390 Satiated
T 679 db  513 293 0
T 680 db  16 461 Belyer Asu the neutral human
T 680 db  704 150 AStr 9  
T 680 db  704 160 LStr 10 
T 680 db  704 170 Dex  11 
T 680 db  704 180 Agi  10 
T 680 db  704 190 End  10 
T 680 db  704 200 Per  10 
T 680 db  704 210 Int  15 
T 680 db  704 220 Wis  10 
T 680 db  704 230 Will 11 
T 680 db  704 240 Cha  10 
T 680 db  704 250 Mana 9  
T 680 db  704 260 Ht   175 cm
T 680 db  704 270 Wt   98 kg
T 680 db  704 290 HP: 31/36
T 680 db  704 310 Gold: 45
T 680 db  704 330 UT lvl 1
T 680 db  704 340 Day  1
T 680 db  704 350 Time 13:50
T 680 db  704 360 Turn 126
T 680 db  704 380 Eating
T 680 db  704 390 Satiated
T 680 db  513 293 0
T 681 db  16 461 Belyer Asu the neutral human
T 681 db  704 150 AStr 9  
T 681 db  704 160 LStr 10 
T 681 db  704 170 Dex  11 
T 681 db  704 180 Agi  10 
T 681 db  704 190 End  10 
T 681 db  704 200 Per  10 
T 681 db  704 210 Int  15 
T 681 db  704 220 Wis  10 
T 681 db  704 230 Will 11 
T 681 db  704 240 Cha  10 
T 681 db  704 250 Mana 9  
T 681 db  704 260 Ht   175 cm
T 681 db  704 270 Wt   98 kg
T 681 db  704 290 HP: 31/36
T 681 db  704 310 Gold: 45
T 681 db  704 330 UT lvl 1
T 681 db  704 340 Day  1
T 681 db  704 350 Time 13:50
T 681 db  704 360 Turn 126
T 681 db  704 380 Eating
T 681 db  704 390 Satiated
T 681 db  513 293 0
T 682 db  16 461 Belyer Asu the neutral human
T 682 db  704 150 AStr 9  
T 682 db  704 160 LStr 10 
T 682 db  704 170 Dex  11 
T 682 db  704 180 Agi  10 
T 682 db  704 190 End  10 
T 682 db  704 200 Per  10 
T 682 db  704 210 Int  15 
T 682 db  704 220 Wis  10 
T 682 db  704 230 Will 11 
T 682 db  704 240 Cha  10 
T 682 db  704 250 Mana 9  
T 682 db  704 260 Ht   175 cm
T 682 db  704 270 Wt   98 kg
T 682 db  704 290 HP: 31/36
T 682 db  704 310 Gold: 45
T 682 db  704 330 UT lvl 1
T 682 db  704 340 Day  1
T 682 db  704 350 Time 13:50
T 682 db  704 360 Turn 126
T 682 db  704 380 Eating
T 682 db  704 390 Satiated
T 682 db  513 293 0
T 683 db  16 461 Belyer Asu the neutral human
T 683 db  704 150 AStr 9  
T 683 db  704 160 LStr 10 
T 683 db  704 170 Dex  11 
T 683 db  704 180 Agi  10 
T 683 db  704 190 End  10 
T 683 db  704 200 Per  10 
T 683 db  704 210 Int  15 
T 683 db  704 220 Wis  10 
T 683 db  704 230 Will 11 
T 683 db  704 240 Cha  10 
T 683 db  704 250 Mana 9  
T 683 db  704 260 Ht   175 cm
T 683 db  704 270 Wt   98 kg
T 683 db  704 290 HP: 31/36
T 683 db  704 310 Gold: 45
T 683 db  704 330 UT lvl 1
T 683 db  704 340 Day  1
T 683 db  704 350 Time 13:50
T 683 db  704 360 Turn 126
T 683 db  704 380 Satiated
T 683 buf 13 83 13:50 You finish eating.
T 683 buf 13 73 13:48 You begin eating the corpse of a large hedgehog.
T 683 buf 13 63 13:47 Corpse of a large hedgehog is lying here.
T 683 buf 13 53       large hedgehog is slain.
T 683 buf 13 43       You advance to skill level 6 with your iron axe covered with blood! The
T 683 buf 13 33 13:47 You slash the large hedgehog! You advance to skill level 3 with axes!
T 683 buf 13 23 13:47 The large hedgehog bites you! You are not hurt.
T 683 buf 13 13 13:47 You miss the large hedgehog!
T 683 db  513 293 0
T 684 db  16 461 Belyer Asu the neutral human
T 684 db  704 150 AStr 9  
T 684 db  704 160 LStr 10 
T 684 db  704 170 Dex  11 
T 684 db  704 180 Agi  10 
T 684 db  704 190 End  10 
T 684 db  704 200 Per  10 
T 684 db  704 210 Int  15 
T 684 db  704 220 Wis  10 
T 684 db  704 230 Will 11 
T 684 db  704 240 Cha  10 
T 684 db  704 250 Mana 9  
T 684 db  704 260 Ht   175 cm
T 684 db  704 270 Wt   98 kg
T 684 db  704 290 HP: 31/36
T 684 db  704 310 Gold: 45
T 684 db  704 330 UT lvl 1
T 684 db  704 340 Day  1
T 684 db  704 350 Time 13:50
T 684 db  704 360 Turn 126
T 684 db  704 380 Satiated
T 684 buf 13 83 13:50 You finish eating.
T 684 buf 13 73 13:48 You begin eating the corpse of a large hedgehog.
T 684 buf 13 63 13:47 Corpse of a large hedgehog is lying here.
T 684 buf 13 53       large hedgehog is slain.
T 684 buf 13 43       You advance to skill level 6 with your iron axe covered with blood! The
T 684 buf 13 33 13:47 You slash the large hedgehog! You advance to skill level 3 with axes!
T 684 buf 13 23 13:47 The large hedgehog bites you! You are not hurt.
T 684 buf 13 13 13:47 You miss the large hedgehog!
T 684 db  513 293 0
T 684 db  16 461 Belyer Asu the neutral human
T 684 db  704 150 AStr 9  
T 684 db  704 160 LStr 10 
T 684 db  704 170 Dex  11 
T 684 db  704 180 Agi  10 
T 684 db  704 190 End  10 
T 684 db  704 200 Per  10 
T 684 db  704 210 Int  15 
T 684 db  704 220 Wis  10 
T 684 db  704 230 Will 11 
T 684 db  704 240 Cha  10 
T 684 db  704 250 Mana 9  
T 684 db  704 260 Ht   175 cm
T 684 db  704 270 Wt   98 kg
T 684 db  704 290 HP: 31/36
T 684 db  704 310 Gold: 45
T 684 db  704 330 UT lvl 1
T 684 db  704 340 Day  1
T 684 db  704 350 Time 13:51
T 684 db  704 360 Turn 127
T 684 db  704 380 Satiated
T 684 db  513 293 0
T 685 db  16 461 Belyer Asu the neutral human
T 685 db  704 150 AStr 9  
T 685 db  704 160 LStr 10 
T 685 db  704 170 Dex  11 
T 685 db  704 180 Agi  10 
T 685 db  704 190 End  10 
T 685 db  704 200 Per  10 
T 685 db  704 210 Int  15 
T 685 db  704 220 Wis  10 
T 685 db  704 230 Will 11 
T 685 db  704 240 Cha  10 
T 685 db  704 250 Mana 9  
T 685 db  704 260 Ht   175 cm
T 685 db  704 270 Wt   98 kg
T 685 db  704 290 HP: 31/36
T 685 db  704 310 Gold: 45
T 685 db  704 330 UT lvl 1
T 685 db  704 340 Day  1
T 685 db  704 350 Time 13:51
T 685 db  704 360 Turn 127
T 685 db  704 380 Satiated
T 685 db  513 293 0
T 685 db  16 461 Belyer Asu the neutral human
T 685 db  704 150 AStr 9  
T 685 db  704 160 LStr 10 
T 685 db  704 170 Dex  11 
T 685 db  704 180 Agi  10 
T 685 db  704 190 End  10 
T 685 db  704 200 Per  10 
T 685 db  704 210 Int  15 
T 685 db  704 220 Wis  10 
T 685 db  704 230 Will 11 
T 685 db  704 240 Cha  10 
T 685 db  704 250 Mana 9  
T 685 db  704 260 Ht   175 cm
T 685 db  704 270 Wt   98 kg
T 685 db  704 290 HP: 31/36
T 685 db  704 310 Gold: 45
T 685 db  704 330 UT lvl 1
T 685 db  704 340 Day  1
T 685 db  704 350 Time 13:51
T 685 db  704 360 Turn 128
T 685 db  704 380 Satiated
T 685 buf 13 83 13:51 An empty can is lying here.
T 685 buf 13 73 13:50 You finish eating.
T 685 buf 13 63 13:48 You begin eating the corpse of a large hedgehog.
T 685 buf 13 53 13:47 Corpse of a large hedgehog is lying here.
T 685 buf 13 43       large hedgehog is slain.
T 685 buf 13 33       You advance to skill level 6 with your iron axe covered with blood! The
T 685 buf 13 23 13:47 You slash the large hedgehog! You advance to skill level 3 with axes!
T 685 buf 13 13 13:47 The large hedgehog bites you! You are not hurt.
T 685 db  513 293 0
T 686 db  16 461 Belyer Asu the neutral human
T 686 db  704 150 AStr 9  
T 686 db  704 160 LStr 10 
T 686 db  704 170 Dex  11 
T 686 db  704 180 Agi  10 
T 686 db  704 190 End  10 
T 686 db  704 200 Per  10 
T 686 db  704 210 Int  15 
T 686 db  704 220 Wis  10 
T 686 db  704 230 Will 11 
T 686 db  704 240 Cha  10 
T 686 db  704 250 Mana 9  
T 686 db  704 260 Ht   175 cm
T 686 db  704 270 Wt   98 kg
T 686 db  704 290 HP: 31/36
T 686 db  704 310 Gold: 45
T 686 db  704 330 UT lvl 1
T 686 db  704 340 Day  1
T 686 db  704 350 Time 13:51
T 686 db  704 360 Turn 128
T 686 db  704 380 Satiated
T 686 buf 13 83 13:51 An empty can is lying here.
T 686 buf 13 73 13:50 You finish eating.
T 686 buf 13 63 13:48 You begin eating the corpse of a large hedgehog.
T 686 buf 13 53 13:47 Corpse of a large hedgehog is lying here.
T 686 buf 13 43       large hedgehog is slain.
T 686 buf 13 33       You advance to skill level 6 with your iron axe covered with blood! The
T 686 buf 13 23 13:47 You slash the large hedgehog! You advance to skill level 3 with axes!
T 686 buf 13 13 13:47 The large hedgehog bites you! You are not hurt.
T 686 db  513 293 0
T 686 db  16 461 Belyer Asu the neutral human
T 686 db  704 150 AStr 9  
T 686 db  704 160 LStr 10 
T 686 db  704 170 Dex  11 
T 686 db  704 180 Agi  10 
T 686 db  704 190 End  10 
T 686 db  704 200 Per  10 
T 686 db  704 210 Int  15 
T 686 db  704 220 Wis  10 
T 686 db  704 230 Will 11 
T 686 db  704 240 Cha  10 
T 686 db  704 250 Mana 9  
T 686 db  704 260 Ht   175 cm
T 686 db  704 270 Wt   98 kg
T 686 db  704 290 HP: 31/36
T 686 db  704 310 Gold: 45
T 686 db  704 330 UT lvl 1
T 686 db  704 340 Day  1
T 686 db  704 350 Time 13:51
T 686 db  704 360 Turn 129
T 686 db  704 380 Satiated
T 686 db  513 293 0
T 687 db  16 461 Belyer Asu the neutral human
T 687 db  704 150 AStr 9  
T 687 db  704 160 LStr 10 
T 687 db  704 170 Dex  11 
T 687 db  704 180 Agi  10 
T 687 db  704 190 End  10 
T 687 db  704 200 Per  10 
T 687 db  704 210 Int  15 
T 687 db  704 220 Wis  10 
T 687 db  704 230 Will 11 
T 687 db  704 240 Cha  10 
T 687 db  704 250 Mana 9  
T 687 db  704 260 Ht   175 cm
T 687 db  704 270 Wt   98 kg
T 687 db  704 290 HP: 31/36
T 687 db  704 310 Gold: 45
T 687 db  704 330 UT lvl 1
T 687 db  704 340 Day  1
T 687 db  704 350 Time 13:51
T 687 db  704 360 Turn 130
T 687 db  704 380 Satiated
T 687 db  513 293 8
T 688 db  16 461 Belyer Asu the neutral human
T 688 db  704 150 AStr 9  
T 688 db  704 160 LStr 10 
T 688 db  704 170 Dex  11 
T 688 db  704 180 Agi  10 
T 688 db  704 190 End  10 
T 688 db  704 200 Per  10 
T 688 db  704 210 Int  15 
T 688 db  704 220 Wis  10 
T 688 db  704 230 Will 11 
T 688 db  704 240 Cha  10 
T 688 db  704 250 Mana 9  
T 688 db  704 260 Ht   175 cm
T 688 db  704 270 Wt   98 kg
T 688 db  704 290 HP: 31/36
T 688 db  704 310 Gold: 45
T 688 db  704 330 UT lvl 1
T 688 db  704 340 Day  1
T 688 db  704 350 Time 13:51
T 688 db  704 360 Turn 130
T 688 db  704 380 Satiated
T 688 db  513 293 7
T 688 db  16 461 Belyer Asu the neutral human
T 688 db  704 150 AStr 9  
T 688 db  704 160 LStr 10 
T 688 db  704 170 Dex  11 
T 688 db  704 180 Agi  10 
T 688 db  704 190 End  10 
T 688 db  704 200 Per  10 
T 688 db  704 210 Int  15 
T 688 db  704 220 Wis  10 
T 688 db  704 230 Will 11 
T 688 db  704 240 Cha  10 
T 688 db  704 250 Mana 9  
T 688 db  704 260 Ht   175 cm
T 688 db  704 270 Wt   98 kg
T 688 db  704 290 HP: 31/36
T 688 db  704 310 Gold: 45
T 688 db  704 330 UT lvl 1
T 688 db  704 340 Day  1
T 688 db  704 350 Time 13:52
T 688 db  704 360 Turn 131
T 688 db  704 380 Satiated
T 688 db  513 293 7
T 689 db  16 461 Belyer Asu the neutral human
T 689 db  704 150 AStr 9  
T 689 db  704 160 LStr 10 
T 689 db  704 170 Dex  11 
T 689 db  704 180 Agi  10 
T 689 db  704 190 End  10 
T 689 db  704 200 Per  10 
T 689 db  704 210 Int  15 
T 689 db  704 220 Wis  10 
T 689 db  704 230 Will 11 
T 689 db  704 240 Cha  10 
T 689 db  704 250 Mana 9  
T 689 db  704 260 Ht   175 cm
T 689 db  704 270 Wt   98 kg
T 689 db  704 290 HP: 31/36
T 689 db  704 310 Gold: 45
T 689 db  704 330 UT lvl 1
T 689 db  704 340 Day  1
T 689 db  704 350 Time 13:52
T 689 db  704 360 Turn 131
T 689 db  704 380 Satiated
T 689 db  513 293 6
T 689 db  16 461 Belyer Asu the neutral human
T 689 db  704 150 AStr 9  
T 689 db  704 160 LStr 10 
T 689 db  704 170 Dex  11 
T 689 db  704 180 Agi  10 
T 689 db  704 190 End  10 
T 689 db  704 200 Per  10 
T 689 db  704 210 Int  15 
T 689 db  704 220 Wis  10 
T 689 db  704 230 Will 11 
T 689 db  704 240 Cha  10 
T 689 db  704 250 Mana 9  
T 689 db  704 260 Ht   175 cm
T 689 db  704 270 Wt   98 kg
T 689 db  704 290 HP: 31/36
T 689 db  704 310 Gold: 45
T 689 db  704 330 UT lvl 1
T 689 db  704 340 Day  1
T 689 db  704 350 Time 13:52
T 689 db  704 360 Turn 132
T 689 db  704 380 Satiated
T 689 db  513 293 6
T 690 db  16 461 Belyer Asu the neutral human
T 690 db  704 150 AStr 9  
T 690 db  704 160 LStr 10 
T 690 db  704 170 Dex  11 
T 690 db  704 180 Agi  10 
T 690 db  704 190 End  10 
T 690 db  704 200 Per  10 
T 690 db  704 210 Int  15 
T 690 db  704 220 Wis  10 
T 690 db  704 230 Will 11 
T 690 db  704 240 Cha  10 
T 690 db  704 250 Mana 9  
T 690 db  704 260 Ht   175 cm
T 690 db  704 270 Wt   98 kg
T 690 db  704 290 HP: 31/36
T 690 db  704 310 Gold: 45
T 690 db  704 330 UT lvl 1
T 690 db  704 340 Day  1
T 690 db  704 350 Time 13:52
T 690 db  704 360 Turn 132
T 690 db  704 380 Satiated
T 690 db  513 293 5
T 690 db  16 461 Belyer Asu the neutral human
T 690 db  704 150 AStr 9  
T 690 db  704 160 LStr 10 
T 690 db  704 170 Dex  11 
T 690 db  704 180 Agi  10 
T 690 db  704 190 End  10 
T 690 db  704 200 Per  10 
T 690 db  704 210 Int  15 
T 690 db  704 220 Wis  10 
T 690 db  704 230 Will 11 
T 690 db  704 240 Cha  10 
T 690 db  704 250 Mana 9  
T 690 db  704 260 Ht   175 cm
T 690 db  704 270 Wt   98 kg
T 690 db  704 290 HP: 31/36
T 690 db  704 310 Gold: 45
T 690 db  704 330 UT lvl 1
T 690 db  704 340 Day  1
T 690 db  704 350 Time 13:52
T 690 db  704 360 Turn 133
T 690 db  704 380 Satiated
T 690 db  513 293 5
T 691 db  16 461 Belyer Asu the neutral human
T 691 db  704 150 AStr 9  
T 691 db  704 160 LStr 10 
T 691 db  704 170 Dex  11 
T 691 db  704 180 Agi  10 
T 691 db  704 190 End  10 
T 691 db  704 200 Per  10 
T 691 db  704 210 Int  15 
T 691 db  704 220 Wis  10 
T 691 db  704 230 Will 11 
T 691 db  704 240 Cha  10 
T 691 db  704 250 Mana 9  
T 691 db  704 260 Ht   175 cm
T 691 db  704 270 Wt   98 kg
T 691 db  704 290 HP: 31/36
T 691 db  704 310 Gold: 45
T 691 db  704 330 UT lvl 1
T 691 db  704 340 Day  1
T 691 db  704 350 Time 13:52
T 691 db  704 360 Turn 133
T 691 db  704 380 Satiated
T 691 db  513 293 4
T 691 db  16 461 Belyer Asu the neutral human
T 691 db  704 150 AStr 9  
T 691 db  704 160 LStr 10 
T 691 db  704 170 Dex  11 
T 691 db  704 180 Agi  10 
T 691 db  704 190 End  10 
T 691 db  704 200 Per  10 
T 691 db  704 210 Int  15 
T 691 db  704 220 Wis  10 
T 691 db  704 230 Will 11 
T 691 db  704 240 Cha  10 
T 691 db  704 250 Mana 9  
T 691 db  704 260 Ht   175 cm
T 691 db  704 270 Wt   98 kg
T 691 db  704 290 HP: 31/36
T 691 db  704 310 Gold: 45
T 691 db  704 330 UT lvl 1
T 691 db  704 340 Day  1
T 691 db  704 350 Time 13:53
T 691 db  704 360 Turn 134
T 691 db  704 380 Satiated
T 691 db  513 293 4
T 692 db  16 461 Belyer Asu the neutral human
T 692 db  704 150 AStr 9  
T 692 db  704 160 LStr 10 
T 692 db  704 170 Dex  11 
T 692 db  704 180 Agi  10 
T 692 db  704 190 End  10 
T 692 db  704 200 Per  10 
T 692 db  704 210 Int  15 
T 692 db  704 220 Wis  10 
T 692 db  704 230 Will 11 
T 692 db  704 240 Cha  10 
T 692 db  704 250 Mana 9  
T 692 db  704 260 Ht   175 cm
T 692 db  704 270 Wt   98 kg
T 692 db  704 290 HP: 31/36
T 692 db  704 310 Gold: 45
T 692 db  704 330 UT lvl 1
T 692 db  704 340 Day  1
T 692 db  704 350 Time 13:53
T 692 db  704 360 Turn 134
T 692 db  704 380 Satiated
T 692 db  513 293 3
T 692 db  16 461 Belyer Asu the neutral human
T 692 db  704 150 AStr 9  
T 692 db  704 160 LStr 10 
T 692 db  704 170 Dex  11 
T 692 db  704 180 Agi  10 
T 692 db  704 190 End  10 
T 692 db  704 200 Per  10 
T 692 db  704 210 Int  15 
T 692 db  704 220 Wis  10 
T 692 db  704 230 Will 11 
T 692 db  704 240 Cha  10 
T 692 db  704 250 Mana 9  
T 692 db  704 260 Ht   175 cm
T 692 db  704 270 Wt   98 kg
T 692 db  704 290 HP: 31/36
T 692 db  704 310 Gold: 45
T 692 db  704 330 UT lvl 1
T 692 db  704 340 Day  1
T 692 db  704 350 Time 13:53
T 692 db  704 360 Turn 135
T 692 db  704 380 Satiated
T 692 db  513 293 3
T 693 db  16 461 Belyer Asu the neutral human
T 693 db  704 150 AStr 9  
T 693 db  704 160 LStr 10 
T 693 db  704 170 Dex  11 
T 693 db  704 180 Agi  10 
T 693 db  704 190 End  10 
T 693 db  704 200 Per  10 
T 693 db  704 210 Int  15 
T 693 db  704 220 Wis  10 
T 693 db  704 230 Will 11 
T 693 db  704 240 Cha  10 
T 693 db  704 250 Mana 9  
T 693 db  704 260 Ht   175 cm
T 693 db  704 270 Wt   98 kg
T 693 db  704 290 HP: 31/36
T 693 db  704 310 Gold: 45
T 693 db  704 330 UT lvl 1
T 693 db  704 340 Day  1
T 693 db  704 350 Time 13:53
T 693 db  704 360 Turn 135
T 693 db  704 380 Satiated
T 693 db  513 293 2
T 693 db  16 461 Belyer Asu the neutral human
T 693 db  704 150 AStr 9  
T 693 db  704 160 LStr 10 
T 693 db  704 170 Dex  11 
T 693 db  704 180 Agi  10 
T 693 db  704 190 End  10 
T 693 db  704 200 Per  10 
T 693 db  704 210 Int  15 
T 693 db  704 220 Wis  10 
T 693 db  704 230 Will 11 
T 693 db  704 240 Cha  10 
T 693 db  704 250 Mana 9  
T 693 db  704 260 Ht   175 cm
T 693 db  704 270 Wt   98 kg
T 693 db  704 290 HP: 31/36
T 693 db  704 310 Gold: 45
T 693 db  704 330 UT lvl 1
T 693 db  704 340 Day  1
T 693 db  704 350 Time 13:53
T 693 db  704 360 Turn 136
T 693 db  704 380 Satiated
T 693 db  513 293 2
T 694 db  16 461 Belyer Asu the neutral human
T 694 db  704 150 AStr 9  
T 694 db  704 160 LStr 10 
T 694 db  704 170 Dex  11 
T 694 db  704 180 Agi  10 
T 694 db  704 190 End  10 
T 694 db  704 200 Per  10 
T 694 db  704 210 Int  15 
T 694 db  704 220 Wis  10 
T 694 db  704 230 Will 11 
T 694 db  704 240 Cha  10 
T 694 db  704 250 Mana 9  
T 694 db  704 260 Ht   175 cm
T 694 db  704 270 Wt   98 kg
T 694 db  704 290 HP: 31/36
T 694 db  704 310 Gold: 45
T 694 db  704 330 UT lvl 1
T 694 db  704 340 Day  1
T 694 db  704 350 Time 13:53
T 694 db  704 360 Turn 136
T 694 db  704 380 Satiated
T 694 db  513 293 1
T 694 db  16 461 Belyer Asu the neutral human
T 694 db  704 150 AStr 9  
T 694 db  704 160 LStr 10 
T 694 db  704 170 Dex  11 
T 694 db  704 180 Agi  10 
T 694 db  704 190 End  10 
T 694 db  704 200 Per  10 
T 694 db  704 210 Int  15 
T 694 db  704 220 Wis  10 
T 694 db  704 230 Will 11 
T 694 db  704 240 Cha  10 
T 694 db  704 250 Mana 9  
T 694 db  704 260 Ht   175 cm
T 694 db  704 270 Wt   98 kg
T 694 db  704 290 HP: 31/36
T 694 db  704 310 Gold: 45
T 694 db  704 330 UT lvl 1
T 694 db  704 340 Day  1
T 694 db  704 350 Time 13:54
T 694 db  704 360 Turn 137
T 694 db  704 380 Satiated
T 694 db  513 293 1
T 695 db  16 461 Belyer Asu the neutral human
T 695 db  704 150 AStr 9  
T 695 db  704 160 LStr 10 
T 695 db  704 170 Dex  11 
T 695 db  704 180 Agi  10 
T 695 db  704 190 End  10 
T 695 db  704 200 Per  10 
T 695 db  704 210 Int  15 
T 695 db  704 220 Wis  10 
T 695 db  704 230 Will 11 
T 695 db  704 240 Cha  10 
T 695 db  704 250 Mana 9  
T 695 db  704 260 Ht   175 cm
T 695 db  704 270 Wt   98 kg
T 695 db  704 290 HP: 31/36
T 695 db  704 310 Gold: 45
T 695 db  704 330 UT lvl 1
T 695 db  704 340 Day  1
T 695 db  704 350 Time 13:54
T 695 db  704 360 Turn 137
T 695 db  704 380 Satiated
T 695 db  513 293 0
T 695 db  16 461 Belyer Asu the neutral human
T 695 db  704 150 AStr 9  
T 695 db  704 160 LStr 10 
T 695 db  704 170 Dex  11 
T 695 db  704 180 Agi  10 
T 695 db  704 190 End  10 
T 695 db  704 200 Per  10 
T 695 db  704 210 Int  15 
T 695 db  704 220 Wis  10 
T 695 db  704 230 Will 11 
T 695 db  704 240 Cha  10 
T 695 db  704 250 Mana 9  
T 695 db  704 260 Ht   175 cm
T 695 db  704 270 Wt   98 kg
T 695 db  704 290 HP: 31/36
T 695 db  704 310 Gold: 45
T 695 db  704 330 UT lvl 1
T 695 db  704 340 Day  1
T 695 db  704 350 Time 13:54
T 695 db  704 360 Turn 138
T 695 db  704 380 Satiated
T 695 db  513 293 0
T 696 db  16 461 Belyer Asu the neutral human
T 696 db  704 150 AStr 9  
T 696 db  704 160 LStr 10 
T 696 db  704 170 Dex  11 
T 696 db  704 180 Agi  10 
T 696 db  704 190 End  10 
T 696 db  704 200 Per  10 
T 696 db  704 210 Int  15 
T 696 db  704 220 Wis  10 
T 696 db  704 230 Will 11 
T 696 db  704 240 Cha  10 
T 696 db  704 250 Mana 9  
T 696 db  704 260 Ht   175 cm
T 696 db  704 270 Wt   98 kg
T 696 db  704 290 HP: 31/36
T 696 db  704 310 Gold: 45
T 696 db  704 330 UT lvl 1
T 696 db  704 340 Day  1
T 696 db  704 350 Time 13:54
T 696 db  704 360 Turn 139
T 696 db  704 380 Satiated
T 697 db  16 461 Belyer Asu the neutral human
T 697 db  704 150 AStr 9  
T 697 db  704 160 LStr 10 
T 697 db  704 170 Dex  11 
T 697 db  704 180 Agi  10 
T 697 db  704 190 End  10 
T 697 db  704 200 Per  10 
T 697 db  704 210 Int  15 
T 697 db  704 220 Wis  10 
T 697 db  704 230 Will 11 
T 697 db  704 240 Cha  10 
T 697 db  704 250 Mana 9  
T 697 db  704 260 Ht   175 cm
T 697 db  704 270 Wt   98 kg
T 697 db  704 290 HP: 31/36
T 697 db  704 310 Gold: 45
T 697 db  704 330 UT lvl 1
T 697 db  704 340 Day  1
T 697 db  704 350 Time 13:54
T 697 db  704 360 Turn 139
T 697 db  704 380 Satiated
T 697 db  577 293 3
T 697 db  16 461 Belyer Asu the neutral human
T 697 db  704 150 AStr 9  
T 697 db  704 160 LStr 10 
T 697 db  704 170 Dex  11 
T 697 db  704 180 Agi  10 
T 697 db  704 190 End  10 
T 697 db  704 200 Per  10 
T 697 db  704 210 Int  15 
T 697 db  704 220 Wis  10 
T 697 db  704 230 Will 11 
T 697 db  704 240 Cha  10 
T 697 db  704 250 Mana 9  
T 697 db  704 260 Ht   175 cm
T 697 db  704 270 Wt   98 kg
T 697 db  704 290 HP: 22/35
T 697 db  704 310 Gold: 45
T 697 db  704 330 UT lvl 1
T 697 db  704 340 Day  1
T 697 db  704 350 Time 13:56
T 697 db  704 360 Turn 140
T 697 db  704 380 Satiated
T 697 buf 13 83       blood! Your torso bleeds very badly.
T 697 buf 13 73       manage to partially block the attack with your iron axe covered with
T 697 buf 13 63 13:56 The kobold strikes you with its copper mace covered with blood +1! You
T 697 buf 13 53 13:56 The kobold strikes you with its copper mace covered with blood +1!
T 697 buf 13 43       scarred.
T 697 buf 13 33       block the attack with your iron axe covered with blood! Your torso is
T 697 buf 13 23 13:55 The kobold strikes you with its copper mace +1! You manage to partially
T 697 buf 13 13 13:51 An empty can is lying here.
T 697 db  577 293 0
T 697 db  16 8 Vital bodypart in serious danger! [press any key to continue]
T 698 db  16 461 Belyer Asu the neutral human
T 698 db  704 150 AStr 9  
T 698 db  704 160 LStr 10 
T 698 db  704 170 Dex  11 
T 698 db  704 180 Agi  10 
T 698 db  704 190 End  10 
T 698 db  704 200 Per  10 
T 698 db  704 210 Int  15 
T 698 db  704 220 Wis  10 
T 698 db  704 230 Will 11 
T 698 db  704 240 Cha  10 
T 698 db  704 250 Mana 9  
T 698 db  704 260 Ht   175 cm
T 698 db  704 270 Wt   98 kg
T 698 db  704 290 HP: 17/35
T 698 db  704 310 Gold: 45
T 698 db  704 330 UT lvl 1
T 698 db  704 340 Day  1
T 698 db  704 350 Time 13:57
T 698 db  704 360 Turn 140
T 698 db  704 380 Satiated
T 698 buf 13 83       message: dismembered by a kobold. Score: 30. You die.
T 698 buf 13 73 13:57 The kobold strikes you with its copper mace covered with blood +1! Death
T 698 buf 13 63 13:56-13:57 (2x) The kobold misses you!
T 698 buf 13 53       blood! Your torso bleeds very badly.
T 698 buf 13 43       manage to partially block the attack with your iron axe covered with
T 698 buf 13 33 13:56 The kobold strikes you with its copper mace covered with blood +1! You
T 698 buf 13 23 13:56 The kobold strikes you with its copper mace covered with blood +1!
T 698 buf 13 13       scarred.
T 698 db  577 293 0
T 699 db  16 461 Belyer Asu the neutral human
T 699 db  704 150 AStr 9  
T 699 db  704 160 LStr 10 
T 699 db  704 170 Dex  11 
T 699 db  704 180 Agi  10 
T 699 db  704 190 End  10 
T 699 db  704 200 Per  10 
T 699 db  704 210 Int  15 
T 699 db  704 220 Wis  10 
T 699 db  704 230 Will 11 
T 699 db  704 240 Cha  10 
T 699 db  704 250 Mana 9  
T 699 db  704 260 Ht   175 cm
T 699 db  704 270 Wt   98 kg
T 699 db  704 290 HP: 35/35
T 699 db  704 310 Gold: 45
T 699 db  704 330 UT lvl 1
T 699 db  704 340 Day  1
T 699 db  704 350 Time 13:57
T 699 db  704 360 Turn 140
T 699 buf 13 83       quilted leather belt covered with blood breaks.
T 699 buf 13 73 13:57 The kobold strikes you with its copper mace covered with blood +1! Your
T 699 buf 13 63       message: dismembered by a kobold. Score: 30. You die.
T 699 buf 13 53 13:57 The kobold strikes you with its copper mace covered with blood +1! Death
T 699 buf 13 43 13:56-13:57 (2x) The kobold misses you!
T 699 buf 13 33       blood! Your torso bleeds very badly.
T 699 buf 13 23       manage to partially block the attack with your iron axe covered with
T 699 buf 13 13 13:56 The kobold strikes you with its copper mace covered with blood +1! You
T 699 db  577 293 0
T 699 db  16 8 Equipment broken! [press any key to continue]
T 700 db  16 461 Belyer Asu the neutral human
T 700 db  704 150 AStr 9  
T 700 db  704 160 LStr 10 
T 700 db  704 170 Dex  11 
T 700 db  704 180 Agi  10 
T 700 db  704 190 End  10 
T 700 db  704 200 Per  10 
T 700 db  704 210 Int  15 
T 700 db  704 220 Wis  10 
T 700 db  704 230 Will 11 
T 700 db  704 240 Cha  10 
T 700 db  704 250 Mana 9  
T 700 db  704 260 Ht   175 cm
T 700 db  704 270 Wt   98 kg
T 700 db  704 290 HP: 22/35
T 700 db  704 310 Gold: 45
T 700 db  704 330 UT lvl 1
T 700 db  704 340 Day  1
T 700 db  704 350 Time 13:57
T 700 db  704 360 Turn 140
T 700 buf 13 83       blood! Your torso bleeds very badly.
T 700 buf 13 73       manage to partially block the attack with your iron axe covered with
T 700 buf 13 63 13:57 The kobold strikes you with its copper mace covered with blood +1! You
T 700 buf 13 53       blood!
T 700 buf 13 43       manage to partially block the attack with your iron axe covered with
T 700 buf 13 33 13:57 The kobold strikes you with its copper mace covered with blood +1! You
T 700 buf 13 23       quilted leather belt covered with blood breaks.
T 700 buf 13 13 13:57 The kobold strikes you with its copper mace covered with blood +1! Your
T 700 db  577 293 0
T 700 db  16 8 Vital bodypart in serious danger! [press any key to continue]
T 701 db  16 461 Belyer Asu the neutral human
T 701 db  704 150 AStr 9  
T 701 db  704 160 LStr 10 
T 701 db  704 170 Dex  11 
T 701 db  704 180 Agi  10 
T 701 db  704 190 End  10 
T 701 db  704 200 Per  10 
T 701 db  704 210 Int  15 
T 701 db  704 220 Wis  10 
T 701 db  704 230 Will 11 
T 701 db  704 240 Cha  10 
T 701 db  704 250 Mana 9  
T 701 db  704 260 Ht   175 cm
T 701 db  704 270 Wt   98 kg
T 701 db  704 290 HP: 19/35
T 701 db  704 310 Gold: 45
T 701 db  704 330 UT lvl 1
T 701 db  704 340 Day  1
T 701 db  704 350 Time 13:58
T 701 db  704 360 Turn 140
T 701 buf 13 83       blood! Death message: dispatched by a kobold. Score: 26. You die.
T 701 buf 13 73       manage to partially block the attack with your iron axe covered with
T 701 buf 13 63 13:58 The kobold strikes you with its copper mace covered with blood +1! You
T 701 buf 13 53       blood! Your torso bleeds very badly.
T 701 buf 13 43       manage to partially block the attack with your iron axe covered with
T 701 buf 13 33 13:57 The kobold strikes you with its copper mace covered with blood +1! You
T 701 buf 13 23       blood!
T 701 buf 13 13       manage to partially block the attack with your iron axe covered with
T 701 db  577 293 0
T 702 db  16 461 Belyer Asu the neutral human
T 702 db  704 150 AStr 9  
T 702 db  704 160 LStr 10 
T 702 db  704 170 Dex  11 
T 702 db  704 180 Agi  10 
T 702 db  704 190 End  10 
T 702 db  704 200 Per  10 
T 702 db  704 210 Int  15 
T 702 db  704 220 Wis  10 
T 702 db  704 230 Will 11 
T 702 db  704 240 Cha  10 
T 702 db  704 250 Mana 9  
T 702 db  704 260 Ht   175 cm
T 702 db  704 270 Wt   98 kg
T 702 db  704 290 HP: 35/35
T 702 db  704 310 Gold: 45
T 702 db  704 330 UT lvl 1
T 702 db  704 340 Day  1
T 702 db  704 350 Time 13:58
T 702 db  704 360 Turn 140
T 702 db  577 293 0
T 703 db  16 461 Belyer Asu the neutral human
T 703 db  704 150 AStr 9  
T 703 db  704 160 LStr 10 
T 703 db  704 170 Dex  11 
T 703 db  704 180 Agi  10 
T 703 db  704 190 End  10 
T 703 db  704 200 Per  10 
T 703 db  704 210 Int  15 
T 703 db  704 220 Wis  10 
T 703 db  704 230 Will 11 
T 703 db  704 240 Cha  10 
T 703 db  704 250 Mana 9  
T 703 db  704 260 Ht   175 cm
T 703 db  704 270 Wt   97 kg
T 703 db  704 290 HP: 35/35
T 703 db  704 310 Gold: 45
T 703 db  704 330 UT lvl 1
T 703 db  704 340 Day  1
T 703 db  704 350 Time 13:58
T 703 db  704 360 Turn 140
T 703 buf 13 83       blood! Death message: dispatched by a kobold. Score: 26. You die.
T 703 buf 13 73       manage to partially block the attack with your iron axe covered with
T 703 buf 13 63 13:58 The kobold strikes you with its copper mace covered with blood +1! You
T 703 buf 13 53       blood! Your torso bleeds very badly.
T 703 buf 13 43       manage to partially block the attack with your iron axe covered with
T 703 buf 13 33 13:57 The kobold strikes you with its copper mace covered with blood +1! You
T 703 buf 13 23       blood!
T 703 buf 13 13       manage to partially block the attack with your iron axe covered with
T 703 db  577 293 0
T 704 db  16 461 Belyer Asu the neutral human
T 704 db  704 150 AStr 9  
T 704 db  704 160 LStr 10 
T 704 db  704 170 Dex  11 
T 704 db  704 180 Agi  10 
T 704 db  704 190 End  10 
T 704 db  704 200 Per  10 
T 704 db  704 210 Int  15 
T 704 db  704 220 Wis  10 
T 704 db  704 230 Will 11 
T 704 db  704 240 Cha  10 
T 704 db  704 250 Mana 9  
T 704 db  704 260 Ht   175 cm
T 704 db  704 270 Wt   97 kg
T 704 db  704 290 HP: 35/35
T 704 db  704 310 Gold: 45
T 704 db  704 330 UT lvl 1
T 704 db  704 340 Day  1
T 704 db  704 350 Time 13:58
T 704 db  704 360 Turn 141
T 704 buf 13 83 13:58 It is not hurt.
T 704 buf 13 73 13:58 The broken quilted leather belt covered with blood hits the kobold.
T 704 buf 13 63       blood! Death message: dispatched by a kobold. Score: 26. You die.
T 704 buf 13 53       manage to partially block the attack with your iron axe covered with
T 704 buf 13 43 13:58 The kobold strikes you with its copper mace covered with blood +1! You
T 704 buf 13 33       blood! Your torso bleeds very badly.
T 704 buf 13 23       manage to partially block the attack with your iron axe covered with
T 704 buf 13 13 13:57 The kobold strikes you with its copper mace covered with blood +1! You
T 704 db  577 293 0
T 705 db  16 461 Belyer Asu the neutral human
T 705 db  704 150 AStr 9  
T 705 db  704 160 LStr 10 
T 705 db  704 170 Dex  11 
T 705 db  704 180 Agi  10 
T 705 db  704 190 End  10 
T 705 db  704 200 Per  10 
T 705 db  704 210 Int  15 
T 705 db  704 220 Wis  10 
T 705 db  704 230 Will 11 
T 705 db  704 240 Cha  10 
T 705 db  704 250 Mana 9  
T 705 db  704 260 Ht   175 cm
T 705 db  704 270 Wt   97 kg
T 705 db  704 290 HP: 35/35
T 705 db  704 310 Gold: 45
T 705 db  704 330 UT lvl 1
T 705 db  704 340 Day  1
T 705 db  704 350 Time 13:58
T 705 db  704 360 Turn 142
T 705 buf 13 83 13:58 The kobold misses you!
T 705 buf 13 73 13:58 You miss the kobold!
T 705 buf 13 63 13:58 It is not hurt.
T 705 buf 13 53 13:58 The broken quilted leather belt covered with blood hits the kobold.
T 705 buf 13 43       blood! Death message: dispatched by a kobold. Score: 26. You die.
T 705 buf 13 33       manage to partially block the attack with your iron axe covered with
T 705 buf 13 23 13:58 The kobold strikes you with its copper mace covered with blood +1! You
T 705 buf 13 13       blood! Your torso bleeds very badly.
T 705 db  577 293 0
T 706 db  16 461 Belyer Asu the neutral human
T 706 db  704 150 AStr 9  
T 706 db  704 160 LStr 10 
T 706 db  704 170 Dex  11 
T 706 db  704 180 Agi  10 
T 706 db  704 190 End  10 
T 706 db  704 200 Per  10 
T 706 db  704 210 Int  15 
T 706 db  704 220 Wis  10 
T 706 db  704 230 Will 11 
T 706 db  704 240 Cha  10 
T 706 db  704 250 Mana 9  
T 706 db  704 260 Ht   175 cm
T 706 db  704 270 Wt   97 kg
T 706 db  704 290 HP: 35/35
T 706 db  704 310 Gold: 45
T 706 db  704 330 UT lvl 1
T 706 db  704 340 Day  1
T 706 db  704 350 Time 13:58
T 706 db  704 360 Turn 143
T 706 buf 13 83 13:58 You slash the kobold! The kobold dies yelling like a tortured hyena.
T 706 buf 13 73 13:58 The kobold misses you!
T 706 buf 13 63 13:58 You miss the kobold!
T 706 buf 13 53 13:58 It is not hurt.
T 706 buf 13 43 13:58 The broken quilted leather belt covered with blood hits the kobold.
T 706 buf 13 33       blood! Death message: dispatched by a kobold. Score: 26. You die.
T 706 buf 13 23       manage to partially block the attack with your iron axe covered with
T 706 buf 13 13 13:58 The kobold strikes you with its copper mace covered with blood +1! You
T 706 db  577 293 0
T 707 db  16 461 Belyer Asu the neutral human
T 707 db  704 150 AStr 9  
T 707 db  704 160 LStr 10 
T 707 db  704 170 Dex  11 
T 707 db  704 180 Agi  10 
T 707 db  704 190 End  10 
T 707 db  704 200 Per  10 
T 707 db  704 210 Int  15 
T 707 db  704 220 Wis  10 
T 707 db  704 230 Will 11 
T 707 db  704 240 Cha  10 
T 707 db  704 250 Mana 9  
T 707 db  704 260 Ht   175 cm
T 707 db  704 270 Wt   97 kg
T 707 db  704 290 HP: 35/35
T 707 db  704 310 Gold: 45
T 707 db  704 330 UT lvl 1
T 707 db  704 340 Day  1
T 707 db  704 350 Time 13:58
T 707 db  704 360 Turn 143
T 707 buf 13 83 13:58 You slash the kobold! The kobold dies yelling like a tortured hyena.
T 707 buf 13 73 13:58 The kobold misses you!
T 707 buf 13 63 13:58 You miss the kobold!
T 707 buf 13 53 13:58 It is not hurt.
T 707 buf 13 43 13:58 The broken quilted leather belt covered with blood hits the kobold.
T 707 buf 13 33       blood! Death message: dispatched by a kobold. Score: 26. You die.
T 707 buf 13 23       manage to partially block the attack with your iron axe covered with
T 707 buf 13 13 13:58 The kobold strikes you with its copper mace covered with blood +1! You
T 707 db  577 293 0
T 707 db  16 461 Belyer Asu the neutral human
T 707 db  704 150 AStr 9  
T 707 db  704 160 LStr 10 
T 707 db  704 170 Dex  11 
T 707 db  704 180 Agi  10 
T 707 db  704 190 End  10 
T 707 db  704 200 Per  10 
T 707 db  704 210 Int  15 
T 707 db  704 220 Wis  10 
T 707 db  704 230 Will 11 
T 707 db  704 240 Cha  10 
T 707 db  704 250 Mana 9  
T 707 db  704 260 Ht   175 cm
T 707 db  704 270 Wt   97 kg
T 707 db  704 290 HP: 35/35
T 707 db  704 310 Gold: 45
T 707 db  704 330 UT lvl 1
T 707 db  704 340 Day  1
T 707 db  704 350 Time 13:59
T 707 db  704 360 Turn 144
T 707 buf 13 83 13:58 A few items are lying here.
T 707 buf 13 73 13:58 You slash the kobold! The kobold dies yelling like a tortured hyena.
T 707 buf 13 63 13:58 The kobold misses you!
T 707 buf 13 53 13:58 You miss the kobold!
T 707 buf 13 43 13:58 It is not hurt.
T 707 buf 13 33 13:58 The broken quilted leather belt covered with blood hits the kobold.
T 707 buf 13 23       blood! Death message: dispatched by a kobold. Score: 26. You die.
T 707 buf 13 13       manage to partially block the attack with your iron axe covered with
T 707 db  577 293 0
T 708 db  16 461 Belyer Asu the neutral human
T 708 db  704 150 AStr 9  
T 708 db  704 160 LStr 10 
T 708 db  704 170 Dex  11 
T 708 db  704 180 Agi  10 
T 708 db  704 190 End  10 
T 708 db  704 200 Per  10 
T 708 db  704 210 Int  15 
T 708 db  704 220 Wis  10 
T 708 db  704 230 Will 11 
T 708 db  704 240 Cha  10 
T 708 db  704 250 Mana 9  
T 708 db  704 260 Ht   175 cm
T 708 db  704 270 Wt   98 kg
T 708 db  704 290 HP: 35/35
T 708 db  704 310 Gold: 45
T 708 db  704 330 UT lvl 1
T 708 db  704 340 Day  1
T 708 db  704 350 Time 13:59
T 708 db  704 360 Turn 144
T 708 buf 13 83       covered with blood.
T 708 buf 13 73 13:59 Belyer Asu the human picks up and equips a broken quilted leather belt
T 708 buf 13 63 13:58 A few items are lying here.
T 708 buf 13 53 13:58 You slash the kobold! The kobold dies yelling like a tortured hyena.
T 708 buf 13 43 13:58 The kobold misses you!
T 708 buf 13 33 13:58 You miss the kobold!
T 708 buf 13 23 13:58 It is not hurt.
T 708 buf 13 13 13:58 The broken quilted leather belt covered with blood hits the kobold.
T 708 db  577 293 0
T 708 db  16 461 Belyer Asu the neutral human
T 708 db  704 150 AStr 9  
T 708 db  704 160 LStr 10 
T 708 db  704 170 Dex  11 
T 708 db  704 180 Agi  10 
T 708 db  704 190 End  10 
T 708 db  704 200 Per  10 
T 708 db  704 210 Int  15 
T 708 db  704 220 Wis  10 
T 708 db  704 230 Will 11 
T 708 db  704 240 Cha  10 
T 708 db  704 250 Mana 9  
T 708 db  704 260 Ht   175 cm
T 708 db  704 270 Wt   98 kg
T 708 db  704 290 HP: 35/35
T 708 db  704 310 Gold: 45
T 708 db  704 330 UT lvl 1
T 708 db  704 340 Day  1
T 708 db  704 350 Time 13:59
T 708 db  704 360 Turn 145
T 708 db  577 293 0
T 709 db  16 461 Belyer Asu the neutral human
T 709 db  704 150 AStr 9  
T 709 db  704 160 LStr 10 
T 709 db  704 170 Dex  11 
T 709 db  704 180 Agi  10 
T 709 db  704 190 End  10 
T 709 db  704 200 Per  10 
T 709 db  704 210 Int  15 
T 709 db  704 220 Wis  10 
T 709 db  704 230 Will 11 
T 709 db  704 240 Cha  10 
T 709 db  704 250 Mana 9  
T 709 db  704 260 Ht   175 cm
T 709 db  704 270 Wt   97 kg
T 709 db  704 290 HP: 35/35
T 709 db  704 310 Gold: 45
T 709 db  704 330 UT lvl 1
T 709 db  704 340 Day  1
T 709 db  704 350 Time 13:59
T 709 db  704 360 Turn 145
T 709 buf 13 83       covered with blood.
T 709 buf 13 73 13:59 Belyer Asu the human picks up and equips a broken quilted leather belt
T 709 buf 13 63 13:58 A few items are lying here.
T 709 buf 13 53 13:58 You slash the kobold! The kobold dies yelling like a tortured hyena.
T 709 buf 13 43 13:58 The kobold misses you!
T 709 buf 13 33 13:58 You miss the kobold!
T 709 buf 13 23 13:58 It is not hurt.
T 709 buf 13 13 13:58 The broken quilted leather belt covered with blood hits the kobold.
T 709 db  577 293 0
T 710 db  16 461 Belyer Asu the neutral human
T 710 db  704 150 AStr 9  
T 710 db  704 160 LStr 10 
T 710 db  704 170 Dex  11 
T 710 db  704 180 Agi  10 
T 710 db  704 190 End  10 
T 710 db  704 200 Per  10 
T 710 db  704 210 Int  15 
T 710 db  704 220 Wis  10 
T 710 db  704 230 Will 11 
T 710 db  704 240 Cha  10 
T 710 db  704 250 Mana 9  
T 710 db  704 260 Ht   175 cm
T 710 db  704 270 Wt   97 kg
T 710 db  704 290 HP: 35/35
T 710 db  704 310 Gold: 45
T 710 db  704 330 UT lvl 1
T 710 db  704 340 Day  1
T 710 db  704 350 Time 13:59
T 710 db  704 360 Turn 145
T 710 db  577 293 0
T 711 db  16 461 Belyer Asu the neutral human
T 711 db  704 150 AStr 9  
T 711 db  704 160 LStr 10 
T 711 db  704 170 Dex  11 
T 711 db  704 180 Agi  10 
T 711 db  704 190 End  10 
T 711 db  704 200 Per  10 
T 711 db  704 210 Int  15 
T 711 db  704 220 Wis  10 
T 711 db  704 230 Will 11 
T 711 db  704 240 Cha  10 
T 711 db  704 250 Mana 9  
T 711 db  704 260 Ht   175 cm
T 711 db  704 270 Wt   97 kg
T 711 db  704 290 HP: 35/35
T 711 db  704 310 Gold: 45
T 711 db  704 330 UT lvl 1
T 711 db  704 340 Day  1
T 711 db  704 350 Time 13:59
T 711 db  704 360 Turn 146
T 711 db  577 293 0
T 712 db  16 461 Belyer Asu the neutral human
T 712 db  704 150 AStr 9  
T 712 db  704 160 LStr 10 
T 712 db  704 170 Dex  11 
T 712 db  704 180 Agi  10 
T 712 db  704 190 End  10 
T 712 db  704 200 Per  10 
T 712 db  704 210 Int  15 
T 712 db  704 220 Wis  10 
T 712 db  704 230 Will 11 
T 712 db  704 240 Cha  10 
T 712 db  704 250 Mana 9  
T 712 db  704 260 Ht   175 cm
T 712 db  704 270 Wt   97 kg
T 712 db  704 290 HP: 35/35
T 712 db  704 310 Gold: 45
T 712 db  704 330 UT lvl 1
T 712 db  704 340 Day  1
T 712 db  704 350 Time 13:59
T 712 db  704 360 Turn 146
T 712 db  577 293 0
T 712 db  16 461 Belyer Asu the neutral human
T 712 db  704 150 AStr 9  
T 712 db  704 160 LStr 10 
T 712 db  704 170 Dex  11 
T 712 db  704 180 Agi  10 
T 712 db  704 190 End  10 
T 712 db  704 200 Per  10 
T 712 db  704 210 Int  15 
T 712 db  704 220 Wis  10 
T 712 db  704 230 Will 11 
T 712 db  704 240 Cha  10 
T 712 db  704 250 Mana 9  
T 712 db  704 260 Ht   175 cm
T 712 db  704 270 Wt   97 kg
T 712 db  704 290 HP: 35/35
T 712 db  704 310 Gold: 45
T 712 db  704 330 UT lvl 1
T 712 db  704 340 Day  1
T 712 db  704 350 Time 13:59
T 712 db  704 360 Turn 147
T 712 buf 13 83 13:59 A jacinth axe is lying here.
T 712 buf 13 73       covered with blood.
T 712 buf 13 63 13:59 Belyer Asu the human picks up and equips a broken quilted leather belt
T 712 buf 13 53 13:58 A few items are lying here.
T 712 buf 13 43 13:58 You slash the kobold! The kobold dies yelling like a tortured hyena.
T 712 buf 13 33 13:58 The kobold misses you!
T 712 buf 13 23 13:58 You miss the kobold!
T 712 buf 13 13 13:58 It is not hurt.
T 712 db  577 293 0
T 713 db  16 461 Belyer Asu the neutral human
T 713 db  704 150 AStr 9  
T 713 db  704 160 LStr 10 
T 713 db  704 170 Dex  11 
T 713 db  704 180 Agi  10 
T 713 db  704 190 End  10 
T 713 db  704 200 Per  10 
T 713 db  704 210 Int  15 
T 713 db  704 220 Wis  10 
T 713 db  704 230 Will 11 
T 713 db  704 240 Cha  10 
T 713 db  704 250 Mana 9  
T 713 db  704 260 Ht   175 cm
T 713 db  704 270 Wt   97 kg
T 713 db  704 290 HP: 35/35
T 713 db  704 310 Gold: 45
T 713 db  704 330 UT lvl 1
T 713 db  704 340 Day  1
T 713 db  704 350 Time 13:59
T 713 db  704 360 Turn 147
T 713 buf 13 83 13:59 A jacinth axe is lying here.
T 713 buf 13 73       covered with blood.
T 713 buf 13 63 13:59 Belyer Asu the human picks up and equips a broken quilted leather belt
T 713 buf 13 53 13:58 A few items are lying here.
T 713 buf 13 43 13:58 You slash the kobold! The kobold dies yelling like a tortured hyena.
T 713 buf 13 33 13:58 The kobold misses you!
T 713 buf 13 23 13:58 You miss the kobold!
T 713 buf 13 13 13:58 It is not hurt.
T 713 db  577 293 0
T 713 db  16 461 Belyer Asu the neutral human
T 713 db  704 150 AStr 9  
T 713 db  704 160 LStr 10 
T 713 db  704 170 Dex  11 
T 713 db  704 180 Agi  10 
T 713 db  704 190 End  10 
T 713 db  704 200 Per  10 
T 713 db  704 210 Int  15 
T 713 db  704 220 Wis  10 
T 713 db  704 230 Will 11 
T 713 db  704 240 Cha  10 
T 713 db  704 250 Mana 9  
T 713 db  704 260 Ht   175 cm
T 713 db  704 270 Wt   97 kg
T 713 db  704 290 HP: 35/35
T 713 db  704 310 Gold: 45
T 713 db  704 330 UT lvl 1
T 713 db  704 340 Day  1
T 713 db  704 350 Time 14:00
T 713 db  704 360 Turn 148
T 713 buf 13 83 13:59 There is a lantern on the wall.
T 713 buf 13 73 13:59 A jacinth axe is lying here.
T 713 buf 13 63       covered with blood.
T 713 buf 13 53 13:59 Belyer Asu the human picks up and equips a broken quilted leather belt
T 713 buf 13 43 13:58 A few items are lying here.
T 713 buf 13 33 13:58 You slash the kobold! The kobold dies yelling like a tortured hyena.
T 713 buf 13 23 13:58 The kobold misses you!
T 713 buf 13 13 13:58 You miss the kobold!
T 713 db  577 293 0
T 714 db  16 461 Belyer Asu the neutral human
T 714 db  704 150 AStr 9  
T 714 db  704 160 LStr 10 
T 714 db  704 170 Dex  11 
T 714 db  704 180 Agi  10 
T 714 db  704 190 End  10 
T 714 db  704 200 Per  10 
T 714 db  704 210 Int  15 
T 714 db  704 220 Wis  10 
T 714 db  704 230 Will 11 
T 714 db  704 240 Cha  10 
T 714 db  704 250 Mana 9  
T 714 db  704 260 Ht   175 cm
T 714 db  704 270 Wt   97 kg
T 714 db  704 290 HP: 35/35
T 714 db  704 310 Gold: 45
T 714 db  704 330 UT lvl 1
T 714 db  704 340 Day  1
T 714 db  704 350 Time 14:00
T 714 db  704 360 Turn 149
T 714 buf 13 83 13:59 There is a lantern on the wall.
T 714 buf 13 73 13:59 A jacinth axe is lying here.
T 714 buf 13 63       covered with blood.
T 714 buf 13 53 13:59 Belyer Asu the human picks up and equips a broken quilted leather belt
T 714 buf 13 43 13:58 A few items are lying here.
T 714 buf 13 33 13:58 You slash the kobold! The kobold dies yelling like a tortured hyena.
T 714 buf 13 23 13:58 The kobold misses you!
T 714 buf 13 13 13:58 You miss the kobold!
T 714 db  577 293 0
T 715 db  16 461 Belyer Asu the neutral human
T 715 db  704 150 AStr 9  
T 715 db  704 160 LStr 10 
T 715 db  704 170 Dex  11 
T 715 db  704 180 Agi  10 
T 715 db  704 190 End  10 
T 715 db  704 200 Per  10 
T 715 db  704 210 Int  15 
T 715 db  704 220 Wis  10 
T 715 db  704 230 Will 11 
T 715 db  704 240 Cha  10 
T 715 db  704 250 Mana 9  
T 715 db  704 260 Ht   175 cm
T 715 db  704 270 Wt   97 kg
T 715 db  704 290 HP: 35/35
T 715 db  704 310 Gold: 45
T 715 db  704 330 UT lvl 1
T 715 db  704 340 Day  1
T 715 db  704 350 Time 14:00
T 715 db  704 360 Turn 150
T 715 db  577 293 0
T 716 db  16 461 Belyer Asu the neutral human
T 716 db  704 150 AStr 9  
T 716 db  704 160 LStr 10 
T 716 db  704 170 Dex  11 
T 716 db  704 180 Agi  10 
T 716 db  704 190 End  10 
T 716 db  704 200 Per  10 
T 716 db  704 210 Int  15 
T 716 db  704 220 Wis  10 
T 716 db  704 230 Will 11 
T 716 db  704 240 Cha  10 
T 716 db  704 250 Mana 9  
T 716 db  704 260 Ht   175 cm
T 716 db  704 270 Wt   98 kg
T 716 db  704 290 HP: 35/35
T 716 db  704 310 Gold: 45
T 716 db  704 330 UT lvl 1
T 716 db  704 340 Day  1
T 716 db  704 350 Time 14:01
T 716 db  704 360 Turn 151
T 716 db  577 293 0
T 717 db  16 461 Belyer Asu the neutral human
T 717 db  704 150 AStr 9  
T 717 db  704 160 LStr 10 
T 717 db  704 170 Dex  11 
T 717 db  704 180 Agi  10 
T 717 db  704 190 End  10 
T 717 db  704 200 Per  10 
T 717 db  704 210 Int  15 
T 717 db  704 220 Wis  10 
T 717 db  704 230 Will 11 
T 717 db  704 240 Cha  10 
T 717 db  704 250 Mana 9  
T 717 db  704 260 Ht   175 cm
T 717 db  704 270 Wt   98 kg
T 717 db  704 290 HP: 35/35
T 717 db  704 310 Gold: 45
T 717 db  704 330 UT lvl 1
T 717 db  704 340 Day  1
T 717 db  704 350 Time 14:01
T 717 db  704 360 Turn 152
T 717 db  577 293 0
T 718 db  16 461 Belyer Asu the neutral human
T 718 db  704 150 AStr 9  
T 718 db  704 160 LStr 10 
T 718 db  704 170 Dex  11 
T 718 db  704 180 Agi  10 
T 718 db  704 190 End  10 
T 718 db  704 200 Per  10 
T 718 db  704 210 Int  15 
T 718 db  704 220 Wis  10 
T 718 db  704 230 Will 11 
T 718 db  704 240 Cha  10 
T 718 db  704 250 Mana 9  
T 718 db  704 260 Ht   175 cm
T 718 db  704 270 Wt   98 kg
T 718 db  704 290 HP: 35/35
T 718 db  704 310 Gold: 45
T 718 db  704 330 UT lvl 1
T 718 db  704 340 Day  1
T 718 db  704 350 Time 14:01
T 718 db  704 360 Turn 153
T 718 db  577 293 6
T 719 db  16 461 Belyer Asu the neutral human
T 719 db  704 150 AStr 9  
T 719 db  704 160 LStr 10 
T 719 db  704 170 Dex  11 
T 719 db  704 180 Agi  10 
T 719 db  704 190 End  10 
T 719 db  704 200 Per  10 
T 719 db  704 210 Int  15 
T 719 db  704 220 Wis  10 
T 719 db  704 230 Will 11 
T 719 db  704 240 Cha  10 
T 719 db  704 250 Mana 9  
T 719 db  704 260 Ht   175 cm
T 719 db  704 270 Wt   98 kg
T 719 db  704 290 HP: 35/35
T 719 db  704 310 Gold: 45
T 719 db  704 330 UT lvl 1
T 719 db  704 340 Day  1
T 719 db  704 350 Time 14:01
T 719 db  704 360 Turn 153
T 719 db  577 293 5
T 719 db  16 461 Belyer Asu the neutral human
T 719 db  704 150 AStr 9  
T 719 db  704 160 LStr 10 
T 719 db  704 170 Dex  11 
T 719 db  704 180 Agi  10 
T 719 db  704 190 End  10 
T 719 db  704 200 Per  10 
T 719 db  704 210 Int  15 
T 719 db  704 220 Wis  10 
T 719 db  704 230 Will 11 
T 719 db  704 240 Cha  10 
T 719 db  704 250 Mana 9  
T 719 db  704 260 Ht   175 cm
T 719 db  704 270 Wt   98 kg
T 719 db  704 290 HP: 35/35
T 719 db  704 310 Gold: 45
T 719 db  704 330 UT lvl 1
T 719 db  704 340 Day  1
T 719 db  704 350 Time 14:01
T 719 db  704 360 Turn 154
T 719 db  577 293 5
T 720 db  16 461 Belyer Asu the neutral human
T 720 db  704 150 AStr 9  
T 720 db  704 160 LStr 10 
T 720 db  704 170 Dex  11 
T 720 db  704 180 Agi  10 
T 720 db  704 190 End  10 
T 720 db  704 200 Per  10 
T 720 db  704 210 Int  15 
T 720 db  704 220 Wis  10 
T 720 db  704 230 Will 11 
T 720 db  704 240 Cha  10 
T 720 db  704 250 Mana 9  
T 720 db  704 260 Ht   175 cm
T 720 db  704 270 Wt   98 kg
T 720 db  704 290 HP: 35/35
T 720 db  704 310 Gold: 45
T 720 db  704 330 UT lvl 1
T 720 db  704 340 Day  1
T 720 db  704 350 Time 14:01
T 720 db  704 360 Turn 154
T 720 db  577 293 4
T 720 db  16 461 Belyer Asu the neutral human
T 720 db  704 150 AStr 9  
T 720 db  704 160 LStr 10 
T 720 db  704 170 Dex  11 
T 720 db  704 180 Agi  10 
T 720 db  704 190 End  10 
T 720 db  704 200 Per  10 
T 720 db  704 210 Int  15 
T 720 db  704 220 Wis  10 
T 720 db  704 230 Will 11 
T 720 db  704 240 Cha  10 
T 720 db  704 250 Mana 9  
T 720 db  704 260 Ht   175 cm
T 720 db  704 270 Wt   98 kg
T 720 db  704 290 HP: 35/35
T 720 db  704 310 Gold: 45
T 720 db  704 330 UT lvl 1
T 720 db  704 340 Day  1
T 720 db  704 350 Time 14:02
T 720 db  704 360 Turn 155
T 720 db  577 293 4
T 721 db  16 461 Belyer Asu the neutral human
T 721 db  704 150 AStr 9  
T 721 db  704 160 LStr 10 
T 721 db  704 170 Dex  11 
T 721 db  704 180 Agi  10 
T 721 db  704 190 End  10 
T 721 db  704 200 Per  10 
T 721 db  704 210 Int  15 
T 721 db  704 220 Wis  10 
T 721 db  704 230 Will 11 
T 721 db  704 240 Cha  10 
T 721 db  704 250 Mana 9  
T 721 db  704 260 Ht   175 cm
T 721 db  704 270 Wt   98 kg
T 721 db  704 290 HP: 35/35
T 721 db  704 310 Gold: 45
T 721 db  704 330 UT lvl 1
T 721 db  704 340 Day  1
T 721 db  704 350 Time 14:02
T 721 db  704 360 Turn 155
T 721 db  577 293 3
T 721 db  16 461 Belyer Asu the neutral human
T 721 db  704 150 AStr 9  
T 721 db  704 160 LStr 10 
T 721 db  704 170 Dex  11 
T 721 db  704 180 Agi  10 
T 721 db  704 190 End  10 
T 721 db  704 200 Per  10 
T 721 db  704 210 Int  15 
T 721 db  704 220 Wis  10 
T 721 db  704 230 Will 11 
T 721 db  704 240 Cha  10 
T 721 db  704 250 Mana 9  
T 721 db  704 260 Ht   175 cm
T 721 db  704 270 Wt   98 kg
T 721 db  704 290 HP: 35/35
T 721 db  704 310 Gold: 45
T 721 db  704 330 UT lvl 1
T 721 db  704 340 Day  1
T 721 db  704 350 Time 14:02
T 721 db  704 360 Turn 156
T 721 buf 13 83 14:02 Corpse of a kobold is lying here.
T 721 buf 13 73 13:59 There is a lantern on the wall.
T 721 buf 13 63 13:59 A jacinth axe is lying here.
T 721 buf 13 53       covered with blood.
T 721 buf 13 43 13:59 Belyer Asu the human picks up and equips a broken quilted leather belt
T 721 buf 13 33 13:58 A few items are lying here.
T 721 buf 13 23 13:58 You slash the kobold! The kobold dies yelling like a tortured hyena.
T 721 buf 13 13 13:58 The kobold misses you!
T 721 db  577 293 3
T 722 db  16 461 Belyer Asu the neutral human
T 722 db  704 150 AStr 9  
T 722 db  704 160 LStr 10 
T 722 db  704 170 Dex  11 
T 722 db  704 180 Agi  10 
T 722 db  704 190 End  10 
T 722 db  704 200 Per  10 
T 722 db  704 210 Int  15 
T 722 db  704 220 Wis  10 
T 722 db  704 230 Will 11 
T 722 db  704 240 Cha  10 
T 722 db  704 250 Mana 9  
T 722 db  704 260 Ht   175 cm
T 722 db  704 270 Wt   98 kg
T 722 db  704 290 HP: 35/35
T 722 db  704 310 Gold: 45
T 722 db  704 330 UT lvl 1
T 722 db  704 340 Day  1
T 722 db  704 350 Time 14:02
T 722 db  704 360 Turn 156
T 722 buf 13 83 14:02 Corpse of a kobold is lying here.
T 722 buf 13 73 13:59 There is a lantern on the wall.
T 722 buf 13 63 13:59 A jacinth axe is lying here.
T 722 buf 13 53       covered with blood.
T 722 buf 13 43 13:59 Belyer Asu the human picks up and equips a broken quilted leather belt
T 722 buf 13 33 13:58 A few items are lying here.
T 722 buf 13 23 13:58 You slash the kobold! The kobold dies yelling like a tortured hyena.
T 722 buf 13 13 13:58 The kobold misses you!
T 722 db  577 293 2
T 722 db  16 461 Belyer Asu the neutral human
T 722 db  704 150 AStr 9  
T 722 db  704 160 LStr 10 
T 722 db  704 170 Dex  11 
T 722 db  704 180 Agi  10 
T 722 db  704 190 End  10 
T 722 db  704 200 Per  10 
T 722 db  704 210 Int  15 
T 722 db  704 220 Wis  10 
T 722 db  704 230 Will 11 
T 722 db  704 240 Cha  10 
T 722 db  704 250 Mana 9  
T 722 db  704 260 Ht   175 cm
T 722 db  704 270 Wt   98 kg
T 722 db  704 290 HP: 35/35
T 722 db  704 310 Gold: 45
T 722 db  704 330 UT lvl 1
T 722 db  704 340 Day  1
T 722 db  704 350 Time 14:02
T 722 db  704 360 Turn 157
T 722 buf 13 83 14:02 A broken quilted leather belt is lying here.
T 722 buf 13 73 14:02 Corpse of a kobold is lying here.
T 722 buf 13 63 13:59 There is a lantern on the wall.
T 722 buf 13 53 13:59 A jacinth axe is lying here.
T 722 buf 13 43       covered with blood.
T 722 buf 13 33 13:59 Belyer Asu the human picks up and equips a broken quilted leather belt
T 722 buf 13 23 13:58 A few items are lying here.
T 722 buf 13 13 13:58 You slash the kobold! The kobold dies yelling like a tortured hyena.
T 722 db  577 293 2
T 723 db  16 461 Belyer Asu the neutral human
T 723 db  704 150 AStr 9  
T 723 db  704 160 LStr 10 
T 723 db  704 170 Dex  11 
T 723 db  704 180 Agi  10 
T 723 db  704 190 End  10 
T 723 db  704 200 Per  10 
T 723 db  704 210 Int  15 
T 723 db  704 220 Wis  10 
T 723 db  704 230 Will 11 
T 723 db  704 240 Cha  10 
T 723 db  704 250 Mana 9  
T 723 db  704 260 Ht   175 cm
T 723 db  704 270 Wt   99 kg
T 723 db  704 290 HP: 35/35
T 723 db  704 310 Gold: 45
T 723 db  704 330 UT lvl 1
T 723 db  704 340 Day  1
T 723 db  704 350 Time 14:02
T 723 db  704 360 Turn 157
T 723 buf 13 83 14:02 Belyer Asu the human picks up and equips a broken quilted leather belt.
T 723 buf 13 73 14:02 A broken quilted leather belt is lying here.
T 723 buf 13 63 14:02 Corpse of a kobold is lying here.
T 723 buf 13 53 13:59 There is a lantern on the wall.
T 723 buf 13 43 13:59 A jacinth axe is lying here.
T 723 buf 13 33       covered with blood.
T 723 buf 13 23 13:59 Belyer Asu the human picks up and equips a broken quilted leather belt
T 723 buf 13 13 13:58 A few items are lying here.
T 723 db  577 293 1
T 723 db  16 461 Belyer Asu the neutral human
T 723 db  704 150 AStr 9  
T 723 db  704 160 LStr 10 
T 723 db  704 170 Dex  11 
T 723 db  704 180 Agi  10 
T 723 db  704 190 End  10 
T 723 db  704 200 Per  10 
T 723 db  704 210 Int  15 
T 723 db  704 220 Wis  10 
T 723 db  704 230 Will 11 
T 723 db  704 240 Cha  10 
T 723 db  704 250 Mana 9  
T 723 db  704 260 Ht   175 cm
T 723 db  704 270 Wt   99 kg
T 723 db  704 290 HP: 35/35
T 723 db  704 310 Gold: 45
T 723 db  704 330 UT lvl 1
T 723 db  704 340 Day  1
T 723 db  704 350 Time 14:03
T 723 db  704 360 Turn 158
T 723 db  577 293 1
T 724 db  16 461 Belyer Asu the neutral human
T 724 db  704 150 AStr 9  
T 724 db  704 160 LStr 10 
T 724 db  704 170 Dex  11 
T 724 db  704 180 Agi  10 
T 724 db  704 190 End  10 
T 724 db  704 200 Per  10 
T 724 db  704 210 Int  15 
T 724 db  704 220 Wis  10 
T 724 db  704 230 Will 11 
T 724 db  704 240 Cha  10 
T 724 db  704 250 Mana 9  
T 724 db  704 260 Ht   175 cm
T 724 db  704 270 Wt   98 kg
T 724 db  704 290 HP: 35/35
T 724 db  704 310 Gold: 45
T 724 db  704 330 UT lvl 1
T 724 db  704 340 Day  1
T 724 db  704 350 Time 14:03
T 724 db  704 360 Turn 158
T 724 buf 13 83 14:02 Belyer Asu the human picks up and equips a broken quilted leather belt.
T 724 buf 13 73 14:02 A broken quilted leather belt is lying here.
T 724 buf 13 63 14:02 Corpse of a kobold is lying here.
T 724 buf 13 53 13:59 There is a lantern on the wall.
T 724 buf 13 43 13:59 A jacinth axe is lying here.
T 724 buf 13 33       covered with blood.
T 724 buf 13 23 13:59 Belyer Asu the human picks up and equips a broken quilted leather belt
T 724 buf 13 13 13:58 A few items are lying here.
T 724 db  577 293 1
T 725 db  16 461 Belyer Asu the neutral human
T 725 db  704 150 AStr 9  
T 725 db  704 160 LStr 10 
T 725 db  704 170 Dex  11 
T 725 db  704 180 Agi  10 
T 725 db  704 190 End  10 
T 725 db  704 200 Per  10 
T 725 db  704 210 Int  15 
T 725 db  704 220 Wis  10 
T 725 db  704 230 Will 11 
T 725 db  704 240 Cha  10 
T 725 db  704 250 Mana 9  
T 725 db  704 260 Ht   175 cm
T 725 db  704 270 Wt   98 kg
T 725 db  704 290 HP: 35/35
T 725 db  704 310 Gold: 45
T 725 db  704 330 UT lvl 1
T 725 db  704 340 Day  1
T 725 db  704 350 Time 14:03
T 725 db  704 360 Turn 158
T 725 db  577 293 1
T 726 db  16 461 Belyer Asu the neutral human
T 726 db  704 150 AStr 9  
T 726 db  704 160 LStr 10 
T 726 db  704 170 Dex  11 
T 726 db  704 180 Agi  10 
T 726 db  704 190 End  10 
T 726 db  704 200 Per  10 
T 726 db  704 210 Int  15 
T 726 db  704 220 Wis  10 
T 726 db  704 230 Will 11 
T 726 db  704 240 Cha  10 
T 726 db  704 250 Mana 9  
T 726 db  704 260 Ht   175 cm
T 726 db  704 270 Wt   98 kg
T 726 db  704 290 HP: 35/35
T 726 db  704 310 Gold: 45
T 726 db  704 330 UT lvl 1
T 726 db  704 340 Day  1
T 726 db  704 350 Time 14:03
T 726 db  704 360 Turn 158
T 726 db  577 293 1
T 727 db  16 461 Belyer Asu the neutral human
T 727 db  704 150 AStr 9  
T 727 db  704 160 LStr 10 
T 727 db  704 170 Dex  11 
T 727 db  704 180 Agi  10 
T 727 db  704 190 End  10 
T 727 db  704 200 Per  10 
T 727 db  704 210 Int  15 
T 727 db  704 220 Wis  10 
T 727 db  704 230 Will 11 
T 727 db  704 240 Cha  10 
T 727 db  704 250 Mana 9  
T 727 db  704 260 Ht   175 cm
T 727 db  704 270 Wt   98 kg
T 727 db  704 290 HP: 35/35
T 727 db  704 310 Gold: 45
T 727 db  704 330 UT lvl 1
T 727 db  704 340 Day  1
T 727 db  704 350 Time 14:03
T 727 db  704 360 Turn 159
T 727 db  577 293 1
T 728 db  16 461 Belyer Asu the neutral human
T 728 db  704 150 AStr 9  
T 728 db  704 160 LStr 10 
T 728 db  704 170 Dex  11 
T 728 db  704 180 Agi  10 
T 728 db  704 190 End  10 
T 728 db  704 200 Per  10 
T 728 db  704 210 Int  15 
T 728 db  704 220 Wis  10 
T 728 db  704 230 Will 11 
T 728 db  704 240 Cha  10 
T 728 db  704 250 Mana 9  
T 728 db  704 260 Ht   175 cm
T 728 db  704 270 Wt   98 kg
T 728 db  704 290 HP: 35/35
T 728 db  704 310 Gold: 45
T 728 db  704 330 UT lvl 1
T 728 db  704 340 Day  1
T 728 db  704 350 Time 14:03
T 728 db  704 360 Turn 159
T 728 db  577 293 0
T 728 db  16 461 Belyer Asu the neutral human
T 728 db  704 150 AStr 9  
T 728 db  704 160 LStr 10 
T 728 db  704 170 Dex  11 
T 728 db  704 180 Agi  10 
T 728 db  704 190 End  10 
T 728 db  704 200 Per  10 
T 728 db  704 210 Int  15 
T 728 db  704 220 Wis  10 
T 728 db  704 230 Will 11 
T 728 db  704 240 Cha  10 
T 728 db  704 250 Mana 9  
T 728 db  704 260 Ht   175 cm
T 728 db  704 270 Wt   98 kg
T 728 db  704 290 HP: 35/35
T 728 db  704 310 Gold: 45
T 728 db  704 330 UT lvl 1
T 728 db  704 340 Day  1
T 728 db  704 350 Time 14:03
T 728 db  704 360 Turn 160
T 728 db  577 293 0
T 729 db  16 461 Belyer Asu the neutral human
T 729 db  704 150 AStr 9  
T 729 db  704 160 LStr 10 
T 729 db  704 170 Dex  11 
T 729 db  704 180 Agi  10 
T 729 db  704 190 End  10 
T 729 db  704 200 Per  10 
T 729 db  704 210 Int  15 
T 729 db  704 220 Wis  10 
T 729 db  704 230 Will 11 
T 729 db  704 240 Cha  10 
T 729 db  704 250 Mana 9  
T 729 db  704 260 Ht   175 cm
T 729 db  704 270 Wt   98 kg
T 729 db  704 290 HP: 35/35
T 729 db  704 310 Gold: 45
T 729 db  704 330 UT lvl 1
T 729 db  704 340 Day  1
T 729 db  704 350 Time 14:03
T 729 db  704 360 Turn 161
T 730 db  16 461 Belyer Asu the neutral human
T 730 db  704 150 AStr 9  
T 730 db  704 160 LStr 10 
T 730 db  704 170 Dex  11 
T 730 db  704 180 Agi  10 
T 730 db  704 190 End  10 
T 730 db  704 200 Per  10 
T 730 db  704 210 Int  15 
T 730 db  704 220 Wis  10 
T 730 db  704 230 Will 11 
T 730 db  704 240 Cha  10 
T 730 db  704 250 Mana 9  
T 730 db  704 260 Ht   175 cm
T 730 db  704 270 Wt   98 kg
T 730 db  704 290 HP: 35/35
T 730 db  704 310 Gold: 45
T 730 db  704 330 UT lvl 1
T 730 db  704 340 Day  1
T 730 db  704 350 Time 14:03
T 730 db  704 360 Turn 161
T 730 db  609 277 1
T 730 db  16 461 Belyer Asu the neutral human
T 730 db  704 150 AStr 9  
T 730 db  704 160 LStr 10 
T 730 db  704 170 Dex  11 
T 730 db  704 180 Agi  10 
T 730 db  704 190 End  10 
T 730 db  704 200 Per  10 
T 730 db  704 210 Int  15 
T 730 db  704 220 Wis  10 
T 730 db  704 230 Will 11 
T 730 db  704 240 Cha  10 
T 730 db  704 250 Mana 9  
T 730 db  704 260 Ht   175 cm
T 730 db  704 270 Wt   98 kg
T 730 db  704 290 HP: 35/35
T 730 db  704 310 Gold: 45
T 730 db  704 330 UT lvl 1
T 730 db  704 340 Day  1
T 730 db  704 350 Time 14:07
T 730 db  704 360 Turn 162
T 730 db  609 277 1
T 731 db  16 461 Belyer Asu the neutral human
T 731 db  704 150 AStr 9  
T 731 db  704 160 LStr 10 
T 731 db  704 170 Dex  11 
T 731 db  704 180 Agi  10 
T 731 db  704 190 End  10 
T 731 db  704 200 Per  10 
T 731 db  704 210 Int  15 
T 731 db  704 220 Wis  10 
T 731 db  704 230 Will 11 
T 731 db  704 240 Cha  10 
T 731 db  704 250 Mana 9  
T 731 db  704 260 Ht   175 cm
T 731 db  704 270 Wt   98 kg
T 731 db  704 290 HP: 35/35
T 731 db  704 310 Gold: 45
T 731 db  704 330 UT lvl 1
T 731 db  704 340 Day  1
T 731 db  704 350 Time 14:07
T 731 db  704 360 Turn 162
T 731 db  609 277 0
T 731 db  16 461 Belyer Asu the neutral human
T 731 db  704 150 AStr 9  
T 731 db  704 160 LStr 10 
T 731 db  704 170 Dex  11 
T 731 db  704 180 Agi  10 
T 731 db  704 190 End  10 
T 731 db  704 200 Per  10 
T 731 db  704 210 Int  15 
T 731 db  704 220 Wis  10 
T 731 db  704 230 Will 11 
T 731 db  704 240 Cha  10 
T 731 db  704 250 Mana 9  
T 731 db  704 260 Ht   175 cm
T 731 db  704 270 Wt   98 kg
T 731 db  704 290 HP: 35/35
T 731 db  704 310 Gold: 45
T 731 db  704 330 UT lvl 1
T 731 db  704 340 Day  1
T 731 db  704 350 Time 14:07
T 731 db  704 360 Turn 163
T 731 db  609 277 0
T 732 db  16 461 Belyer Asu the neutral human
T 732 db  704 150 AStr 9  
T 732 db  704 160 LStr 10 
T 732 db  704 170 Dex  11 
T 732 db  704 180 Agi  10 
T 732 db  704 190 End  10 
T 732 db  704 200 Per  10 
T 732 db  704 210 Int  15 
T 732 db  704 220 Wis  10 
T 732 db  704 230 Will 11 
T 732 db  704 240 Cha  10 
T 732 db  704 250 Mana 9  
T 732 db  704 260 Ht   175 cm
T 732 db  704 270 Wt   98 kg
T 732 db  704 290 HP: 35/35
T 732 db  704 310 Gold: 45
T 732 db  704 330 UT lvl 1
T 732 db  704 340 Day  1
T 732 db  704 350 Time 14:08
T 732 db  704 360 Turn 164
T 733 db  16 461 Belyer Asu the neutral human
T 733 db  704 150 AStr 9  
T 733 db  704 160 LStr 10 
T 733 db  704 170 Dex  11 
T 733 db  704 180 Agi  10 
T 733 db  704 190 End  10 
T 733 db  704 200 Per  10 
T 733 db  704 210 Int  15 
T 733 db  704 220 Wis  10 
T 733 db  704 230 Will 11 
T 733 db  704 240 Cha  10 
T 733 db  704 250 Mana 9  
T 733 db  704 260 Ht   175 cm
T 733 db  704 270 Wt   98 kg
T 733 db  704 290 HP: 35/35
T 733 db  704 310 Gold: 45
T 733 db  704 330 UT lvl 1
T 733 db  704 340 Day  1
T 733 db  704 350 Time 14:08
T 733 db  704 360 Turn 164
T 733 db  625 229 2
T 733 db  16 461 Belyer Asu the neutral human
T 733 db  704 150 AStr 9  
T 733 db  704 160 LStr 10 
T 733 db  704 170 Dex  11 
T 733 db  704 180 Agi  10 
T 733 db  704 190 End  10 
T 733 db  704 200 Per  10 
T 733 db  704 210 Int  15 
T 733 db  704 220 Wis  10 
T 733 db  704 230 Will 11 
T 733 db  704 240 Cha  10 
T 733 db  704 250 Mana 9  
T 733 db  704 260 Ht   175 cm
T 733 db  704 270 Wt   98 kg
T 733 db  704 290 HP: 35/35
T 733 db  704 310 Gold: 45
T 733 db  704 330 UT lvl 1
T 733 db  704 340 Day  1
T 733 db  704 350 Time 14:11
T 733 db  704 360 Turn 165
T 733 buf 13 83 14:08 The large spider misses you!
T 733 buf 13 73 14:02 Belyer Asu the human picks up and equips a broken quilted leather belt.
T 733 buf 13 63 14:02 A broken quilted leather belt is lying here.
T 733 buf 13 53 14:02 Corpse of a kobold is lying here.
T 733 buf 13 43 13:59 There is a lantern on the wall.
T 733 buf 13 33 13:59 A jacinth axe is lying here.
T 733 buf 13 23       covered with blood.
T 733 buf 13 13 13:59 Belyer Asu the human picks up and equips a broken quilted leather belt
T 733 db  625 229 0
T 734 db  16 461 Belyer Asu the neutral human
T 734 db  704 150 AStr 9  
T 734 db  704 160 LStr 10 
T 734 db  704 170 Dex  11 
T 734 db  704 180 Agi  10 
T 734 db  704 190 End  10 
T 734 db  704 200 Per  10 
T 734 db  704 210 Int  15 
T 734 db  704 220 Wis  10 
T 734 db  704 230 Will 11 
T 734 db  704 240 Cha  10 
T 734 db  704 250 Mana 9  
T 734 db  704 260 Ht   175 cm
T 734 db  704 270 Wt   98 kg
T 734 db  704 290 HP: 35/35
T 734 db  704 310 Gold: 45
T 734 db  704 330 UT lvl 1
T 734 db  704 340 Day  1
T 734 db  704 350 Time 14:11
T 734 db  704 360 Turn 165
T 734 buf 13 83 14:08 The large spider misses you!
T 734 buf 13 73 14:02 Belyer Asu the human picks up and equips a broken quilted leather belt.
T 734 buf 13 63 14:02 A broken quilted leather belt is lying here.
T 734 buf 13 53 14:02 Corpse of a kobold is lying here.
T 734 buf 13 43 13:59 There is a lantern on the wall.
T 734 buf 13 33 13:59 A jacinth axe is lying here.
T 734 buf 13 23       covered with blood.
T 734 buf 13 13 13:59 Belyer Asu the human picks up and equips a broken quilted leather belt
T 734 db  625 229 0
T 734 db  16 461 Belyer Asu the neutral human
T 734 db  704 150 AStr 9  
T 734 db  704 160 LStr 10 
T 734 db  704 170 Dex  11 
T 734 db  704 180 Agi  10 
T 734 db  704 190 End  10 
T 734 db  704 200 Per  10 
T 734 db  704 210 Int  15 
T 734 db  704 220 Wis  10 
T 734 db  704 230 Will 11 
T 734 db  704 240 Cha  10 
T 734 db  704 250 Mana 9  
T 734 db  704 260 Ht   175 cm
T 734 db  704 270 Wt   98 kg
T 734 db  704 290 HP: 35/35
T 734 db  704 310 Gold: 45
T 734 db  704 330 UT lvl 1
T 734 db  704 340 Day  1
T 734 db  704 350 Time 14:12
T 734 db  704 360 Turn 166
T 734 db  625 229 0
T 735 db  16 461 Belyer Asu the neutral human
T 735 db  704 150 AStr 9  
T 735 db  704 160 LStr 10 
T 735 db  704 170 Dex  11 
T 735 db  704 180 Agi  10 
T 735 db  704 190 End  10 
T 735 db  704 200 Per  10 
T 735 db  704 210 Int  15 
T 735 db  704 220 Wis  10 
T 735 db  704 230 Will 11 
T 735 db  704 240 Cha  10 
T 735 db  704 250 Mana 9  
T 735 db  704 260 Ht   175 cm
T 735 db  704 270 Wt   98 kg
T 735 db  704 290 HP: 35/35
T 735 db  704 310 Gold: 45
T 735 db  704 330 UT lvl 1
T 735 db  704 340 Day  1
T 735 db  704 350 Time 14:12
T 735 db  704 360 Turn 166
T 735 db  625 229 0
T 735 db  16 461 Belyer Asu the neutral human
T 735 db  704 150 AStr 9  
T 735 db  704 160 LStr 10 
T 735 db  704 170 Dex  11 
T 735 db  704 180 Agi  10 
T 735 db  704 190 End  10 
T 735 db  704 200 Per  10 
T 735 db  704 210 Int  15 
T 735 db  704 220 Wis  10 
T 735 db  704 230 Will 11 
T 735 db  704 240 Cha  10 
T 735 db  704 250 Mana 9  
T 735 db  704 260 Ht   175 cm
T 735 db  704 270 Wt   98 kg
T 735 db  704 290 HP: 35/35
T 735 db  704 310 Gold: 45
T 735 db  704 330 UT lvl 1
T 735 db  704 340 Day  1
T 735 db  704 350 Time 14:12
T 735 db  704 360 Turn 167
T 735 db  625 229 0
T 736 db  16 461 Belyer Asu the neutral human
T 736 db  704 150 AStr 9  
T 736 db  704 160 LStr 10 
T 736 db  704 170 Dex  11 
T 736 db  704 180 Agi  10 
T 736 db  704 190 End  10 
T 736 db  704 200 Per  10 
T 736 db  704 210 Int  15 
T 736 db  704 220 Wis  10 
T 736 db  704 230 Will 11 
T 736 db  704 240 Cha  10 
T 736 db  704 250 Mana 9  
T 736 db  704 260 Ht   175 cm
T 736 db  704 270 Wt   98 kg
T 736 db  704 290 HP: 35/35
T 736 db  704 310 Gold: 45
T 736 db  704 330 UT lvl 1
T 736 db  704 340 Day  1
T 736 db  704 350 Time 14:12
T 736 db  704 360 Turn 167
T 736 db  625 229 0
T 736 db  16 461 Belyer Asu the neutral human
T 736 db  704 150 AStr 9  
T 736 db  704 160 LStr 10 
T 736 db  704 170 Dex  11 
T 736 db  704 180 Agi  10 
T 736 db  704 190 End  10 
T 736 db  704 200 Per  10 
T 736 db  704 210 Int  15 
T 736 db  704 220 Wis  10 
T 736 db  704 230 Will 11 
T 736 db  704 240 Cha  10 
T 736 db  704 250 Mana 9  
T 736 db  704 260 Ht   175 cm
T 736 db  704 270 Wt   98 kg
T 736 db  704 290 HP: 35/35
T 736 db  704 310 Gold: 45
T 736 db  704 330 UT lvl 1
T 736 db  704 340 Day  1
T 736 db  704 350 Time 14:12
T 736 db  704 360 Turn 168
T 736 db  625 229 0
T 737 db  16 461 Belyer Asu the neutral human
T 737 db  704 150 AStr 9  
T 737 db  704 160 LStr 10 
T 737 db  704 170 Dex  11 
T 737 db  704 180 Agi  10 
T 737 db  704 190 End  10 
T 737 db  704 200 Per  10 
T 737 db  704 210 Int  15 
T 737 db  704 220 Wis  10 
T 737 db  704 230 Will 11 
T 737 db  704 240 Cha  10 
T 737 db  704 250 Mana 9  
T 737 db  704 260 Ht   175 cm
T 737 db  704 270 Wt   98 kg
T 737 db  704 290 HP: 35/35
T 737 db  704 310 Gold: 45
T 737 db  704 330 UT lvl 1
T 737 db  704 340 Day  1
T 737 db  704 350 Time 14:12
T 737 db  704 360 Turn 168
T 737 db  625 229 0
T 737 db  16 461 Belyer Asu the neutral human
T 737 db  704 150 AStr 9  
T 737 db  704 160 LStr 10 
T 737 db  704 170 Dex  11 
T 737 db  704 180 Agi  10 
T 737 db  704 190 End  10 
T 737 db  704 200 Per  10 
T 737 db  704 210 Int  15 
T 737 db  704 220 Wis  10 
T 737 db  704 230 Will 11 
T 737 db  704 240 Cha  10 
T 737 db  704 250 Mana 9  
T 737 db  704 260 Ht   175 cm
T 737 db  704 270 Wt   98 kg
T 737 db  704 290 HP: 35/35
T 737 db  704 310 Gold: 45
T 737 db  704 330 UT lvl 1
T 737 db  704 340 Day  1
T 737 db  704 350 Time 14:13
T 737 db  704 360 Turn 169
T 737 db  625 229 0
T 738 db  16 461 Belyer Asu the neutral human
T 738 db  704 150 AStr 9  
T 738 db  704 160 LStr 10 
T 738 db  704 170 Dex  11 
T 738 db  704 180 Agi  10 
T 738 db  704 190 End  10 
T 738 db  704 200 Per  10 
T 738 db  704 210 Int  15 
T 738 db  704 220 Wis  10 
T 738 db  704 230 Will 11 
T 738 db  704 240 Cha  10 
T 738 db  704 250 Mana 9  
T 738 db  704 260 Ht   175 cm
T 738 db  704 270 Wt   98 kg
T 738 db  704 290 HP: 35/35
T 738 db  704 310 Gold: 45
T 738 db  704 330 UT lvl 1
T 738 db  704 340 Day  1
T 738 db  704 350 Time 14:13
T 738 db  704 360 Turn 170
T 738 db  625 229 0
T 739 db  16 461 Belyer Asu the neutral human
T 739 db  704 150 AStr 9  
T 739 db  704 160 LStr 10 
T 739 db  704 170 Dex  11 
T 739 db  704 180 Agi  10 
T 739 db  704 190 End  10 
T 739 db  704 200 Per  10 
T 739 db  704 210 Int  15 
T 739 db  704 220 Wis  10 
T 739 db  704 230 Will 11 
T 739 db  704 240 Cha  10 
T 739 db  704 250 Mana 9  
T 739 db  704 260 Ht   175 cm
T 739 db  704 270 Wt   98 kg
T 739 db  704 290 HP: 35/35
T 739 db  704 310 Gold: 45
T 739 db  704 330 UT lvl 1
T 739 db  704 340 Day  1
T 739 db  704 350 Time 14:13
T 739 db  704 360 Turn 171
T 739 db  625 229 0
T 740 db  16 461 Belyer Asu the neutral human
T 740 db  704 150 AStr 9  
T 740 db  704 160 LStr 10 
T 740 db  704 170 Dex  11 
T 740 db  704 180 Agi  10 
T 740 db  704 190 End  10 
T 740 db  704 200 Per  10 
T 740 db  704 210 Int  15 
T 740 db  704 220 Wis  10 
T 740 db  704 230 Will 11 
T 740 db  704 240 Cha  10 
T 740 db  704 250 Mana 9  
T 740 db  704 260 Ht   175 cm
T 740 db  704 270 Wt   98 kg
T 740 db  704 290 HP: 35/35
T 740 db  704 310 Gold: 45
T 740 db  704 330 UT lvl 1
T 740 db  704 340 Day  1
T 740 db  704 350 Time 14:13
T 740 db  704 360 Turn 172
T 740 db  625 229 0
T 741 db  16 461 Belyer Asu the neutral human
T 741 db  704 150 AStr 9  
T 741 db  704 160 LStr 10 
T 741 db  704 170 Dex  11 
T 741 db  704 180 Agi  10 
T 741 db  704 190 End  10 
T 741 db  704 200 Per  10 
T 741 db  704 210 Int  15 
T 741 db  704 220 Wis  10 
T 741 db  704 230 Will 11 
T 741 db  704 240 Cha  10 
T 741 db  704 250 Mana 9  
T 741 db  704 260 Ht   175 cm
T 741 db  704 270 Wt   98 kg
T 741 db  704 290 HP: 35/35
T 741 db  704 310 Gold: 45
T 741 db  704 330 UT lvl 1
T 741 db  704 340 Day  1
T 741 db  704 350 Time 14:14
T 741 db  704 360 Turn 173
T 741 db  625 229 0
T 742 db  16 461 Belyer Asu the neutral human
T 742 db  704 150 AStr 9  
T 742 db  704 160 LStr 10 
T 742 db  704 170 Dex  11 
T 742 db  704 180 Agi  10 
T 742 db  704 190 End  10 
T 742 db  704 200 Per  10 
T 742 db  704 210 Int  15 
T 742 db  704 220 Wis  10 
T 742 db  704 230 Will 11 
T 742 db  704 240 Cha  10 
T 742 db  704 250 Mana 9  
T 742 db  704 260 Ht   175 cm
T 742 db  704 270 Wt   98 kg
T 742 db  704 290 HP: 35/35
T 742 db  704 310 Gold: 45
T 742 db  704 330 UT lvl 1
T 742 db  704 340 Day  1
T 742 db  704 350 Time 14:14
T 742 db  704 360 Turn 174
T 742 db  625 229 0
T 743 db  16 461 Belyer Asu the neutral human
T 743 db  704 150 AStr 9  
T 743 db  704 160 LStr 10 
T 743 db  704 170 Dex  11 
T 743 db  704 180 Agi  10 
T 743 db  704 190 End  10 
T 743 db  704 200 Per  10 
T 743 db  704 210 Int  15 
T 743 db  704 220 Wis  10 
T 743 db  704 230 Will 11 
T 743 db  704 240 Cha  10 
T 743 db  704 250 Mana 9  
T 743 db  704 260 Ht   175 cm
T 743 db  704 270 Wt   98 kg
T 743 db  704 290 HP: 35/35
T 743 db  704 310 Gold: 45
T 743 db  704 330 UT lvl 1
T 743 db  704 340 Day  1
T 743 db  704 350 Time 14:14
T 743 db  704 360 Turn 175
T 743 db  625 229 0
T 744 db  16 461 Belyer Asu the neutral human
T 744 db  704 150 AStr 9  
T 744 db  704 160 LStr 10 
T 744 db  704 170 Dex  11 
T 744 db  704 180 Agi  10 
T 744 db  704 190 End  10 
T 744 db  704 200 Per  10 
T 744 db  704 210 Int  15 
T 744 db  704 220 Wis  10 
T 744 db  704 230 Will 11 
T 744 db  704 240 Cha  10 
T 744 db  704 250 Mana 9  
T 744 db  704 260 Ht   175 cm
T 744 db  704 270 Wt   98 kg
T 744 db  704 290 HP: 35/35
T 744 db  704 310 Gold: 45
T 744 db  704 330 UT lvl 1
T 744 db  704 340 Day  1
T 744 db  704 350 Time 14:15
T 744 db  704 360 Turn 176
T 744 db  625 229 1
T 745 db  16 461 Belyer Asu the neutral human
T 745 db  704 150 AStr 9  
T 745 db  704 160 LStr 10 
T 745 db  704 170 Dex  11 
T 745 db  704 180 Agi  10 
T 745 db  704 190 End  10 
T 745 db  704 200 Per  10 
T 745 db  704 210 Int  15 
T 745 db  704 220 Wis  10 
T 745 db  704 230 Will 11 
T 745 db  704 240 Cha  10 
T 745 db  704 250 Mana 9  
T 745 db  704 260 Ht   175 cm
T 745 db  704 270 Wt   98 kg
T 745 db  704 290 HP: 35/35
T 745 db  704 310 Gold: 45
T 745 db  704 330 UT lvl 1
T 745 db  704 340 Day  1
T 745 db  704 350 Time 14:15
T 745 db  704 360 Turn 176
T 745 db  625 229 0
T 745 db  16 461 Belyer Asu the neutral human
T 745 db  704 150 AStr 9  
T 745 db  704 160 LStr 10 
T 745 db  704 170 Dex  11 
T 745 db  704 180 Agi  10 
T 745 db  704 190 End  10 
T 745 db  704 200 Per  10 
T 745 db  704 210 Int  15 
T 745 db  704 220 Wis  10 
T 745 db  704 230 Will 11 
T 745 db  704 240 Cha  10 
T 745 db  704 250 Mana 9  
T 745 db  704 260 Ht   175 cm
T 745 db  704 270 Wt   98 kg
T 745 db  704 290 HP: 35/35
T 745 db  704 310 Gold: 45
T 745 db  704 330 UT lvl 1
T 745 db  704 340 Day  1
T 745 db  704 350 Time 14:15
T 745 db  704 360 Turn 177
T 745 db  625 229 0
T 746 db  16 461 Belyer Asu the neutral human
T 746 db  704 150 AStr 9  
T 746 db  704 160 LStr 10 
T 746 db  704 170 Dex  11 
T 746 db  704 180 Agi  10 
T 746 db  704 190 End  10 
T 746 db  704 200 Per  10 
T 746 db  704 210 Int  15 
T 746 db  704 220 Wis  10 
T 746 db  704 230 Will 11 
T 746 db  704 240 Cha  10 
T 746 db  704 250 Mana 9  
T 746 db  704 260 Ht   175 cm
T 746 db  704 270 Wt   98 kg
T 746 db  704 290 HP: 35/35
T 746 db  704 310 Gold: 45
T 746 db  704 330 UT lvl 1
T 746 db  704 340 Day  1
T 746 db  704 350 Time 14:15
T 746 db  704 360 Turn 178
T 747 db  16 461 Belyer Asu the neutral human
T 747 db  704 150 AStr 9  
T 747 db  704 160 LStr 10 
T 747 db  704 170 Dex  11 
T 747 db  704 180 Agi  10 
T 747 db  704 190 End  10 
T 747 db  704 200 Per  10 
T 747 db  704 210 Int  15 
T 747 db  704 220 Wis  10 
T 747 db  704 230 Will 11 
T 747 db  704 240 Cha  10 
T 747 db  704 250 Mana 9  
T 747 db  704 260 Ht   175 cm
T 747 db  704 270 Wt   98 kg
T 747 db  704 290 HP: 35/35
T 747 db  704 310 Gold: 45
T 747 db  704 330 UT lvl 1
T 747 db  704 340 Day  1
T 747 db  704 350 Time 14:15
T 747 db  704 360 Turn 178
T 747 db  401 213 3
T 747 db  16 461 Belyer Asu the neutral human
T 747 db  704 150 AStr 9  
T 747 db  704 160 LStr 10 
T 747 db  704 170 Dex  11 
T 747 db  704 180 Agi  10 
T 747 db  704 190 End  10 
T 747 db  704 200 Per  10 
T 747 db  704 210 Int  15 
T 747 db  704 220 Wis  10 
T 747 db  704 230 Will 11 
T 747 db  704 240 Cha  10 
T 747 db  704 250 Mana 9  
T 747 db  704 260 Ht   175 cm
T 747 db  704 270 Wt   98 kg
T 747 db  704 290 HP: 35/35
T 747 db  704 310 Gold: 45
T 747 db  704 330 UT lvl 1
T 747 db  704 340 Day  1
T 747 db  704 350 Time 14:19
T 747 db  704 360 Turn 179
T 747 db  401 213 3
T 748 db  16 461 Belyer Asu the neutral human
T 748 db  704 150 AStr 9  
T 748 db  704 160 LStr 10 
T 748 db  704 170 Dex  11 
T 748 db  704 180 Agi  10 
T 748 db  704 190 End  10 
T 748 db  704 200 Per  10 
T 748 db  704 210 Int  15 
T 748 db  704 220 Wis  10 
T 748 db  704 230 Will 11 
T 748 db  704 240 Cha  10 
T 748 db  704 250 Mana 9  
T 748 db  704 260 Ht   175 cm
T 748 db  704 270 Wt   98 kg
T 748 db  704 290 HP: 35/35
T 748 db  704 310 Gold: 45
T 748 db  704 330 UT lvl 1
T 748 db  704 340 Day  1
T 748 db  704 350 Time 14:19
T 748 db  704 360 Turn 179
T 748 db  401 213 2
T 748 db  16 461 Belyer Asu the neutral human
T 748 db  704 150 AStr 9  
T 748 db  704 160 LStr 10 
T 748 db  704 170 Dex  11 
T 748 db  704 180 Agi  10 
T 748 db  704 190 End  10 
T 748 db  704 200 Per  10 
T 748 db  704 210 Int  15 
T 748 db  704 220 Wis  10 
T 748 db  704 230 Will 11 
T 748 db  704 240 Cha  10 
T 748 db  704 250 Mana 9  
T 748 db  704 260 Ht   175 cm
T 748 db  704 270 Wt   98 kg
T 748 db  704 290 HP: 35/35
T 748 db  704 310 Gold: 45
T 748 db  704 330 UT lvl 1
T 748 db  704 340 Day  1
T 748 db  704 350 Time 14:19
T 748 db  704 360 Turn 180
T 748 db  401 213 2
T 749 db  16 461 Belyer Asu the neutral human
T 749 db  704 150 AStr 9  
T 749 db  704 160 LStr 10 
T 749 db  704 170 Dex  11 
T 749 db  704 180 Agi  10 
T 749 db  704 190 End  10 
T 749 db  704 200 Per  10 
T 749 db  704 210 Int  15 
T 749 db  704 220 Wis  10 
T 749 db  704 230 Will 11 
T 749 db  704 240 Cha  10 
T 749 db  704 250 Mana 9  
T 749 db  704 260 Ht   175 cm
T 749 db  704 270 Wt   98 kg
T 749 db  704 290 HP: 35/35
T 749 db  704 310 Gold: 45
T 749 db  704 330 UT lvl 1
T 749 db  704 340 Day  1
T 749 db  704 350 Time 14:19
T 749 db  704 360 Turn 180
T 749 db  401 213 1
T 749 db  16 461 Belyer Asu the neutral human
T 749 db  704 150 AStr 9  
T 749 db  704 160 LStr 10 
T 749 db  704 170 Dex  11 
T 749 db  704 180 Agi  10 
T 749 db  704 190 End  10 
T 749 db  704 200 Per  10 
T 749 db  704 210 Int  15 
T 749 db  704 220 Wis  10 
T 749 db  704 230 Will 11 
T 749 db  704 240 Cha  10 
T 749 db  704 250 Mana 9  
T 749 db  704 260 Ht   175 cm
T 749 db  704 270 Wt   98 kg
T 749 db  704 290 HP: 35/35
T 749 db  704 310 Gold: 45
T 749 db  704 330 UT lvl 1
T 749 db  704 340 Day  1
T 749 db  704 350 Time 14:19
T 749 db  704 360 Turn 181
T 749 db  401 213 1
T 750 db  16 461 Belyer Asu the neutral human
T 750 db  704 150 AStr 9  
T 750 db  704 160 LStr 10 
T 750 db  704 170 Dex  11 
T 750 db  704 180 Agi  10 
T 750 db  704 190 End  10 
T 750 db  704 200 Per  10 
T 750 db  704 210 Int  15 
T 750 db  704 220 Wis  10 
T 750 db  704 230 Will 11 
T 750 db  704 240 Cha  10 
T 750 db  704 250 Mana 9  
T 750 db  704 260 Ht   175 cm
T 750 db  704 270 Wt   98 kg
T 750 db  704 290 HP: 35/35
T 750 db  704 310 Gold: 45
T 750 db  704 330 UT lvl 1
T 750 db  704 340 Day  1
T 750 db  704 350 Time 14:19
T 750 db  704 360 Turn 181
T 750 db  401 213 0
T 750 db  16 461 Belyer Asu the neutral human
T 750 db  704 150 AStr 9  
T 750 db  704 160 LStr 10 
T 750 db  704 170 Dex  11 
T 750 db  704 180 Agi  10 
T 750 db  704 190 End  10 
T 750 db  704 200 Per  10 
T 750 db  704 210 Int  15 
T 750 db  704 220 Wis  10 
T 750 db  704 230 Will 11 
T 750 db  704 240 Cha  10 
T 750 db  704 250 Mana 9  
T 750 db  704 260 Ht   175 cm
T 750 db  704 270 Wt   98 kg
T 750 db  704 290 HP: 35/35
T 750 db  704 310 Gold: 45
T 750 db  704 330 UT lvl 1
T 750 db  704 340 Day  1
T 750 db  704 350 Time 14:20
T 750 db  704 360 Turn 182
T 750 db  401 213 0
T 751 db  16 461 Belyer Asu the neutral human
T 751 db  704 150 AStr 9  
T 751 db  704 160 LStr 10 
T 751 db  704 170 Dex  11 
T 751 db  704 180 Agi  10 
T 751 db  704 190 End  10 
T 751 db  704 200 Per  10 
T 751 db  704 210 Int  15 
T 751 db  704 220 Wis  10 
T 751 db  704 230 Will 11 
T 751 db  704 240 Cha  10 
T 751 db  704 250 Mana 9  
T 751 db  704 260 Ht   175 cm
T 751 db  704 270 Wt   98 kg
T 751 db  704 290 HP: 35/35
T 751 db  704 310 Gold: 45
T 751 db  704 330 UT lvl 1
T 751 db  704 340 Day  1
T 751 db  704 350 Time 14:20
T 751 db  704 360 Turn 183
T 752 db  16 461 Belyer Asu the neutral human
T 752 db  704 150 AStr 9  
T 752 db  704 160 LStr 10 
T 752 db  704 170 Dex  11 
T 752 db  704 180 Agi  10 
T 752 db  704 190 End  10 
T 752 db  704 200 Per  10 
T 752 db  704 210 Int  15 
T 752 db  704 220 Wis  10 
T 752 db  704 230 Will 11 
T 752 db  704 240 Cha  10 
T 752 db  704 250 Mana 9  
T 752 db  704 260 Ht   175 cm
T 752 db  704 270 Wt   98 kg
T 752 db  704 290 HP: 35/35
T 752 db  704 310 Gold: 45
T 752 db  704 330 UT lvl 1
T 752 db  704 340 Day  1
T 752 db  704 350 Time 14:20
T 752 db  704 360 Turn 183
T 752 db  433 213 1
T 752 db  16 461 Belyer Asu the neutral human
T 752 db  704 150 AStr 9  
T 752 db  704 160 LStr 10 
T 752 db  704 170 Dex  11 
T 752 db  704 180 Agi  10 
T 752 db  704 190 End  10 
T 752 db  704 200 Per  10 
T 752 db  704 210 Int  15 
T 752 db  704 220 Wis  10 
T 752 db  704 230 Will 11 
T 752 db  704 240 Cha  10 
T 752 db  704 250 Mana 9  
T 752 db  704 260 Ht   175 cm
T 752 db  704 270 Wt   98 kg
T 752 db  704 290 HP: 35/35
T 752 db  704 310 Gold: 45
T 752 db  704 330 UT lvl 1
T 752 db  704 340 Day  1
T 752 db  704 350 Time 14:24
T 752 db  704 360 Turn 184
T 752 buf 13 83 14:20 You try to step through the web but your torso sticks in it.
T 752 buf 13 73 14:08 The large spider misses you!
T 752 buf 13 63 14:02 Belyer Asu the human picks up and equips a broken quilted leather belt.
T 752 buf 13 53 14:02 A broken quilted leather belt is lying here.
T 752 buf 13 43 14:02 Corpse of a kobold is lying here.
T 752 buf 13 33 13:59 There is a lantern on the wall.
T 752 buf 13 23 13:59 A jacinth axe is lying here.
T 752 buf 13 13       covered with blood.
T 752 db  433 213 1
T 753 db  16 461 Belyer Asu the neutral human
T 753 db  704 150 AStr 9  
T 753 db  704 160 LStr 10 
T 753 db  704 170 Dex  11 
T 753 db  704 180 Agi  10 
T 753 db  704 190 End  10 
T 753 db  704 200 Per  10 
T 753 db  704 210 Int  15 
T 753 db  704 220 Wis  10 
T 753 db  704 230 Will 11 
T 753 db  704 240 Cha  10 
T 753 db  704 250 Mana 9  
T 753 db  704 260 Ht   175 cm
T 753 db  704 270 Wt   98 kg
T 753 db  704 290 HP: 35/35
T 753 db  704 310 Gold: 45
T 753 db  704 330 UT lvl 1
T 753 db  704 340 Day  1
T 753 db  704 350 Time 14:24
T 753 db  704 360 Turn 185
T 753 buf 13 83 14:24 You are unable to escape from the web.
T 753 buf 13 73 14:20 You try to step through the web but your torso sticks in it.
T 753 buf 13 63 14:08 The large spider misses you!
T 753 buf 13 53 14:02 Belyer Asu the human picks up and equips a broken quilted leather belt.
T 753 buf 13 43 14:02 A broken quilted leather belt is lying here.
T 753 buf 13 33 14:02 Corpse of a kobold is lying here.
T 753 buf 13 23 13:59 There is a lantern on the wall.
T 753 buf 13 13 13:59 A jacinth axe is lying here.
T 753 db  433 213 0
T 754 db  16 461 Belyer Asu the neutral human
T 754 db  704 150 AStr 9  
T 754 db  704 160 LStr 10 
T 754 db  704 170 Dex  11 
T 754 db  704 180 Agi  6  
T 754 db  776 180 10
T 754 db  704 190 End  10 
T 754 db  704 200 Per  10 
T 754 db  704 210 Int  15 
T 754 db  704 220 Wis  10 
T 754 db  704 230 Will 11 
T 754 db  704 240 Cha  10 
T 754 db  704 250 Mana 9  
T 754 db  704 260 Ht   175 cm
T 754 db  704 270 Wt   98 kg
T 754 db  704 290 HP: 35/35
T 754 db  704 310 Gold: 45
T 754 db  704 330 UT lvl 1
T 754 db  704 340 Day  1
T 754 db  704 350 Time 14:24
T 754 db  704 360 Turn 186
T 754 buf 13 83       in the attempt.
T 754 buf 13 73 14:24 You fail to free yourself from the web and your left leg is stuck in it
T 754 buf 13 63 14:24 You are unable to escape from the web.
T 754 buf 13 53 14:20 You try to step through the web but your torso sticks in it.
T 754 buf 13 43 14:08 The large spider misses you!
T 754 buf 13 33 14:02 Belyer Asu the human picks up and equips a broken quilted leather belt.
T 754 buf 13 23 14:02 A broken quilted leather belt is lying here.
T 754 buf 13 13 14:02 Corpse of a kobold is lying here.
T 754 db  433 213 0
T 755 db  16 461 Belyer Asu the neutral human
T 755 db  704 150 AStr 9  
T 755 db  704 160 LStr 10 
T 755 db  704 170 Dex  11 
T 755 db  704 180 Agi  10 
T 755 db  704 190 End  10 
T 755 db  704 200 Per  10 
T 755 db  704 210 Int  15 
T 755 db  704 220 Wis  10 
T 755 db  704 230 Will 11 
T 755 db  704 240 Cha  10 
T 755 db  704 250 Mana 9  
T 755 db  704 260 Ht   175 cm
T 755 db  704 270 Wt   98 kg
T 755 db  704 290 HP: 35/35
T 755 db  704 310 Gold: 45
T 755 db  704 330 UT lvl 1
T 755 db  704 340 Day  1
T 755 db  704 350 Time 14:24
T 755 db  704 360 Turn 186
T 755 buf 13 83 14:24 You manage to free yourself from the web.
T 755 buf 13 73       in the attempt.
T 755 buf 13 63 14:24 You fail to free yourself from the web and your left leg is stuck in it
T 755 buf 13 53 14:24 You are unable to escape from the web.
T 755 buf 13 43 14:20 You try to step through the web but your torso sticks in it.
T 755 buf 13 33 14:08 The large spider misses you!
T 755 buf 13 23 14:02 Belyer Asu the human picks up and equips a broken quilted leather belt.
T 755 buf 13 13 14:02 A broken quilted leather belt is lying here.
T 755 db  433 213 0
T 755 db  16 461 Belyer Asu the neutral human
T 755 db  704 150 AStr 9  
T 755 db  704 160 LStr 10 
T 755 db  704 170 Dex  11 
T 755 db  704 180 Agi  10 
T 755 db  704 190 End  10 
T 755 db  704 200 Per  10 
T 755 db  704 210 Int  15 
T 755 db  704 220 Wis  10 
T 755 db  704 230 Will 11 
T 755 db  704 240 Cha  10 
T 755 db  704 250 Mana 9  
T 755 db  704 260 Ht   175 cm
T 755 db  704 270 Wt   98 kg
T 755 db  704 290 HP: 34/35
T 755 db  704 310 Gold: 45
T 755 db  704 330 UT lvl 1
T 755 db  704 340 Day  1
T 755 db  704 350 Time 14:25
T 755 db  704 360 Turn 187
T 755 buf 13 83       a erd-siren hits you in the right arm!
T 755 buf 13 73 14:25 The skeleton of a erd-siren hits you! You are not hurt. The skeleton of
T 755 buf 13 63 14:25 The skeleton of a erd-siren grunts: "Bones. Need more bones."
T 755 buf 13 53 14:24 The skeleton of a erd-siren gets stuck in the web.
T 755 buf 13 43 14:24 You manage to free yourself from the web.
T 755 buf 13 33       in the attempt.
T 755 buf 13 23 14:24 You fail to free yourself from the web and your left leg is stuck in it
T 755 buf 13 13 14:24 You are unable to escape from the web.
T 755 db  433 213 0
T 756 db  16 461 Belyer Asu the neutral human
T 756 db  704 150 AStr 9  
T 756 db  704 160 LStr 10 
T 756 db  704 170 Dex  11 
T 756 db  704 180 Agi  10 
T 756 db  704 190 End  10 
T 756 db  704 200 Per  10 
T 756 db  704 210 Int  15 
T 756 db  704 220 Wis  10 
T 756 db  704 230 Will 11 
T 756 db  704 240 Cha  10 
T 756 db  704 250 Mana 9  
T 756 db  704 260 Ht   175 cm
T 756 db  704 270 Wt   98 kg
T 756 db  704 290 HP: 34/35
T 756 db  704 310 Gold: 45
T 756 db  704 330 UT lvl 1
T 756 db  704 340 Day  1
T 756 db  704 350 Time 14:25
T 756 db  704 360 Turn 188
T 756 buf 13 83       a erd-siren hits you in the right arm!
T 756 buf 13 73 14:25 The skeleton of a erd-siren hits you! You are not hurt. The skeleton of
T 756 buf 13 63 14:25 The skeleton of a erd-siren grunts: "Bones. Need more bones."
T 756 buf 13 53 14:24 The skeleton of a erd-siren gets stuck in the web.
T 756 buf 13 43 14:24 You manage to free yourself from the web.
T 756 buf 13 33       in the attempt.
T 756 buf 13 23 14:24 You fail to free yourself from the web and your left leg is stuck in it
T 756 buf 13 13 14:24 You are unable to escape from the web.
T 757 db  16 461 Belyer Asu the neutral human
T 757 db  704 150 AStr 9  
T 757 db  704 160 LStr 10 
T 757 db  704 170 Dex  11 
T 757 db  704 180 Agi  10 
T 757 db  704 190 End  10 
T 757 db  704 200 Per  10 
T 757 db  704 210 Int  15 
T 757 db  704 220 Wis  10 
T 757 db  704 230 Will 11 
T 757 db  704 240 Cha  10 
T 757 db  704 250 Mana 9  
T 757 db  704 260 Ht   175 cm
T 757 db  704 270 Wt   98 kg
T 757 db  704 290 HP: 34/35
T 757 db  704 310 Gold: 45
T 757 db  704 330 UT lvl 1
T 757 db  704 340 Day  1
T 757 db  704 350 Time 14:25
T 757 db  704 360 Turn 188
T 757 db  465 165 2
T 757 db  16 461 Belyer Asu the neutral human
T 757 db  704 150 AStr 9  
T 757 db  704 160 LStr 10 
T 757 db  704 170 Dex  11 
T 757 db  704 180 Agi  10 
T 757 db  704 190 End  10 
T 757 db  704 200 Per  10 
T 757 db  704 210 Int  15 
T 757 db  704 220 Wis  10 
T 757 db  704 230 Will 11 
T 757 db  704 240 Cha  10 
T 757 db  704 250 Mana 9  
T 757 db  704 260 Ht   175 cm
T 757 db  704 270 Wt   98 kg
T 757 db  704 290 HP: 29/35
T 757 db  704 310 Gold: 45
T 757 db  704 330 UT lvl 1
T 757 db  704 340 Day  1
T 757 db  704 350 Time 14:26
T 757 db  704 360 Turn 189
T 757 buf 13 83       very badly.
T 757 buf 13 73 14:26 The skeleton of a erd-siren hits you in the groin! Your groin bleeds
T 757 buf 13 63       you! You are not hurt.
T 757 buf 13 53 14:26 The skeleton of a erd-siren hits you! The skeleton of a erd-siren hits
T 757 buf 13 43       a erd-siren hits you!
T 757 buf 13 33 14:25 The skeleton of a erd-siren hits you! You are not hurt. The skeleton of
T 757 buf 13 23       you in the groin!
T 757 buf 13 13 14:25 The skeleton of a erd-siren hits you! The skeleton of a erd-siren hits
T 757 db  465 165 0
T 757 db  16 8 Vital bodypart in serious danger! [press any key to continue]
T 758 db  16 461 Belyer Asu the neutral human
T 758 db  704 150 AStr 4  
T 758 db  704 160 LStr 10 
T 758 db  704 170 Dex  5  
T 758 db  704 180 Agi  10 
T 758 db  704 190 End  10 
T 758 db  704 200 Per  10 
T 758 db  704 210 Int  15 
T 758 db  704 220 Wis  10 
T 758 db  704 230 Will 11 
T 758 db  704 240 Cha  10 
T 758 db  704 250 Mana 9  
T 758 db  704 260 Ht   175 cm
T 758 db  704 270 Wt   89 kg
T 758 db  704 290 HP: 18/32
T 758 db  704 310 Gold: 45
T 758 db  704 330 UT lvl 1
T 758 db  704 340 Day  1
T 758 db  704 350 Time 14:28
T 758 db  704 360 Turn 189
T 758 buf 13 83       severed off!
T 758 buf 13 73 14:28 The skeleton of a erd-siren hits you in the right arm! Your right arm is
T 758 buf 13 63       you!
T 758 buf 13 53 14:28 The skeleton of a erd-siren misses you! The skeleton of a erd-siren hits
T 758 buf 13 43       skeleton of a erd-siren hits you!
T 758 buf 13 33 14:27 The skeleton of a erd-siren hits you in the groin! You are not hurt. The
T 758 buf 13 23       you!
T 758 buf 13 13 14:27 The skeleton of a erd-siren misses you! The skeleton of a erd-siren hits
T 758 db  465 165 0
T 758 db  16 8 Bodypart severed! [press any key to continue]
T 759 db  16 461 Belyer Asu the neutral human
T 759 db  704 150 AStr 4  
T 759 db  704 160 LStr 10 
T 759 db  704 170 Dex  5  
T 759 db  704 180 Agi  10 
T 759 db  704 190 End  10 
T 759 db  704 200 Per  10 
T 759 db  704 210 Int  15 
T 759 db  704 220 Wis  10 
T 759 db  704 230 Will 11 
T 759 db  704 240 Cha  10 
T 759 db  704 250 Mana 9  
T 759 db  704 260 Ht   175 cm
T 759 db  704 270 Wt   89 kg
T 759 db  704 290 HP: 16/32
T 759 db  704 310 Gold: 45
T 759 db  704 330 UT lvl 1
T 759 db  704 340 Day  1
T 759 db  704 350 Time 14:28
T 759 db  704 360 Turn 189
T 759 buf 13 83 14:28 The skeleton of a erd-siren hits you! Your torso bleeds very badly.
T 759 buf 13 73 14:28 The skeleton of a erd-siren hits you!
T 759 buf 13 63       severed off!
T 759 buf 13 53 14:28 The skeleton of a erd-siren hits you in the right arm! Your right arm is
T 759 buf 13 43       you!
T 759 buf 13 33 14:28 The skeleton of a erd-siren misses you! The skeleton of a erd-siren hits
T 759 buf 13 23       skeleton of a erd-siren hits you!
T 759 buf 13 13 14:27 The skeleton of a erd-siren hits you in the groin! You are not hurt. The
T 759 db  465 165 0
T 759 db  16 8 Vital bodypart in serious danger! [press any key to continue]
T 760 db  16 461 Belyer Asu the neutral human
T 760 db  704 150 AStr 4  
T 760 db  704 160 LStr 10 
T 760 db  704 170 Dex  5  
T 760 db  704 180 Agi  10 
T 760 db  704 190 End  10 
T 760 db  704 200 Per  10 
T 760 db  704 210 Int  15 
T 760 db  704 220 Wis  10 
T 760 db  704 230 Will 11 
T 760 db  704 240 Cha  10 
T 760 db  704 250 Mana 9  
T 760 db  704 260 Ht   175 cm
T 760 db  704 270 Wt   89 kg
T 760 db  704 290 HP: 15/32
T 760 db  704 310 Gold: 45
T 760 db  704 330 UT lvl 1
T 760 db  704 340 Day  1
T 760 db  704 350 Time 14:29
T 760 db  704 360 Turn 189
T 760 buf 13 83       you in the groin! You are not hurt.
T 760 buf 13 73 14:29 The skeleton of a erd-siren misses you! The skeleton of a erd-siren hits
T 760 buf 13 63       a erd-siren hits you in the left leg!
T 760 buf 13 53 14:28 The skeleton of a erd-siren hits you! You are not hurt. The skeleton of
T 760 buf 13 43       a erd-siren hits you! You are not hurt.
T 760 buf 13 33 14:28 The skeleton of a erd-siren hits you! You are not hurt. The skeleton of
T 760 buf 13 23 14:28 The skeleton of a erd-siren hits you! You are not hurt.
T 760 buf 13 13 14:28 The skeleton of a erd-siren hits you! Your torso bleeds very badly.
T 760 db  465 165 0
T 761 db  16 461 Belyer Asu the neutral human
T 761 db  704 150 AStr 4  
T 761 db  704 160 LStr 10 
T 761 db  704 170 Dex  5  
T 761 db  704 180 Agi  10 
T 761 db  704 190 End  10 
T 761 db  704 200 Per  10 
T 761 db  704 210 Int  15 
T 761 db  704 220 Wis  10 
T 761 db  704 230 Will 11 
T 761 db  704 240 Cha  10 
T 761 db  704 250 Mana 9  
T 761 db  704 260 Ht   175 cm
T 761 db  704 270 Wt   89 kg
T 761 db  704 290 HP: 13/32
T 761 db  704 310 Gold: 45
T 761 db  704 330 UT lvl 1
T 761 db  704 340 Day  1
T 761 db  704 350 Time 14:29
T 761 db  704 360 Turn 190
T 761 db  704 380 Panicked
T 761 db  704 390 Running
T 761 buf 13 83       annihilated by a skeleton of a erd-siren. Score: 42. You die.
T 761 buf 13 73 14:29 The skeleton of a erd-siren critically hits you! Death message:
T 761 buf 13 63       a erd-siren hits you in the head! You are not hurt.
T 761 buf 13 53 14:29 The skeleton of a erd-siren hits you! You are not hurt. The skeleton of
T 761 buf 13 43       you in the left leg! You panic!
T 761 buf 13 33 14:29 The skeleton of a erd-siren misses you! The skeleton of a erd-siren hits
T 761 buf 13 23 14:29 You miss the skeleton of a erd-siren!
T 761 buf 13 13       you in the groin! You are not hurt.
T 761 db  465 165 0
T 762 db  16 461 Belyer Asu the neutral human
T 762 db  704 150 AStr 9  
T 762 db  704 160 LStr 10 
T 762 db  704 170 Dex  11 
T 762 db  704 180 Agi  10 
T 762 db  704 190 End  10 
T 762 db  704 200 Per  10 
T 762 db  704 210 Int  15 
T 762 db  704 220 Wis  10 
T 762 db  704 230 Will 11 
T 762 db  704 240 Cha  10 
T 762 db  704 250 Mana 9  
T 762 db  704 260 Ht   175 cm
T 762 db  704 270 Wt   98 kg
T 762 db  704 290 HP: 35/35
T 762 db  704 310 Gold: 45
T 762 db  704 330 UT lvl 1
T 762 db  704 340 Day  1
T 762 db  704 350 Time 14:29
T 762 db  704 360 Turn 190
T 762 buf 13 83 14:29 The skeleton of a erd-siren hits you! You are not hurt.
T 762 buf 13 73       annihilated by a skeleton of a erd-siren. Score: 42. You die.
T 762 buf 13 63 14:29 The skeleton of a erd-siren critically hits you! Death message:
T 762 buf 13 53       a erd-siren hits you in the head! You are not hurt.
T 762 buf 13 43 14:29 The skeleton of a erd-siren hits you! You are not hurt. The skeleton of
T 762 buf 13 33       you in the left leg! You panic!
T 762 buf 13 23 14:29 The skeleton of a erd-siren misses you! The skeleton of a erd-siren hits
T 762 buf 13 13 14:29 You miss the skeleton of a erd-siren!
T 762 db  465 165 0
T 763 db  16 461 Belyer Asu the neutral human
T 763 db  704 150 AStr 9  
T 763 db  704 160 LStr 10 
T 763 db  704 170 Dex  11 
T 763 db  704 180 Agi  10 
T 763 db  704 190 End  10 
T 763 db  704 200 Per  10 
T 763 db  704 210 Int  15 
T 763 db  704 220 Wis  10 
T 763 db  704 230 Will 11 
T 763 db  704 240 Cha  10 
T 763 db  704 250 Mana 9  
T 763 db  704 260 Ht   175 cm
T 763 db  704 270 Wt   98 kg
T 763 db  704 290 HP: 35/35
T 763 db  704 310 Gold: 45
T 763 db  704 330 UT lvl 1
T 763 db  704 340 Day  1
T 763 db  704 350 Time 14:30
T 763 db  704 360 Turn 191
T 763 buf 13 83       is transformed into a crumpled heap of bones.
T 763 buf 13 73       with your copper mace covered with blood +1! The skeleton of a erd-siren
T 763 buf 13 63 14:29 You strike the skeleton of a erd-siren! You advance to skill level 1
T 763 buf 13 53 14:29 The skeleton of a erd-siren hits you! You are not hurt.
T 763 buf 13 43       annihilated by a skeleton of a erd-siren. Score: 42. You die.
T 763 buf 13 33 14:29 The skeleton of a erd-siren critically hits you! Death message:
T 763 buf 13 23       a erd-siren hits you in the head! You are not hurt.
T 763 buf 13 13 14:29 The skeleton of a erd-siren hits you! You are not hurt. The skeleton of
T 763 db  465 165 0
T 764 db  16 461 Belyer Asu the neutral human
T 764 db  704 150 AStr 9  
T 764 db  704 160 LStr 10 
T 764 db  704 170 Dex  11 
T 764 db  704 180 Agi  10 
T 764 db  704 190 End  10 
T 764 db  704 200 Per  10 
T 764 db  704 210 Int  15 
T 764 db  704 220 Wis  10 
T 764 db  704 230 Will 11 
T 764 db  704 240 Cha  10 
T 764 db  704 250 Mana 9  
T 764 db  704 260 Ht   175 cm
T 764 db  704 270 Wt   98 kg
T 764 db  704 290 HP: 35/35
T 764 db  704 310 Gold: 45
T 764 db  704 330 UT lvl 1
T 764 db  704 340 Day  1
T 764 db  704 350 Time 14:30
T 764 db  704 360 Turn 191
T 764 buf 13 83       is transformed into a crumpled heap of bones.
T 764 buf 13 73       with your copper mace covered with blood +1! The skeleton of a erd-siren
T 764 buf 13 63 14:29 You strike the skeleton of a erd-siren! You advance to skill level 1
T 764 buf 13 53 14:29 The skeleton of a erd-siren hits you! You are not hurt.
T 764 buf 13 43       annihilated by a skeleton of a erd-siren. Score: 42. You die.
T 764 buf 13 33 14:29 The skeleton of a erd-siren critically hits you! Death message:
T 764 buf 13 23       a erd-siren hits you in the head! You are not hurt.
T 764 buf 13 13 14:29 The skeleton of a erd-siren hits you! You are not hurt. The skeleton of
T 764 db  465 165 0
T 764 db  16 8 Are you sure? You may be able to put it back... [y/N]
T 765 db  16 461 Belyer Asu the neutral human
T 765 db  704 150 AStr 9  
T 765 db  704 160 LStr 10 
T 765 db  704 170 Dex  11 
T 765 db  704 180 Agi  10 
T 765 db  704 190 End  10 
T 765 db  704 200 Per  10 
T 765 db  704 210 Int  15 
T 765 db  704 220 Wis  10 
T 765 db  704 230 Will 11 
T 765 db  704 240 Cha  10 
T 765 db  704 250 Mana 9  
T 765 db  704 260 Ht   175 cm
T 765 db  704 270 Wt   98 kg
T 765 db  704 290 HP: 35/35
T 765 db  704 310 Gold: 45
T 765 db  704 330 UT lvl 1
T 765 db  704 340 Day  1
T 765 db  704 350 Time 14:30
T 765 db  704 360 Turn 191
T 765 db  465 165 0
T 765 db  16 461 Belyer Asu the neutral human
T 765 db  704 150 AStr 9  
T 765 db  704 160 LStr 10 
T 765 db  704 170 Dex  11 
T 765 db  704 180 Agi  6  
T 765 db  776 180 10
T 765 db  704 190 End  10 
T 765 db  704 200 Per  10 
T 765 db  704 210 Int  15 
T 765 db  704 220 Wis  10 
T 765 db  704 230 Will 11 
T 765 db  704 240 Cha  10 
T 765 db  704 250 Mana 9  
T 765 db  704 260 Ht   175 cm
T 765 db  704 270 Wt   98 kg
T 765 db  704 290 HP: 35/35
T 765 db  704 310 Gold: 45
T 765 db  704 330 UT lvl 1
T 765 db  704 340 Day  1
T 765 db  704 350 Time 14:30
T 765 db  704 360 Turn 192
T 765 buf 13 83 14:30 You try to step through the web but your right leg sticks in it.
T 765 buf 13 73 14:30 Several items are lying here.
T 765 buf 13 63       is transformed into a crumpled heap of bones.
T 765 buf 13 53       with your copper mace covered with blood +1! The skeleton of a erd-siren
T 765 buf 13 43 14:29 You strike the skeleton of a erd-siren! You advance to skill level 1
T 765 buf 13 33 14:29 The skeleton of a erd-siren hits you! You are not hurt.
T 765 buf 13 23       annihilated by a skeleton of a erd-siren. Score: 42. You die.
T 765 buf 13 13 14:29 The skeleton of a erd-siren critically hits you! Death message:
T 765 db  465 165 0
# end frames=765
